StoreId,CompleteStoreName,FoodType,AverageRating,Reviewers,City,HasReviews,RatingForAnalysis
a0ce,Marugame Udon - Lucky Chinatown Mall,Japanese,5.0,597,Manila,True,5.0
a0ci,Max Mango - Bluewave Marikina,Beverages,5.0,259,Marikina,True,5.0
a0cm,Flavors Lounge + Cafe - Nasipit Talamban,Coffee,0.0,0,Cebu City,False,
a0d1,Holy Eats! 24/7,Asian,5.0,104,Pasig City,True,5.0
a0gr,McDonald's - Ormoc,Fast Food,5.0,7190,Ormoc Leyte,True,5.0
a0h5,Cebu Ramen Bar - Pama Street,Ramen,0.0,0,Cebu City,False,
a0j0,All Wings - EDSA,Chicken,4.8,34,Mandaluyong City,True,4.8
a0mh,Sisig Marino at iba pa - Menzyland Maunlad Homes,Filipino,5.0,259,Malolos Bulacan,True,5.0
a0o6,FIC (Fruits in Ice Cream) - Pasig,Ice Cream,5.0,26,Pasig City,True,5.0
a0tg,Shakey's Pizza - Festival Mall,Pizza,4.9,313,Muntinlupa City,True,4.9
a0vm,MicroBurger - Arellano Street,Burgers,3.4,236,Dagupan Pangasinan,True,3.4
a0wx,Hex Coffee - McKinley West,Coffee,5.0,26,Taguig City,True,5.0
a15j,Koomi - Shangri-La,Beverages,5.0,92,Mandaluyong City,True,5.0
a18q,Starbucks - Torre Lorenzo Malate,Coffee,5.0,747,Manila,True,5.0
a18z,Angkol J Special Baked Biko - Guadalupe,Filipino,5.0,279,Cebu City,True,5.0
a1b2,DAKS Shawarma by Boys Night Out - Manila,Shawarma,4.9,133,Manila,True,4.9
a1cd,The Master Tea & Coffee - Putatan,Milk Tea,4.9,700,Muntinlupa City,True,4.9
a1dr,Cobo Tea - Mandaue,Milk Tea,5.0,1097,Cebu City,True,5.0
a1ed,Tomekichi Takoyaki - Taguig,Takoyaki,5.0,2680,Taguig City,True,5.0
a1fk,Mama Valenciana - Greenhills,Filipino,5.0,233,San Juan,True,5.0
a1iu,The Kitchen Noypi - Quezon,Filipino,0.0,0,Quezon City,False,
a1ji,Ate Mar Kambingan - C P Garcia Highway,Filipino,4.9,1478,Davao City Davao Del Sur,True,4.9
a1li,High Tea - San Miguel,Milk Tea,5.0,1039,Manila,True,5.0
a1ow,Taho Klasiko - Mandaluyong,Desserts,5.0,107,Mandaluyong City,True,5.0
a1rz,Ross & Brew - Malolos,Milk Tea,5.0,279,Malolos Bulacan,True,5.0
a1tb,Yunah's Lechon Belly House - Pasay,Lechon,5.0,44,Pasay City,True,5.0
a1w2,J.CO Donuts & Coffee - Trinoma Mall,Donut,5.0,1607,Quezon City,True,5.0
a1xp,Driptea - Basak,Milk Tea,5.0,88,Lapu-Lapu City Cebu,True,5.0
a1y2,Marugame Udon - Robinsons Galleria,Japanese,5.0,951,Quezon City,True,5.0
a272,Avocadoria.ph - SM Mall of Asia,Desserts,0.0,0,Pasay City,False,
a29q,Ai - Ai Milktea Station - Country Homes Cabantian,Asian,4.9,61,Davao City Davao Del Sur,True,4.9
a29q,Ai Ai Milktea Station - Communal,Asian,4.9,57,Davao City Davao Del Sur,True,4.9
a2aj,Sisig Hooray - The Marketplace Shopping Mall,Sisig,4.9,220,Mandaluyong City,True,4.9
a2bg,The Mouthstash - Catalunan Pequeño,American,5.0,419,Davao City Davao Del Sur,True,5.0
a2bs,Cafe France - UERM,Sandwiches,4.9,74,Quezon City,True,4.9
a2ds,"Pizzeria, Pasta, Burgers, Sushi & Sweets by Chef Jessie",Sushi,4.8,518,Manila,True,4.8
a2ds,Jessie's Sushi - Biak na Bato,Sushi,4.8,518,Manila,True,4.8
a2f6,Mango Delight - Elias Street,Milk Tea,5.0,419,Manila,True,5.0
a2fg,Tom N Toms Coffee - Gaisano Island Mactan,Coffee,5.0,607,Lapu-Lapu City Cebu,True,5.0
a2fx,Crunch Time - N. Garcia,Fried Chicken,5.0,536,Makati City,True,5.0
a2i5,Ann G. Samgyupsal & Korean Food Product Trading - Santa Lucia,Ulam,0.0,0,Quezon City,False,
a2ih,Sugbahan - Elizabeth Mall,Fish,4.8,190,Cebu City,True,4.8
a2is,King Sisig - Shaw Boulevard,Sisig,5.0,733,Mandaluyong City,True,5.0
a2jd,Ribshack - SM City Cebu,Unknown,5.0,2095,Cebu City,True,5.0
a2jn,Nonki Japanese Restaurant - AutoVille Building,Japanese,5.0,488,Davao City Davao Del Sur,True,5.0
a2lm,Pizza Hut - Vista Mall Malolos,Pizza,5.0,1063,Malolos Bulacan,True,5.0
a2n2,Sip Up Coffee- Ususan Taguig City,Asian,0.0,0,Taguig City,False,
a2oh,Mango Magic - Robinsons Place Ormoc,Fruit Shake,5.0,658,Ormoc Leyte,True,5.0
a2pe,Ihaw ay Akin - Makati,Fast Food,4.8,186,Makati City,True,4.8
a2pw,The Original Pares Mami House - Amoranto,Filipino,5.0,13252,Quezon City,True,5.0
a2uw,Rita's Pancit Ng Taga Malabon - Ever Commonwealth,Noodles,0.0,0,Quezon City,False,
a2uz,"Baked Sushi, Wings, Italian Pizza & Cakes The Crave Café",Sushi,4.9,110,Manila,True,4.9
a2uz,Mr. Baked Sushi - Biak na Bato,Sushi,4.9,110,Manila,True,4.9
a2w1,Patty's Bakeshop - Colon Street 2,Bread,4.9,209,Cebu City,True,4.9
a2wr,Melton's Halo-Halo - Tabura Street,Halo-Halo,5.0,863,Cebu City,True,5.0
a2yl,Teriyaki Boy - C5 Heritage,Japanese,4.9,18,Taguig City,True,4.9
a300,Ihaw ay Akin - Pasig,Filipino,4.9,239,Pasig City,True,4.9
a308,Kosturiangel Restaurant Halal - Banawe,Indian,5.0,138,Quezon City,True,5.0
a312,HWKR in AbacaEats - Vista Mar Mactan,Asian,0.0,0,Lapu-Lapu City Cebu,False,
a336,Chicken Frontyard - Lahug,Asian,3.1,13,Cebu City,True,3.1
a33k,King Chef - West Avenue,Chinese,5.0,13,Quezon City,True,5.0
a34z,Saing Cafe - Villamor,Filipino,0.0,0,Manila,False,
a37k,Caffeena - Taft,Coffee,3.9,12,Manila,True,3.9
a39b,Jasmine - New World Hotel,Chinese,5.0,47,Makati City,True,5.0
a3af,Armenia’s Breads Cakes and Pastries - MacArthur Highway,Cakes,5.0,63,Malolos Bulacan,True,5.0
a3ah,Steamed Rice and Lamaw Ta Bai! - Banilad,Asian,4.8,286,Cebu City,True,4.8
a3dh,Old Saigon - Yakal,Asian,4.9,16,Makati City,True,4.9
a3ef,Jamba - SM Megamall,Beverages,5.0,278,Mandaluyong City,True,5.0
a3f6,Grateatude - Comembo,Beverages,4.9,148,Makati City,True,4.9
a3gc,Hen Lin - Diliman,Chinese,5.0,293,Quezon City,True,5.0
a3gr,K-Egg - Cybergate Cebu,Sandwiches,4.9,62,Cebu City,True,4.9
a3hr,Miguelito's Avocado Locco - SM City East,Ice Cream,5.0,241,Pasig City,True,5.0
a3ir,Brewkadahan Cafe,Filipino,0.0,0,Manila,False,
a3n2,Big Boks - Marikina,Chicken,0.0,0,Marikina,False,
a3rv,Thai Dara - Pioneer Center,Thai,5.0,492,Pasig City,True,5.0
a3t1,MARUNISHI JAPANESE RAMEN,Japanese,0.0,0,Manila,False,
a3yu,Serenitea - Estancia Mall,Milk Tea,5.0,910,Pasig City,True,5.0
a44p,Scout's Honor - Public Eatery,Desserts,4.9,11,Quezon City,True,4.9
a45v,Cookies n' Dream - Lapu-Lapu City,Cakes,5.0,316,Lapu-Lapu City Cebu,True,5.0
a46d,Buko Express - WMall Macapagal,Fruit Shake,5.0,12,Pasay City,True,5.0
a47s,Maboy's Food House - Talamban,Filipino,5.0,170,Cebu City,True,5.0
a4bn,Breakfast Club - Pasig,Filipino,5.0,1547,Pasig City,True,5.0
a4dd,Ben's Cookies - Mall of Asia,Desserts,5.0,87,Pasay City,True,5.0
a4lb,KFC - Ayala Cebu 2,Fast Food,5.0,3119,Cebu City,True,5.0
a4ml,Paik's Coffee - BGC,Beverages,5.0,12,Taguig City,True,5.0
a4pv,Serenitea - Victoria Plaza,Milk Tea,5.0,1238,Davao City Davao Del Sur,True,5.0
a4rt,Mang Inasal - Ayala Arvo,Chicken,5.0,4445,Marikina,True,5.0
a4z4,Lorenzo's Cafe - Junquera,Coffee,5.0,11,Cebu City,True,5.0
a5cf,Sam Janella's Ihaw Ihaw House - Pasay,Filipino,4.8,382,Makati City,True,4.8
a5cs,Mamay's Tapsilogan - Albina,Filipino,4.9,807,Manila,True,4.9
a5hg,Earl of Sandwich - Estancia Mall,Sandwiches,5.0,168,Pasig City,True,5.0
a5jw,Teng-Teng Panciteria - Tañong Marikina,Filipino,5.0,2790,Marikina,True,5.0
a5ku,Italianni's - Robinsons Magnolia,Italian,0.0,0,Quezon City,False,
a5r3,Bibingkinitan - SM San Lazaro,Desserts,5.0,73,Manila,True,5.0
a5tb,Flavor Impact - Diliman,Asian,4.9,39,Quezon City,True,4.9
a5v4,Watami - Conrad,Japanese,0.0,0,Pasay City,False,
a5va,PICKUP COFFEE - Ayala Mall Feliz,Coffee,5.0,46,Pasig City,True,5.0
a5xm,Boba Ka Tea - Holy Spirit,Beverages,4.9,227,Quezon City,True,4.9
a61g,Sugar Buddies - Mactan Town Center,Coffee,0.0,0,Lapu-Lapu City Cebu,False,
a63o,M- Food Hub - The Manila Residences Tower II,Fast Food,4.9,49,Manila,True,4.9
a64p,Pasta Italliana - Biak na Bato,Pasta,5.0,433,Manila,True,5.0
a64t,Cafe del Pasig - One Victoria Plaza and Bazaar,Coffee,0.0,0,Pasig City,False,
a68i,Frankie's New York Buffalo Wings - Robinsons Place Manila,Chicken Wings,5.0,216,Manila,True,5.0
a6a5,Pop's & Marb's Silogan - B Aranas Extension,Silog,4.8,14,Cebu City,True,4.8
a6cs,Cobo Tea - Ayala Center Cebu,Milk Tea,5.0,1101,Cebu City,True,5.0
a6dd,D' Original Pares - Pasig,Filipino,5.0,3346,Pasig City,True,5.0
a6lz,Nono's - Uptown Mall,Sandwiches,5.0,87,Taguig City,True,5.0
a6n7,Terry's Bistro - Molito Lifestyle Center,Filipino,4.9,13,Muntinlupa City,True,4.9
a6nk,Don Benito's - Taguig,Cakes,5.0,497,Taguig City,True,5.0
a6nw,Rackuz Home of the Best Crispy Pata - Camarilla,Filipino,5.0,1122,Quezon City,True,5.0
a6ou,Takam - Alabang Zapote Road,Filipino,5.0,109,Muntinlupa City,True,5.0
a6qe,Tiger Winx - UST,Chicken,5.0,2392,Manila,True,5.0
a6si,Libertea Milktea -  Emerald Avenue,Milk Tea,5.0,188,Pasig City,True,5.0
a6tk,CCYG Chung Choon Yeon Ga 청춘연가 - Malate,Korean,5.0,608,Manila,True,5.0
a6wb,Kapwerte Cafe,Coffee,0.0,0,Marikina,False,
a6wy,Potato Corner - Newport Mall Resorts World Manila,Fries,4.9,65,Pasay City,True,4.9
a6zl,Bambino's Kitchen - Sun Valley,Filipino,5.0,11,Cebu City,True,5.0
a713,Wow Shawarma P.Campa-Delos Reyes,Shawarma,4.9,12,Manila,True,4.9
a76f,Cheers Minimart and Food - DRB Building,Rice Dishes,0.0,0,Quezon City,False,
a7bt,May Abohan - Gaisano Capital SRP,Filipino,5.0,391,Cebu City,True,5.0
a7bw,Bully Buffalo - Recto,Rice Dishes,4.9,15,Manila,True,4.9
a7fr,Lawson Cup & Go - Reach,Coffee,4.9,40,Pasay City,True,4.9
a7ix,Bacolod House - Bago Bantay,American,4.9,815,Quezon City,True,4.9
a7js,The Meating Place Korean BBQ Grill Co - Sandoval Ave.,Japanese,4.9,260,Pasig City,True,4.9
a7lj,Dad'z Food Hub - Belleza Street,Takoyaki,0.0,0,Cebu City,False,
a7md,I Love Milktea - Mendiola,Milk Tea,4.8,58,Manila,True,4.8
a7tc,CUPS - Diliman,Coffee,0.0,0,Quezon City,False,
a7tv,MANNA Food From Heaven - Regalado Avenue,Chicken Wings,4.9,42,Quezon City,True,4.9
a7ut,Foe Food Station - Metro Bank Avenue,Siomai,0.0,0,Pasay City,False,
a7xd,Pizzatalk - Greenville Commercial Building,Pizza,5.0,504,Taguig City,True,5.0
a7xr,Ice Tag Cafe - Sobrecary,Milk Tea,5.0,1602,Davao City Davao Del Sur,True,5.0
a7zn,Andy's Famous Batangas Lomi & Bulalo - Kaunlaran Street,Filipino,5.0,789,Marikina,True,5.0
a8a9,Uncle Brew - Prime Pardo,Coffee,5.0,20,Cebu City,True,5.0
a8ax,Cafe 2.0 - Mandaluyong,Beverages,4.8,64,Mandaluyong City,True,4.8
a8dj,Master Gaw 24/7 - Fairview QC,Chicken,5.0,123,Quezon City,True,5.0
a8ii,KFC - Marbel,Fast Food,5.0,3890,Koronadal South Cotabato,True,5.0
a8ks,Taco Bo's Deluxe,Shawarma,4.8,37,Lapu-Lapu City Cebu,True,4.8
a8m4,Primo’s Unlimited Bucket Wings - Comembo,Chicken Wings,0.0,0,Taguig City,False,
a8rg,Siomai House - Ayala Malls Feliz,Siomai,5.0,107,Pasig City,True,5.0
a8sp,Taylor's Play Cafe - Circulo Verde,Beverages,0.0,0,Quezon City,False,
a8u0,Choi Garden - Annapolis,Chinese,0.0,0,San Juan,False,
a8ub,Modern Shanghai - My South Hall,Chinese,0.0,0,Pasay City,False,
a8vo,Bros Ribs And Steaks Corner - Tahimik Avenue,Filipino,4.7,455,Davao City Davao Del Sur,True,4.7
a8vp,Chang Tea - Mabini,Milk Tea,5.0,499,Valencia Bukidnon,True,5.0
a8xf,Chowking - San Pedro,Fast Food,4.9,4642,Davao City Davao Del Sur,True,4.9
a8z7,Keto Filipino,Unknown,0.0,0,Quezon City,False,
a8za,Baga Burger - Tumana Marikina,Burgers,5.0,97,Marikina,True,5.0
a8ze,Aling Banang This Is It Pancit! - Nagtahan,Asian,5.0,6304,Manila,True,5.0
a90r,Palamilk Tea - Laong Laan Road,Milk Tea,5.0,199,Manila,True,5.0
a92y,24 Chicken - Gensan Drive,Fried Chicken,5.0,1460,Koronadal South Cotabato,True,5.0
a935,3M's Food Hub - Buhangin,Korean,5.0,152,Davao City Davao Del Sur,True,5.0
a93d,Great Greens: Salads & Grains - Marikina Heights,Salads,5.0,464,Marikina,True,5.0
a93z,Pad Thai Goong - Escario Street,Thai,4.9,246,Cebu City,True,4.9
a9ap,Infinitea - N Domingo,Milk Tea,4.9,158,San Juan,True,4.9
a9bj,Breakfast Club - Salcedo,Filipino,5.0,541,Makati City,True,5.0
a9jh,Chick Boy - Arellano Street,Chicken Wings,4.9,418,Koronadal South Cotabato,True,4.9
a9ko,Ala Arozzcaldo - Abad Santos,Korean,5.0,152,Koronadal South Cotabato,True,5.0
a9l9,Boiling Shrimp Hauz - Basak,Filipino,5.0,272,Lapu-Lapu City Cebu,True,5.0
a9of,Baked Puff - SM NORTH,Desserts,0.0,0,Quezon City,False,
a9s1,Krazy Garlik - One Ayala,Asian,0.0,0,Makati City,False,
a9uo,Caffe Angelito Coffee and Juice Bar - Tapuac,Pizza,5.0,200,Dagupan Pangasinan,True,5.0
aa4l,Egg Bomb - Unlad Condominium,Korean,5.0,1519,Manila,True,5.0
aa82,Ala Eh! Batangas Lomi at Pares - P. Campa,Lomi,4.6,259,Manila,True,4.6
aaao,Bamboo Cafe PH,Beverages,5.0,42,Marikina,True,5.0
aac3,J&G Fried Chicken and Gong cha - Estancia,Fried Chicken,5.0,152,Pasig City,True,5.0
aadc,Hotbox PH Self-heating Food Box,Filipino,4.8,23,Makati City,True,4.8
aaju,Ate Rica's Bacsilog - Ayala Malls Marikina,Silog,5.0,86,Marikina,True,5.0
aams,Iced Earth - JP Laurel Avenue,Ice Cream,0.0,0,Davao City Davao Del Sur,False,
aaq5,Type A Coffee - Sheridan,Coffee,0.0,0,Mandaluyong City,False,
aaql,Mr Shaw Shawarma - Susano,Shawarma,0.0,0,Quezon City,False,
aawo,Magoo's Pizza - Q Plaza,Pizza,5.0,77,Makati City,True,5.0
ab1h,KYUKYU RAMEN 99 - Fairview Terraces,Ramen,5.0,207,Quezon City,True,5.0
ab8v,Chicken Star - General Avenue,Fried Chicken,4.7,401,Quezon City,True,4.7
aba0,Torisho - SM North Edsa,Ramen,0.0,0,Quezon City,False,
abeh,Conti's Bakeshop and Restaurant - Westgate Alabang,Cakes,5.0,286,Muntinlupa City,True,5.0
abhu,CHN CAFE MAKATI,Coffee,0.0,0,Makati City,False,
abkj,Mang Binatog - Robinsons Place Manila,Filipino,5.0,162,Manila,True,5.0
ablh,Famous Belgian Waffles - Shaw Center Mall,Pancakes & Waffles,5.0,46,Mandaluyong City,True,5.0
abnc,CoCo Fresh Tea & Juice - SM Mall of Asia,Milk Tea,5.0,4008,Pasay City,True,5.0
ac4t,15coffee PH - Diliman,Coffee,0.0,0,Quezon City,False,
ac5f,Red Lotus by Modern Shang - BGC,Asian,0.0,0,Taguig City,False,
acbt,K-Egg Spark Place - Quezon City,Korean,4.9,13,Quezon City,True,4.9
acea,Pan De Manila - Jaboneros,Bread,5.0,79,Manila,True,5.0
aced,RBX Rice in a Box - Puregold Makati,Fast Food,5.0,144,Makati City,True,5.0
ache,Kenny Rogers Roasters - Muntinlupa,Chicken,5.0,143,Muntinlupa City,True,5.0
acil,GRIFONI'S - Alabang Town Center,Pizza,0.0,0,Muntinlupa City,False,
acjo,Daily Lemon - Fuente Osmeña Circle,Fruit Shake,0.0,0,Cebu City,False,
acnq,Bowlsome Healthy Bowls - Sampaloc,Rice Bowl,5.0,99,Manila,True,5.0
acrw,Mang Tomas Ganado Express by Cloudeats - Makati,Sisig,0.0,0,Makati City,False,
acua,Moonleaf Tea Shop - Xavier San Juan,Beverages,0.0,0,San Juan,False,
ad13,Jollybear - Marfori,Fried Chicken,1.7,27,Davao City Davao Del Sur,True,1.7
ad80,The Plant-Based Project - Malingap Street,Unknown,5.0,124,Quezon City,True,5.0
adah,Mango Magic - NGI Market,Beverages,5.0,56,Marikina,True,5.0
adau,Cafe Libro,Coffee,0.0,0,Davao City Davao Del Sur,False,
adfn,Johnn Lemon - Robinsons Cybergate Davao,Beverages,5.0,191,Davao City Davao Del Sur,True,5.0
adnm,Dreamerscorner PH,Filipino,0.0,0,Quezon City,False,
adxf,Victorino's Restaurant - Scout Rallos,Filipino,5.0,61,Quezon City,True,5.0
ae0h,Deliziosa PH - Sampaloc,Coffee,4.9,28,Manila,True,4.9
ae27,The Aristocrat Restaurant - Quezon Memorial Circle,Filipino,5.0,504,Quezon City,True,5.0
ae3b,Momo Egg Drop - Shell Malolos,Sandwiches,0.0,0,Malolos Bulacan,False,
ae4t,Timplang Pinoy: Filipino Eats - Kapitolyo,Filipino,4.8,64,Pasig City,True,4.8
ae5l,Four30 Gastropub - Tomas Morato Avenue,Sisig,0.0,0,Quezon City,False,
ae61,Wings & Chops - UN Square Mall,Chicken Wings,4.8,14,Manila,True,4.8
aeg0,Ong's Maki Restaurant - Antipolo Street,Chinese,0.0,0,Manila,False,
aeg4,TaraDito Snack Bar,American,5.0,27,Marikina,True,5.0
aegg,MPC Pigar Pigar - Galvan Street,Filipino,5.0,1361,Dagupan Pangasinan,True,5.0
aek5,Momo Korean Egg Drop - MOA,Korean,0.0,0,Pasay City,False,
aem3,Single Origin – Capitol Commons,Pasta,0.0,0,Pasig City,False,
aepy,Bo's Coffee - Classica Tower,Coffee,5.0,2332,Makati City,True,5.0
aeq9,Tapsi ni Papsi - Lark Street,Silog,0.0,0,Marikina,False,
aetj,Tagaytay Bulalo Specials - Roosevelt Avenue,Soups,5.0,230,Quezon City,True,5.0
aetu,Rita's Pancit Ng Taga Malabon - Robinsons Galleria,Noodles,0.0,0,Quezon City,False,
aezx,Masa Madre Bakehouse - 11th Avenue,Filipino,0.0,0,Taguig City,False,
af08,Taho Story - GH Mall,Filipino,0.0,0,San Juan,False,
af2m,Handsome Chicken,Chicken,0.0,0,Makati City,False,
af7x,Choi Garden - Gateway Mall 2,Chinese,0.0,0,Quezon City,False,
afbt,Manna Korean Restaurant - Sm Lanang,Korean,4.9,114,Davao City Davao Del Sur,True,4.9
afe6,Sulit Shawarma! - Makati,Shawarma,4.8,589,Makati City,True,4.8
afl8,Bheng's Homemade -Purok 6 Santisima Trinidad,Korean,4.8,23,Malolos Bulacan,True,4.8
afnk,Soy & Bean - Taft Avenue,Healthy,4.9,129,Manila,True,4.9
afqt,Why Chicken - Marikina - Bayan-Bayanan Avenue,Biryani,5.0,140,Marikina,True,5.0
afrz,Hong Kong style Noodles and Dimsum - Puregold Nangka,Asian,0.0,0,Marikina,False,
afw4,Little Ice Age - Lacson Avenue,Filipino,0.0,0,Manila,False,
afx4,Daily by Bo's Coffee - Marcelo Koronadal,Coffee,5.0,305,Koronadal South Cotabato,True,5.0
afxq,Streetfood Ta Bai! - Rosedale Place,Asian,4.8,447,Cebu City,True,4.8
afxs,Ristorante Bigoli - SM City Southmall,Pasta,5.0,49,Muntinlupa City,True,5.0
ag1z,All Wings - Alabang,Chicken Wings,0.0,0,Muntinlupa City,False,
ag27,Mang Biryani - Acacia Street,Biryani,5.0,15,Makati City,True,5.0
ag5i,Mark's Pepper Meal - Sugbo Mercado IT Park,Rice Bowl,5.0,50,Cebu City,True,5.0
agai,Popeyes Chicken - UP Town Center,Chicken,4.9,1592,Quezon City,True,4.9
agg8,Binalot - Market! Market!,Filipino,5.0,486,Taguig City,True,5.0
agj7,Popeyes Chicken - Market! Market!,Chicken,5.0,3705,Taguig City,True,5.0
agju,Blessed Bhiestro - Marikina Heights,Italian,5.0,339,Marikina,True,5.0
agmj,Pinoy Food Taste - Matina Aplaya,Filipino,4.9,478,Davao City Davao Del Sur,True,4.9
agmq,ChizMozza - Festival Mall Alabang,American,4.9,16,Muntinlupa City,True,4.9
agpg,Winnia Indian Restaurant - Mango Avenue,Curry,4.8,44,Cebu City,True,4.8
agrt,Everyday Ulam- Quezon City,Filipino,0.0,0,Quezon City,False,
agse,Sisig Hooray - Robinsons Place Manila,Sisig,4.2,156,Manila,True,4.2
ah1v,Happy Days Cafe - Diversion Road,Snacks,0.0,0,Davao City Davao Del Sur,False,
ah1w,Saad's Kitchenette - Mercato de Mactan,Indian,0.0,0,Lapu-Lapu City Cebu,False,
ah4r,Yoshinoya - Ever Commonwealth,Asian,4.8,34,Quezon City,True,4.8
ah76,Lucciola Kitchen & Bar - 94 Avisha Center,Western,5.0,142,Marikina,True,5.0
ah9y,"K Street Food, Silog and Milktea - Pardo Tambayan",Korean,4.9,539,Cebu City,True,4.9
ahc3,Kabute Corner - Veterans Village,Pasta,0.0,0,Quezon City,False,
ahhe,Original Bakery - Ayala Malls Cloverleaf,Snacks,0.0,0,Quezon City,False,
ahjv,Tiger Sugar - SM Fairview,Milk Tea,4.9,60,Quezon City,True,4.9
ahl4,House of Sinangag - Midtown Subdivision,Filipino,4.7,88,Marikina,True,4.7
ahsh,Forkfully - Tapuac,Burgers,4.5,14,Dagupan Pangasinan,True,4.5
ai1e,Hybrid Coffee - Humay-Humay Road,Coffee,5.0,2312,Lapu-Lapu City Cebu,True,5.0
ai1t,Pong Cafe,Desserts,0.0,0,Pasay City,False,
aid6,Mango Royal Milkshake - San Joaquin,Fruit Shake,5.0,685,Pasig City,True,5.0
aigv,Flaky Co - SM North EDSA,Bread,5.0,14,Quezon City,True,5.0
aihz,Starbucks - SM Muntinlupa,Coffee,5.0,130,Muntinlupa City,True,5.0
aikd,Ko-Tea - North Fairview,Milk Tea,0.0,0,Quezon City,False,
aiq4,Koomi - Market! Market!,Beverages,4.9,42,Taguig City,True,4.9
aiqe,Wing Express - Urbano Velasco Avenue,Chicken Wings,5.0,64,Pasig City,True,5.0
aixz,Bashh - Matina Aplaya,Coffee,5.0,394,Davao City Davao Del Sur,True,5.0
aj0t,Dylan Gourmet Cafe - SM North Edsa,Pasta,0.0,0,Quezon City,False,
aj21,Tropical Hut - Buendia,Burgers,5.0,4083,Makati City,True,5.0
aj68,Roxsie's Sinugba - Nagkaisang Nayon,Filipino,0.0,0,Quezon City,False,
aj8g,Cusina by Albergus - ATC,Snacks,0.0,0,Muntinlupa City,False,
aj8l,Turks - SM MOA Terminal Main,Shawarma,0.0,0,Pasay City,False,
ajd8,Gamut Bar + Kitchen - General Lim Street,Coffee,0.0,0,Cebu City,False,
ajdc,Island Samgyupsal - BELEN ROAD,Korean,5.0,128,Davao City Davao Del Sur,True,5.0
ajdg,Heavenly Desserts by Chef Jeng - Ayala Malls The 30th,Cakes,5.0,58,Pasig City,True,5.0
ajkq,Mr Pugo - D Veloso,Filipino,5.0,679,Ormoc Leyte,True,5.0
ajow,Biryani Express - San Rafael Street,Biryani,4.9,42,Manila,True,4.9
ajp0,239 coffee + dessert,Filipino,0.0,0,Quezon City,False,
ajqt,Burgstea - Lakandula Street,Burgers,4.2,11,Manila,True,4.2
ajtk,Reyna Fried Chicken - Quezon Avenue,Chicken,3.6,43,Quezon City,True,3.6
ajum,Humble Bee  - Zone 4,Snacks,0.0,0,Koronadal South Cotabato,False,
ajzd,Bantayan Burrito Company - City Time Square,Filipino,5.0,259,Cebu City,True,5.0
ajzq,Drip & Dip Takoyaki Oct-Chi - Anda,Takoyaki,4.8,84,Davao City Davao Del Sur,True,4.8
ajzy,Flower Ranch Cafe - Shaw Boulevard,Beverages,0.0,0,Mandaluyong City,False,
ak43,Red Lotus by Modern Shang - Shangri-La Plaza,Asian,0.0,0,Mandaluyong City,False,
ak4k,King Chef - Makati,Chinese,0.0,0,Makati City,False,
ak5p,P. Donuts - Gaisano Mall,Cakes,0.0,0,Davao City Davao Del Sur,False,
ak89,E&E's Takuyaki - One Pavillion Mall,Takoyaki,5.0,444,Cebu City,True,5.0
akc7,Fruitas - NCCC VP Mall,Fruit Shake,0.0,0,Davao City Davao Del Sur,False,
akqs,The Green Menu - Kapitolyo,Healthy,5.0,335,Pasig City,True,5.0
akwj,Modern Table (Capitol Commons Pasig),Filipino,0.0,0,Pasig City,False,
alb0,Macao Imperial Tea - Ayala Center Cebu,Beverages,5.0,863,Cebu City,True,5.0
alfl,Dumbo Coffee,Beverages,0.0,0,Muntinlupa City,False,
alk1,Taste of Punjab Indian Restaurant - Dagupan Pangasinan,Indian,4.6,11,Dagupan Pangasinan,True,4.6
allk,Wildflour Cafe + Bakery - Greenbelt,American,4.8,169,Makati City,True,4.8
alqw,Sabai Sabai a Thai Kitchen - Fuente,Filipino,4.7,20,Cebu City,True,4.7
alva,Khao Khai Thai Chicken House - SM Manila,Thai,5.0,526,Manila,True,5.0
alzx,Hongkong Style Fried Noodles & Dimsum - Arnaiz,Noodles,5.0,29,Pasay City,True,5.0
am0n,Ethan King's Food House - Honorio Lopez Boulevard,Chicken,4.9,73,Manila,True,4.9
am40,MANGO LOVE PH - CAPITOL HILLS,Desserts,0.0,0,Quezon City,False,
am53,Panda Express - Robinsons Place Manila,Snacks,5.0,1074,Manila,True,5.0
am77,Keffir - UNO Cinquenta Maginhawa,Beverages,5.0,20,Quezon City,True,5.0
am7t,Cabalen Plus - Glorietta 2,Ulam,4.8,75,Makati City,True,4.8
ameb,Kian's Brew Café - Mabini Street,Coffee,5.0,35,Koronadal South Cotabato,True,5.0
amis,"Genger's Bread house Coffee & Tea - Abuno, Pajac",Coffee,4.9,110,Lapu-Lapu City Cebu,True,4.9
amoc,Icebergs - Ust Multi Deck Carpark,Ulam,5.0,51,Manila,True,5.0
amp7,Balai Kaffa Cafe + All Day Breakfast - Sta. Ana,Coffee,5.0,151,Manila,True,5.0
amqk,Boomdogs - UN Square,American,4.8,44,Manila,True,4.8
amrm,Kape Sur - Cardinal Rosales Avenue,Coffee,5.0,23,Cebu City,True,5.0
amtc,Mangan - Glorietta 2,Ulam,4.9,253,Makati City,True,4.9
amzg,KAPEpito's - Juan Luna,Beverages,0.0,0,Manila,False,
an1j,LanDang's Dynamite Lumpia - Opon Merkado,Siomai,0.0,0,Lapu-Lapu City Cebu,False,
anct,Togo Coffee- Cityland Makati,Beverages,0.0,0,Makati City,False,
aniq,Mr Chow-Fun by Rudy's - 6th Street Silog Meals and Lutong Bahay,Filipino,4.9,23,Marikina,True,4.9
anje,Happy Cup - Central Signal,Milk Tea,4.9,173,Taguig City,True,4.9
anjj,Appeteazing Manila,Beverages,0.0,0,Manila,False,
ank0,Papa Bagnet - Asturias Street,Liempo,4.9,119,Manila,True,4.9
anm2,Juice Juicy - Waltermart Guiguinto,Beverages,5.0,127,Malolos Bulacan,True,5.0
anod,Bukorific Shake - Grocery Pacific Mall,Fruit Shake,4.9,13,Cebu City,True,4.9
anpu,KYUKYU RAMEN 99 - NBS Commercial Complex,Ramen,5.0,395,Quezon City,True,5.0
anu4,Manam's Pancit Pancitan - Fairview,Filipino,4.9,209,Quezon City,True,4.9
anuk,Happy Lemon - GMall of Cebu,Snacks,5.0,73,Cebu City,True,5.0
ao41,2FIVE8 Rice Meal - The Coast,Rice Bowl,4.4,23,Cebu City,True,4.4
aof2,Crunch Time - Canley,Fried Chicken,5.0,89,Pasig City,True,5.0
aohh,Papa Jan's Pasta - Mactan,Pasta,5.0,56,Lapu-Lapu City Cebu,True,5.0
aoiy,Tonala Mexican Food - SM Lanang,Western,0.0,0,Davao City Davao Del Sur,False,
aom9,Faradize Burger - Saint Mary Street,Burgers,4.9,325,Quezon City,True,4.9
aomu,Anyhow Inasal - Cuasay,BBQ,5.0,77,Taguig City,True,5.0
aop7,Kushizaru Japanese Restaurant - Makati,Rice Bowl,0.0,0,Makati City,False,
aord,Cravings Signatures - White Plains,Pasta,0.0,0,Quezon City,False,
aorz,Lucky Boba Milktea - Mercedes Avenue,Milk Tea,5.0,857,Pasig City,True,5.0
aouk,Yum Food Hub - San Marcelino Street,Filipino,4.9,61,Manila,True,4.9
aov6,"Boba Milk and Tea PH Hub, Ayala Malls the 30th",Filipino,0.0,0,Pasig City,False,
aoyv,Majestea Coffee - Paco Mall,Coffee,5.0,32,Manila,True,5.0
ap1u,Queen and Princess - Dampa sa Timog,Filipino,5.0,417,Quezon City,True,5.0
ap60,ZUS Coffee - Ayala Malls Marikina,Coffee,5.0,316,Marikina,True,5.0
ap7n,Thai-Noy Cuisine - P.burgos,Thai,5.0,284,Makati City,True,5.0
ap9i,"Diner Daddy: Burgers, Chicken & More - Pasay",Burgers,4.9,374,Pasay City,True,4.9
ap9j,Candy Corner - SM Megamall,Snacks,0.0,0,Mandaluyong City,False,
apmh,121 Cafe - Dona Francisca Home Basketball Court,Coffee,5.0,11,Davao City Davao Del Sur,True,5.0
apop,Earle's Delicatessen - South Supermarket,Sandwiches,5.0,45,Muntinlupa City,True,5.0
apqm,Angel's Pizza - Lucao,Pizza,5.0,373,Dagupan Pangasinan,True,5.0
apu6,Samgyup Sa Bahay - The Cabanas Mall,Filipino,5.0,32,Malolos Bulacan,True,5.0
apwu,Kohi Kurabu Cafe - Marikina,Coffee,4.8,12,Marikina,True,4.8
apx9,Friesday - Pio Del Pilar,Snacks,4.9,212,Makati City,True,4.9
apzw,Panda Express - Festival Mall,Rice Bowl,4.9,100,Muntinlupa City,True,4.9
aq15,Alberto's Pizza - Tisa,Pizza,5.0,2380,Cebu City,True,5.0
aq1f,Matsuri Bento - Sampaloc,Japanese,5.0,44,Manila,True,5.0
aq6a,Luk Yuen - Capitol Commons,Chinese,5.0,822,Pasig City,True,5.0
aq8g,Kailuh's Grill - Pinagbakahan Malolos,Filipino,4.0,124,Malolos Bulacan,True,4.0
aq9p,Kodawari - Salcedo,Japanese,4.8,11,Makati City,True,4.8
aqn9,Hummus x Wings - Escriva Drive,Unknown,0.0,0,Pasig City,False,
aqv4,Angel's Pizza - Muntinlupa,Pizza,4.9,143,Muntinlupa City,True,4.9
aqyb,JH Garden Cafe & Restaurant-Matina,Coffee,0.0,0,Davao City Davao Del Sur,False,
ar2o,El Pollo Loco - Mckinley,American,0.0,0,Taguig City,False,
ar5y,ICHO Japanese Restaurant - Annapolis,Japanese,5.0,27,San Juan,True,5.0
ar6h,Shawarma Shack - Malibay,Shawarma,5.0,89,Pasay City,True,5.0
ar6n,Thokwings - Ilocus Sur Street,Chicken Wings,5.0,435,Quezon City,True,5.0
araa,Jabroni’s NYC Pizza - Molito,Pizza,0.0,0,Muntinlupa City,False,
arc3,Gotchu Jang: Korean Bowls - Malolos,Korean,5.0,329,Malolos Bulacan,True,5.0
arew,Tropical Hut - Escolta Street,Burgers,5.0,2236,Manila,True,5.0
arg5,Chewychips Cookies and Cafe - Makati,Desserts,5.0,72,Makati City,True,5.0
ari7,Aravalli Restaurant - South Star Plaza,Indian,5.0,22,Makati City,True,5.0
arjr,Taho Story - P. Guevarra,Filipino,0.0,0,San Juan,False,
arjs,FRESHDROP - General Menez Street,Korean,4.9,83,Marikina,True,4.9
arn3,Mood & Coffee - La Salle Taft,Coffee,5.0,335,Manila,True,5.0
aroj,Shakey's Pizza - UP Shopping Center,Chicken,0.0,0,Quezon City,False,
arqg,Mango Go Yow - Crame,Fruit Shake,5.0,753,Quezon City,True,5.0
arvz,Liang Crispy Roll - Uptown Mall,Chinese,5.0,57,Taguig City,True,5.0
arw4,True Boss - Enterprise Center,Beverages,5.0,22,Makati City,True,5.0
arw5,Theo's Cafe,Beverages,0.0,0,Mandaluyong City,False,
arxz,LITTLE JEJU RESTAURANT - Salcedo Village,Sushi,4.9,37,Makati City,True,4.9
arz4,B1T1 Takeaway Coffee - South Station Alabang,Coffee,0.0,0,Muntinlupa City,False,
as3m,Machi Mango - Puregold España,Fruit Shake,0.0,0,Manila,False,
as4j,JF Kitchenette - Levina Place,Silog,0.0,0,Pasig City,False,
as98,De Original Jamaican Pattie Shop and Juice Bar - PSE Tektite Towers,Filipino,5.0,57,Pasig City,True,5.0
asam,Avo Bravo - Welcome Hub,Desserts,4.0,30,Quezon City,True,4.0
asaz,Partners Pares - Alvarez,Filipino,5.0,441,Manila,True,5.0
asl1,17th Ave Coffee - Liloan,Coffee,5.0,26,Cebu City,True,5.0
aslj,TBC Cafe- Fairlane,Coffee,4.9,51,Quezon City,True,4.9
asoa,YANG CHOW DIMSUM TEA HOUSE - White Plains,Chinese,0.0,0,Quezon City,False,
asrc,Bert's Taste,Coffee,0.0,0,Manila,False,
ass8,8Stax Chicken - Dapitan,Chicken,0.0,0,Manila,False,
assx,Streetside Pizza - Kamuning Road,Pizza,5.0,329,Quezon City,True,5.0
astz,Makaan Indian Cafe - Maginhawa,Indian,4.5,48,Quezon City,True,4.5
aswx,Zhazemaki Prepared Meal Manufacturing - 19th Street,Japanese,4.8,269,Taguig City,True,4.8
aszk,Jail Pop - Artiaga Street,Fried Chicken,4.9,50,Davao City Davao Del Sur,True,4.9
at7q,Coffee Spot - V Luna Corner East Avenue,Coffee,5.0,10,Quezon City,True,5.0
at8v,Pungko-Pungko sa Terminal,Filipino,0.0,0,Cebu City,False,
at8v,DC Food Hub - J Alcantara Street,Filipino,0.0,0,Cebu City,False,
ata6,Egg Stop Jr. - Centris,Sandwiches,0.0,0,Quezon City,False,
ataf,Pareng Tolitz Food House - R Castillo,Noodles,5.0,133,Davao City Davao Del Sur,True,5.0
atah,Love and Coffee,Beverages,0.0,0,Mandaluyong City,False,
atak,Tagaytay Bulalo Specials - Putatan Muntinlupa,Bulalo,4.9,99,Muntinlupa City,True,4.9
atbo,Frying Chicken - Century Mall Makati,Chicken,4.8,17,Makati City,True,4.8
atc4,Itsumo Ramen Bar - Lucao District,Japanese,5.0,172,Dagupan Pangasinan,True,5.0
atfy,VICAFE - 21 CM RECTO EXTENSION,Filipino,0.0,0,Marikina,False,
atkr,Angel's Pizza Pasta Combo - Assada Centre,Pizza,5.0,840,Dagupan Pangasinan,True,5.0
atmy,Samgyupsal in a Box - Poblacion,Rice Dishes,4.8,40,Davao City Davao Del Sur,True,4.8
atqt,Spica Coffee Shop - C M Recto,Coffee,4.9,17,Davao City Davao Del Sur,True,4.9
atyt,Pizzaderia - Malolos,Pizza,5.0,445,Malolos Bulacan,True,5.0
au8d,Pan De Manila - Valero,Bread,5.0,157,Makati City,True,5.0
aucb,Korean Street Food - North Olympus,Korean,4.9,425,Quezon City,True,4.9
aueh,Fabrique - Public Eatery at Robinsons Magnolia,Bread,5.0,12,Quezon City,True,5.0
auh3,Mango Series - Araro Street,Fruit Shake,5.0,252,Makati City,True,5.0
auqj,Friends Fries - Marikina,Snacks,0.0,0,Marikina,False,
auqj,Friends Fries - Concepcion Uno,Snacks,0.0,0,Marikina,False,
auqo,Tokyo Prime - N S Amoranto,Silog,0.0,0,Quezon City,False,
aur2,Anin's Bar & Grill- Padre Gomez,Ulam,0.0,0,Davao City Davao Del Sur,False,
aurm,Mabolo Brew,Beverages,4.9,10,Malolos Bulacan,True,4.9
ausw,Hap Chan - SM City Davao Ecoland,Chinese,4.8,27,Davao City Davao Del Sur,True,4.8
auus,Buchi and Co. - 18 Maria Street,Snacks,0.0,0,Pasig City,False,
auvh,Boodle Fight sa Bilao - Sta. Ana,Filipino,4.9,34,Manila,True,4.9
auxi,Friangle - Shoppesville,Rice Bowl,0.0,0,Manila,False,
ava5,Hap Chan -  Circle C,Chinese,5.0,144,Quezon City,True,5.0
avao,Ooh Cha - Robinsons Galleria,Beverages,0.0,0,Quezon City,False,
avb0,Tito Nat’s Super Balbacua Jade Valley Homes - Tigatto,Bulalo,0.0,0,Davao City Davao Del Sur,False,
ave4,Circle Coffee PH - Commonwealth Avenue,Coffee,0.0,0,Quezon City,False,
avh7,J.CO Donuts & Coffee - Lucky Chinatown Mall,Donut,5.0,3533,Manila,True,5.0
avos,Pizza Sisters - Salcedo,Pizza,4.9,48,Makati City,True,4.9
avpm,Phat Pho - Ayala Central Bloc,Rice Noodles,5.0,75,Cebu City,True,5.0
avun,T-CUP-ZONE - MORAYTA,Milk Tea,4.6,28,Manila,True,4.6
avuz,Bayani Busog Bowls - Timog Avenue,Filipino,0.0,0,Quezon City,False,
avv4,Thai Express - SMX Convention Center Manila,Curry,0.0,0,Pasay City,False,
avwa,Starbucks - Paseo de Roxas,Coffee,5.0,221,Makati City,True,5.0
avwc,P. Donuts - Fisher Mall,Cakes,5.0,135,Quezon City,True,5.0
aw3w,Rudy's Ilocano Eatery,Filipino,0.0,0,Marikina,False,
aw48,The Sundry Food Hall (Mix and Match) - Taft,Asian,4.7,23,Manila,True,4.7
aw7v,VINE PATIO RESTAURANT - Pedro Bukaneg Street,Asian,0.0,0,Manila,False,
awax,Palpitate Coffee - Obrero,Coffee,4.8,98,Davao City Davao Del Sur,True,4.8
awfj,ZIG - SM Aura,Healthy,3.6,15,Taguig City,True,3.6
awn5,Lowcal Salad + Wraps - Metro Ayala,Salads,4.8,371,Cebu City,True,4.8
awvj,Bored and Hungry - SM Aura,Burgers,4.9,13,Taguig City,True,4.9
awvt,COLD CUPS - Cogon Pardo Branch,Fast Food,0.0,0,Cebu City,False,
awwk,Yellow Cab - Cebu Ayala,Pizza,4.9,41,Cebu City,True,4.9
awx0,The Cookie Show - Mandaluyong,Desserts,0.0,0,Mandaluyong City,False,
awxl,Lemonta -Tagum,Fruit Shake,5.0,16,Davao City Davao Del Sur,True,5.0
ax0b,Eat Sulit - Manila,Chicken,5.0,1385,Manila,True,5.0
ax6m,MAXIMUS CEBU PUSO AND LAGAO BBQ HOUSE - Loyola Street,Filipino,5.0,208,Davao City Davao Del Sur,True,5.0
ax86,Avocadoria.ph - SM Jazz Mall,Ice Cream,5.0,252,Makati City,True,5.0
ax8u,Mr Mediterranean - Quezon Avenue,Middle Eastern,4.9,20,Quezon City,True,4.9
axbo,L's Rice Toppings - Liberty Avenue,Asian,0.0,0,Quezon City,False,
axeo,Isla Del Cafe - CIT University,Coffee,5.0,11,Cebu City,True,5.0
axml,The Aristocrat Restaurant - Roxas Boulevard,Filipino,5.0,944,Manila,True,5.0
axpo,Mang Domeng's Bibingka - Puregold Malolos,Cakes,4.8,19,Malolos Bulacan,True,4.8
axw6,Zoie's Bacsilog Project - Puregold Commonwealth,Silog,0.0,0,Quezon City,False,
axx2,Kuya J Restaurant - SM Light Mall,Filipino,4.9,520,Mandaluyong City,True,4.9
ayad,Milk Tea Safari - Villamor Airbase,Milk Tea,5.0,178,Pasay City,True,5.0
aygh,Bang Bang Special Crispy Bangus - Añora Building,Seafood,5.0,52,Davao City Davao Del Sur,True,5.0
ayl1,Seasun Café - España,Coffee,0.0,0,Manila,False,
aylt,Milkitas Ice Scramble - West Crame,Chicken Wings,0.0,0,San Juan,False,
aym3,Minute Burger - Cembo,American,5.0,285,Makati City,True,5.0
aynw,Beef Street Burgers - Makati,American,4.9,99,Makati City,True,4.9
az0z,Mango Avenue - Streetscape,Fruit Shake,5.0,10,Cebu City,True,5.0
az13,Gourmet Tavern - Pajac,Western,4.8,113,Lapu-Lapu City Cebu,True,4.8
az5d,Ding How Dimsum House - Robinsons Galleria,Rice Bowl,5.0,279,Cebu City,True,5.0
az6g,King & Queen Tea - San Joaquin,Milk Tea,5.0,13,Pasig City,True,5.0
az87,Boodle Inasal - Singkamas,Filipino,4.9,1466,Makati City,True,4.9
az9z,Simeona's Seafood Restaurant - Bonuan Gueset,Seafood,4.4,41,Dagupan Pangasinan,True,4.4
azat,Coffee Spot Kapasigan - Dr Pilapil St,Coffee,0.0,0,Pasig City,False,
azbp,Tokyo Takoyaki - Ormoc City,Takoyaki,5.0,22,Ormoc Leyte,True,5.0
azd5,Sandwich Master - A. Tumulak Street,Healthy,0.0,0,Lapu-Lapu City Cebu,False,
azhv,Fruitas House Of Desserts - SMDC Jazz Mall,Fruit Shake,5.0,52,Makati City,True,5.0
azj3,Lil' Orbits Mini Donuts - Metro Supermarket ATC,Donut,4.9,19,Muntinlupa City,True,4.9
azl3,Icebergs - SM City Fairview,Filipino,5.0,118,Quezon City,True,5.0
azrz,Coffee Dream Plus - Ayala Center Cebu,Coffee,0.0,0,Cebu City,False,
azuo,A-Egg-Yo Korean Inspired Food Kiosk - Deca Homes,Ramen,5.0,47,Davao City Davao Del Sur,True,5.0
azvm,Happy Hour - Cubao,Beverages,0.0,0,Quezon City,False,
azww,Las Flores - Podium,American,0.0,0,Mandaluyong City,False,
b04p,"Island Tea Co, Ceylon Coffee Club and Monsterice - Tandang Sora Avenue",Beverages,0.0,0,Quezon City,False,
b05y,Beanhi - Sandoval Avenue,Beverages,0.0,0,Pasig City,False,
b0br,Mr & Mrs B - Lanang,Soups,5.0,17,Davao City Davao Del Sur,True,5.0
b0ce,CHIMAC Chicken & Beer - Polaris Street,Korean,4.9,487,Makati City,True,4.9
b0iq,CHAMPS BURGERS - Lacson Avenue,Filipino,0.0,0,Manila,False,
b0jy,Hainanese Delights - Robinson Ermita,Rice Dishes,4.9,740,Manila,True,4.9
b0lc,Zsakers Shakes - Gulod,Milk Tea,4.9,2316,Quezon City,True,4.9
b0oz,Potato Corner - NVM Mall,Fries,5.0,181,Valencia Bukidnon,True,5.0
b0qm,KFC - EDSA Greenhills,Fast Food,4.9,2706,San Juan,True,4.9
b0u6,Fire Tiger - The Grid Food Market,Beverages,5.0,36,Makati City,True,5.0
b0vn,Max's Restaurant - Abreeza Davao,Chicken,4.9,352,Davao City Davao Del Sur,True,4.9
b0xu,Gochu-gang - The Grid Food Market,Fried Chicken,4.9,174,Makati City,True,4.9
b1ah,Chowking - EDSA Zamora,Fast Food,4.9,1716,Pasay City,True,4.9
b1av,Red Ribbon - Perez Dagupan,Cakes,5.0,1449,Dagupan Pangasinan,True,5.0
b1dm,Calle Reyes Manila Barbecue - SM City Marikina,Filipino,2.8,14,Marikina,True,2.8
b1dn,Rice Rocket - Circuit,Asian,5.0,211,Makati City,True,5.0
b1du,YoCoco - Power Plant Mall,Ice Cream,5.0,10,Makati City,True,5.0
b1kl,Granivore - The Grid Food Market Powerplant,Healthy,5.0,20,Makati City,True,5.0
b1ku,Boba Block Milktea & Burgers - Mv Delos Santos,Milk Tea,5.0,2799,Manila,True,5.0
b1pr,Miko's Brew - Chavez,Beverages,5.0,165,Davao City Davao Del Sur,True,5.0
b1pt,The Original Pares - Sampaloc,Silog,0.0,0,Manila,False,
b1sr,Shakey's Pizza - Robinsons Cybergate,Pizza,5.0,1373,Cebu City,True,5.0
b1tl,Samurai Foods - SM North EDSA,Takoyaki,5.0,272,Quezon City,True,5.0
b1tp,Leylam - Gaisano Capital Island Mall Mactan,Rice Dishes,5.0,183,Lapu-Lapu City Cebu,True,5.0
b1ts,De Original Jamaican Pattie Shop and Juice Bar - Robinsons Place Malolos,Filipino,5.0,366,Malolos Bulacan,True,5.0
b1vu,Sisig Hooray - Theater Mall Greenhills,Sisig,5.0,139,San Juan,True,5.0
b1wr,Soy & Bean and  Balai Pandesal - Calle Lila Lilac Street,Healthy,5.0,329,Marikina,True,5.0
b22k,Yash shawarma and milktea,Middle Eastern,4.6,50,Cebu City,True,4.6
b236,Cold Stone Creamery - Festival Mall Alabang,Snacks,0.0,0,Muntinlupa City,False,
b24q,Chong's Siomai Rice - Ermita Branch,Siomai,4.9,17,Manila,True,4.9
b27p,Ate Rica’s Bacsilog - Mckinley West,Silog,5.0,109,Taguig City,True,5.0
b28i,HeBrews 138,Milk Tea,5.0,433,Marikina,True,5.0
b298,Wann Mann - Commonwealth,Chinese,5.0,93,Quezon City,True,5.0
b2as,Lanz Pizza - Pajo,Pizza,4.5,374,Lapu-Lapu City Cebu,True,4.5
b2cg,Sukiya - SM Manila,Japanese,5.0,69,Manila,True,5.0
b2cn,Gavva! Pansit Batil Patung - Ermin Garcia,Pancit,5.0,40,Quezon City,True,5.0
b2ep,Koomi - Fishermall QC,Beverages,5.0,375,Quezon City,True,5.0
b2fd,St. Louis - Bonifacio High Street Central,Ice Cream,5.0,433,Taguig City,True,5.0
b2j2,JM Shawarma - Plaza Mactan,Shawarma,5.0,377,Cebu City,True,5.0
b2na,Leah's Lumpiang Sariwa - 3rd Street,Snacks,5.0,434,Marikina,True,5.0
b2qo,Taho Fresh Soymilk atbp - Ayala South Park Center,Beverages,0.0,0,Muntinlupa City,False,
b2rv,Kolorado Café Marikina,Snacks,0.0,0,Marikina,False,
b2y7,Mangoflix - Champaca,Fruit Shake,0.0,0,Quezon City,False,
b32j,Bakerite Bakery - AFPCES Aguinaldo,Cakes,5.0,14,Quezon City,True,5.0
b3fh,Black Scoop Cafe - Vertex One,Milk Tea,5.0,2453,Manila,True,5.0
b3gh,IceCreamHouse - Visayas,Ice Cream,5.0,434,Quezon City,True,5.0
b3hp,Gerry's Grill - Festival Mall,Filipino,5.0,168,Muntinlupa City,True,5.0
b3jb,Buko Loco - Landmark Makati,Fruit Shake,5.0,369,Makati City,True,5.0
b3kt,Janet's Pares House - General Luis Street,Filipino,4.9,1777,Quezon City,True,4.9
b3lo,Meokja Ramenyeon Cafe  - Sandoval Avenue,Ramen,5.0,25,Pasig City,True,5.0
b3nd,De Original Jamaican Pattie Shop and Juice Bar - SMDC Light Mall,Filipino,5.0,92,Mandaluyong City,True,5.0
b3ph,Gulaman Avenue - Marikina,Coffee,4.9,88,Marikina,True,4.9
b3qd,CoffeeDailybyft - Batasan Hills,Asian,5.0,127,Quezon City,True,5.0
b3rn,b/f c0rn3r - Celedora Commercial Building,Filipino,0.0,0,Cebu City,False,
b3rs,Potato Corner - Lapu - Lapu City,Fries,5.0,787,Lapu-Lapu City Cebu,True,5.0
b3uj,Beard Papa's - Mitsukoshi BGC,Desserts,5.0,17,Taguig City,True,5.0
b3wp,Greek Alpha - Gateway,Shawarma,4.3,7,Quezon City,True,4.3
b47o,Papi Pares - K-Zone Building,Silog,4.8,11,Quezon City,True,4.8
b4fe,Shawarma Shack - SM Seaside,Shawarma,5.0,687,Cebu City,True,5.0
b4gy,Kebab Club - The Podium,Chicken,5.0,395,Mandaluyong City,True,5.0
b4ix,Recovery Café,Rice Bowl,0.0,0,Pasay City,False,
b4mc,Fruitas - WalterMart Malolos,Fruit Shake,5.0,49,Malolos Bulacan,True,5.0
b4nk,Minute Burger - Tanyag,Burgers,4.9,704,Taguig City,True,4.9
b4qf,Caffe Lezach - Milagrosa,Coffee,0.0,0,Quezon City,False,
b4r0,24/7 Eats - Kapitolyo,American,5.0,1535,Pasig City,True,5.0
b4rj,Kanzen Sushi Roll - Maysilo Circle,Sushi,5.0,1387,Mandaluyong City,True,5.0
b4uy,Persiana Kebab & Shawarma - Katipunan Avenue Extension,Middle Eastern,5.0,96,Quezon City,True,5.0
b4yo,Bacolod Chicken Inasal - Greenhills,Filipino,5.0,761,San Juan,True,5.0
b4ze,Lynz Kitchen - Indangan,Cakes,0.0,0,Davao City Davao Del Sur,False,
b50x,Whisk & Roll Bake House - Global City,Unknown,0.0,0,Taguig City,False,
b51l,MR. Tanghulu - SM Lanang,Korean,0.0,0,Davao City Davao Del Sur,False,
b552,Barrio Dot Cafe,Filipino,0.0,0,Manila,False,
b58r,Pinoy Bento - Sampaloc,Rice Bowl,5.0,476,Manila,True,5.0
b596,Black Pearl - Robinsons Place Valencia,Milk Tea,4.9,48,Valencia Bukidnon,True,4.9
b59y,Mondae Australian Yogurt - McArthur Highway,Desserts,0.0,0,Malolos Bulacan,False,
b5c3,Coffee Matters. - Park Avenue,Coffee,5.0,10,Pasay City,True,5.0
b5cv,Cuppa Takoyaki  - Diamond Street,Takoyaki,5.0,925,Marikina,True,5.0
b5gw,Nak Nam Fu-Cha - Bago Bantay,Milk Tea,5.0,2230,Quezon City,True,5.0
b5iv,Masarap Grill - Magiclub,Filipino,5.0,329,Dagupan Pangasinan,True,5.0
b5kd,Honeybon - SM North EDSA,Cakes,0.0,0,Quezon City,False,
b5km,Wright Wings - Emerald Avenue,Chicken Wings,4.9,53,Pasig City,True,4.9
b5lo,Pag-asa Pancit Malabon,Pancit,0.0,0,Quezon City,False,
b5oo,Halo Hilo - Gyud Food,Desserts,4.8,12,Quezon City,True,4.8
b5qm,Chatime - Ayala Malls the 30th,Milk Tea,5.0,396,Pasig City,True,5.0
b5sf,Tastes from the Greens - Timog,Milk Tea,5.0,1247,Quezon City,True,5.0
b5ve,Bukohan Ni Jojit Lyneth -  Cabantian,Halo-Halo,4.6,407,Davao City Davao Del Sur,True,4.6
b5wf,Wence Dessert Cafe - Malolos,Desserts,5.0,960,Malolos Bulacan,True,5.0
b5wx,Roadside B&G- G Fernando,Filipino,0.0,0,Marikina,False,
b60m,Lanz Pizza Gun-ob,Pizza,0.0,0,Lapu-Lapu City Cebu,False,
b61a,Maneking - Sherwood Place,Japanese,5.0,38,Manila,True,5.0
b6ag,Basta Pasta - BGC,Pasta,4.9,241,Taguig City,True,4.9
b6d3,Morse Coffee - Public Eatery,Coffee,5.0,62,Quezon City,True,5.0
b6de,Bacolod Chicken Inasal - Fastbytes,Filipino,5.0,793,Muntinlupa City,True,5.0
b6dh,Black Scoop Cafe - Matina,Milk Tea,5.0,746,Davao City Davao Del Sur,True,5.0
b6e0,2nd Street Oysters - Banawe Street,Seafood,5.0,88,Quezon City,True,5.0
b6ex,Wright Wings - Jupiter,Chicken Wings,5.0,113,Makati City,True,5.0
b6fg,Clarin Store - Clarin Street,Filipino,5.0,1136,Davao City Davao Del Sur,True,5.0
b6fw,Mango Float Supreme Manila - Riverbanks Center,Fruit Shake,5.0,250,Marikina,True,5.0
b6h9,Psalmantha's Bakeshop and Restaurant - Quezon City,Desserts,0.0,0,Quezon City,False,
b6iw,Dear Darling Cafe,Desserts,0.0,0,Quezon City,False,
b6ka,Le Sucre Lab - Glorietta 2,Cakes,5.0,453,Makati City,True,5.0
b6ne,Great Greens: Salads & Grains - Pasay,Salads,5.0,1413,Pasay City,True,5.0
b6qb,Urbanica Milk Coffee - SM Megamall,Coffee,4.9,446,Mandaluyong City,True,4.9
b6wo,Gong cha - Ace Centerpoint,Milk Tea,5.0,600,Koronadal South Cotabato,True,5.0
b6xi,Buffalo's Wings N' Things - Market Market,Chicken Wings,5.0,611,Taguig City,True,5.0
b70c,Plato Wraps - BHF Plaza Mayombo,Wraps,5.0,50,Dagupan Pangasinan,True,5.0
b70z,Tiger Manju - Megamall,Snacks,0.0,0,Mandaluyong City,False,
b71s,Sidewalk Congee - Grand Royale,Silog,0.0,0,Malolos Bulacan,False,
b72e,KAFFEINE+,Coffee,0.0,0,Quezon City,False,
b77h,Five Star Chicken - Kalayaan,Chicken,5.0,171,Makati City,True,5.0
b7ch,Cardo's Tapsihan - Villanueva,Silog,5.0,6077,Pasay City,True,5.0
b7fo,Anytime Chicken - Balmores Street,Fried Chicken,5.0,819,Koronadal South Cotabato,True,5.0
b7fw,BULAKENYO'S ARROZ CALDO - Lapu-Lapu,Porridge,5.0,611,Lapu-Lapu City Cebu,True,5.0
b7g4,RR Seafoods - Villamor Pasay,Seafood,0.0,0,Pasay City,False,
b7hn,Santino's Supreme Slice Pizza - SM Muntinlupa,Pizza,4.9,59,Muntinlupa City,True,4.9
b7jp,Kaldi Coffee - N.U,Coffee,0.0,0,Manila,False,
b7la,Mango Delight - Sampaloc,Milk Tea,5.0,885,Manila,True,5.0
b7p2,Mango Royal Milkshake - Bagbag Cebu,Fruit Shake,5.0,319,Cebu City,True,5.0
b7r7,K Ave Street Food At Fun Han Mart - Greenhills,Korean,4.8,191,San Juan,True,4.8
b7yk,C.BREW - Acacia,Coffee,0.0,0,Cebu City,False,
b8as,Katzpapa - Gaisano County Mall,Japanese,5.0,517,Cebu City,True,5.0
b8av,Moonlight Over Pares - Oxford Street,Filipino,0.0,0,Quezon City,False,
b8c3,TOMORO COFFEE - Binondo,Coffee,5.0,83,Manila,True,5.0
b8in,KUP KAFE - Colon,Milk Tea,4.9,1223,Cebu City,True,4.9
b8jw,Nonki Japanese Restaurant - Mactan Tropics Center,Japanese,5.0,233,Lapu-Lapu City Cebu,True,5.0
b8k0,Dunkin' - EMall,Donut,5.0,86,Cebu City,True,5.0
b8k4,Angies Pizza House - Ballecer Street,Pizza,4.9,707,Taguig City,True,4.9
b8kz,Healthy Lemon - Festival Mall Alabang,Fruit Shake,0.0,0,Muntinlupa City,False,
b8mp,Everything Grilled - Bonifacio,Asian,4.7,51,Davao City Davao Del Sur,True,4.7
b8oj,Little Tokyo Milk Tea - Crame,Asian,4.6,25,Quezon City,True,4.6
b8sy,"Smokin' Toppings, Fiamma, Panwiches & Nutwater - Juna",Filipino,5.0,1482,Davao City Davao Del Sur,True,5.0
b8vt,"Smokin' Toppings, Fiamma, Panwiches & Nutwater - Banawa",Beverages,5.0,2405,Cebu City,True,5.0
b8wg,Unli Wings of Love - East Rembo,Fried Chicken,5.0,112,Makati City,True,5.0
b91w,The Matcha Tokyo - Lucky Chinatown Mall,Beverages,0.0,0,Manila,False,
b93q,Shaka Cafe - Burgos Circle Park,Healthy,4.9,183,Taguig City,True,4.9
b9fg,Shachou Japanese Restaurant - Quezon City,Japanese,0.0,0,Quezon City,False,
b9fq,Lil' Orbits Mini Donuts - Greenfield District,Donut,5.0,275,Mandaluyong City,True,5.0
b9hk,Binalot - Ali Mall (Terminated),Filipino,4.9,173,Quezon City,True,4.9
b9ho,Giligan's - Tutuban Center,Filipino,4.9,759,Manila,True,4.9
b9jb,But First Coffee - Makati Executive Tower 1,Coffee,5.0,1873,Makati City,True,5.0
b9le,Roadhouse Cafe -  Double M Hotel,Filipino,4.9,25,Valencia Bukidnon,True,4.9
b9lv,Sizzlin' Steak - Main Avenue,American,4.8,23,San Juan,True,4.8
b9lz,Mang Inasal - Bluewave,Chicken,5.0,3121,Marikina,True,5.0
b9md,Krispy Kreme - Sm Pasig,Donut,5.0,988,Pasig City,True,5.0
b9mp,Chaboba - Gaisano Mall of Toril,Beverages,4.8,49,Davao City Davao Del Sur,True,4.8
b9pb,24 Chicken - Pedro Gil,Fried Chicken,5.0,11227,Manila,True,5.0
b9pw,Overload Avenue - Lahug,Filipino,5.0,190,Cebu City,True,5.0
b9qa,Gong cha - Northgate Cyberzone,Milk Tea,5.0,425,Muntinlupa City,True,5.0
b9qx,BonChon - Robinsons Malolos,Chicken,5.0,6816,Malolos Bulacan,True,5.0
b9rg,Highlands Coffee - CityMall Koronadal,Coffee,5.0,199,Koronadal South Cotabato,True,5.0
ba46,Pasayan - Lilac Branch,Chicken,4.9,13,Marikina,True,4.9
ba87,Wingers Unlimited - SM Ormoc,Chicken Wings,4.9,221,Ormoc Leyte,True,4.9
bac6,Bulalo World Express - Maysilo Circle,Chicken,4.9,118,Mandaluyong City,True,4.9
bang,Smash It: Burgers & More - Kapitolyo,American,5.0,854,Pasig City,True,5.0
bax3,Persia Wrap - Poblacion,Wraps,0.0,0,Makati City,False,
baz1,The Purple Blend - Aurora Boulevard,Chicken,0.0,0,Pasay City,False,
bb5e,BOK Korean Fried Chicken – Dela Rosa Carpark 1,Chicken,5.0,2121,Makati City,True,5.0
bbha,Shifu Chinese Restaurant - Matina Town Square,Ulam,0.0,0,Davao City Davao Del Sur,False,
bbj7,Smashing Lemons - SM San Lazaro,Beverages,0.0,0,Manila,False,
bbjx,Dairy Queen - Robinsons Malolos,Ice Cream,5.0,1002,Malolos Bulacan,True,5.0
bbr5,Santino's Supreme Slice Pizza - Basak,Pizza,5.0,231,Lapu-Lapu City Cebu,True,5.0
bbvv,TA'IM FOOD HUB - PIONEER CENTER,Italian,4.9,11,Pasig City,True,4.9
bby4,Seasigan - Sugbo Sentro IT Park,Sisig,5.0,126,Cebu City,True,5.0
bc0x,Lugawan ni Tonyo - North Fairview,Porridge,4.9,30,Quezon City,True,4.9
bc27,Snacks N' Bite Station,Snacks,0.0,0,Davao City Davao Del Sur,False,
bcjh,Calorie Club - BGC,Salads,5.0,186,Taguig City,True,5.0
bckz,Hearts and Bells - SM Megamall,Cakes,5.0,98,Mandaluyong City,True,5.0
bco5,YOGOST - SM Mall of Asia,Beverages,5.0,30,Pasay City,True,5.0
bcpl,Chickieboom - Park Trade Centre,Fried Chicken,0.0,0,Muntinlupa City,False,
bcpu,Yardstick Coffee - Esteban,Coffee,5.0,51,Makati City,True,5.0
bcug,Dkpress - Ayala Malls Feliz,Filipino,5.0,51,Pasig City,True,5.0
bd2a,MOS Burger - Eastwood,Burgers,5.0,71,Quezon City,True,5.0
bd8e,K-Egg - Elizco Road,Sandwiches,0.0,0,Pasig City,False,
bdfk,Hungry Streats - Alicante Tower Marquinton Residences,Chicken Wings,5.0,82,Marikina,True,5.0
bdfq,19 Nineteen Degrees - SM Mall of Asia,Milk Tea,5.0,632,Pasay City,True,5.0
bdiz,MiPanda Milk Tea - F. Blumentritt,Milk Tea,5.0,146,San Juan,True,5.0
bdlq,Subarashii Manju - Filmore Street,Korean,4.7,38,Makati City,True,4.7
bdvj,Greek Alpha - SM Fairview Hypermarket,Shawarma,0.0,0,Quezon City,False,
bdzv,Est by Grand Castella - SM Aura Premier,Asian,5.0,79,Taguig City,True,5.0
bech,California Pizza Kitchen - Poblacion,Pizza,4.9,38,Makati City,True,4.9
becm,Yugimo Japanese Restaurant - Mckinley,Sushi,4.9,26,Taguig City,True,4.9
bed1,Bored N Hungry - Public Eatery at Robinsons Magnolia,Burgers,0.0,0,Quezon City,False,
bedp,TEA + BAR - New Era Univeristy,Fruit Shake,0.0,0,Quezon City,False,
beee,Cake's by Jam Cafe',Desserts,0.0,0,Davao City Davao Del Sur,False,
begf,Cha Tuk Chak - Pembo,Milk Tea,5.0,3725,Makati City,True,5.0
beug,Aunt Mango - Karangalan Village,Fruit Shake,4.9,153,Pasig City,True,4.9
bewo,HIS Cup - Maa,Milk Tea,0.0,0,Davao City Davao Del Sur,False,
bf01,369 Foodhub - Dalisay St Bacood,Fast Food,0.0,0,Manila,False,
bf19,Jia's Samgyup Store - North Fairview,Korean,4.9,188,Quezon City,True,4.9
bf48,Scorched Smokehouse - SM City Manila,Western,5.0,151,Manila,True,5.0
bfls,Conti's Bakeshop and Restaurant - Trinoma,Cakes,5.0,255,Quezon City,True,5.0
bfrm,24/7 Eats - Manila,American,5.0,2417,Manila,True,5.0
bfru,Yoshinoya - SM North Edsa,Japanese,5.0,584,Quezon City,True,5.0
bfvs,Breakfast Club - South Triangle,Filipino,5.0,813,Quezon City,True,5.0
bfzh,Sochie Cloud Kitchen - Quezon City,Asian,0.0,0,Quezon City,False,
bfzp,Daily by Bo's Coffee - Pueblo Verde,Coffee,5.0,1172,Lapu-Lapu City Cebu,True,5.0
bg4k,Eat Sulit - Pasay,Chicken,4.9,745,Pasay City,True,4.9
bg7m,The Country Chef - Pasay,Filipino,0.0,0,Pasay City,False,
bg7p,PizzaRito - Catalunan Pequeño,Pizza,4.9,13,Davao City Davao Del Sur,True,4.9
bgmk,Fiore Petalo Flower & Cafe,Asian,5.0,135,Quezon City,True,5.0
bgnt,Ally Mango - Ayala Center Cebu,Fruit Shake,5.0,508,Cebu City,True,5.0
bgpo,Conti's Take Out Nook - Ayala Malls Marikina,Cakes,5.0,724,Marikina,True,5.0
bguc,Sofia's Garden - Santa Mesa Heights,Filipino,0.0,0,Quezon City,False,
bgvj,SSOB Takoyaki - Sta. Isabel Malolos,Takoyaki,0.0,0,Malolos Bulacan,False,
bgvp,Whynot Coffee PH - Scout Tobias,Coffee,0.0,0,Quezon City,False,
bgw5,Pastilan Ninyo! - Sa Obrero,Filipino,4.7,30,Davao City Davao Del Sur,True,4.7
bh3y,Hidden Vietnam - Concepcion Dos,Noodles,5.0,458,Marikina,True,5.0
bh4s,Asante Cafe,Filipino,0.0,0,Manila,False,
bh5w,Draft Coffee by Lew's - Narra,Beverages,5.0,23,Marikina,True,5.0
bh86,Sutukil by the Bay - SM Seaside,Filipino,5.0,89,Cebu City,True,5.0
bh8w,kottu republic,Asian,0.0,0,Makati City,False,
bhdz,Ulam Delights - Granada Street,Filipino,5.0,63,San Juan,True,5.0
bhgv,Gelightfull To Go - Basak,Silog,0.0,0,Lapu-Lapu City Cebu,False,
bhjs,Nomikashi - Regalado Highway,Japanese,0.0,0,Quezon City,False,
bhkp,Kusinerong Pinoy Restaurant - Sacred Heart Street,Filipino,5.0,24,Makati City,True,5.0
bhmz,Jepoy's Kitchen - Toril,Filipino,5.0,38,Davao City Davao Del Sur,True,5.0
bhnn,Q-Cafe- Metro Supermarket,Western,4.3,61,Cebu City,True,4.3
bhqw,Elastea Food House - Mandaluyong,Asian,4.9,22,Mandaluyong City,True,4.9
bhsz,Denny's - Estancia,American,0.0,0,Pasig City,False,
bhyy,Recovery Food - Alabang Town Center,Filipino,5.0,269,Muntinlupa City,True,5.0
bi2n,Modern Shanghai - Ayala Fairview Terraces,Chinese,0.0,0,Quezon City,False,
bi56,Ato coffee,Beverages,0.0,0,Cebu City,False,
bi6n,Tulum Tacos Etc. - Taguig,Wraps,4.8,26,Taguig City,True,4.8
bi9w,Takoyadon - SM Center Muntinlupa,Takoyaki,5.0,155,Muntinlupa City,True,5.0
bi9z,Slice Cafe - Tuktukan,Cakes,5.0,225,Taguig City,True,5.0
bias,CYO Charcoal Grilled Hotdog & Burgers - Zobel,Burgers,4.9,461,Manila,True,4.9
bigm,Lugaw Republic - Teresa Sta Mesa,Porridge,4.9,194,Manila,True,4.9
biiy,Chatime - MOA Square,Beverages,0.0,0,Pasay City,False,
bila,Comffee - Comffee Internet Cafe,Coffee,0.0,0,Quezon City,False,
bimk,KOI Thé - Trinoma,Beverages,5.0,23,Quezon City,True,5.0
bimo,Moonleaf - Cityland Makati,Milk Tea,4.9,125,Makati City,True,4.9
biok,OldTown White Coffee - Venice Grand Canal Mall,Coffee,0.0,0,Taguig City,False,
biop,Eat Sulit - BGC,Rice Bowl,5.0,322,Taguig City,True,5.0
bito,Best Bites Boneless Fried Chicken - Bagong Ilog C5,Fried Chicken,4.6,52,Pasig City,True,4.6
bixu,Nam Manok - Deca Tacunan,Fried Chicken,5.0,28,Davao City Davao Del Sur,True,5.0
bj2c,Ling Nam Fried Siopao - E Rodriguez Sr Avenue,Chinese,5.0,148,Quezon City,True,5.0
bj5a,Le Katsu Mnl - Robinsons Fuente,Japanese,4.9,11,Cebu City,True,4.9
bj5b,Kettle Korn - SM Davao,Snacks,4.9,71,Davao City Davao Del Sur,True,4.9
bj5t,24 Chicken - Phoenix Petroleum,Fried Chicken,5.0,7538,Pasay City,True,5.0
bj66,Cafe Mary Grace - Podium,Cakes,5.0,21,Mandaluyong City,True,5.0
bj71,Great Greens: Salad & Grains - Ortigas,Salads,0.0,0,Mandaluyong City,False,
bj8i,Gourmet Silog - South Signal Village,Silog,4.9,171,Taguig City,True,4.9
bj9c,Pandan Asian Cafe - Tomas Morato,Asian,5.0,45,Quezon City,True,5.0
bjdw,Master Shake - New Era,Fruit Shake,0.0,0,Quezon City,False,
bjdy,PICKUP COFFEE - Jetti Mindanao Ave,Coffee,5.0,33,Quezon City,True,5.0
bjei,Monstakoyaki - Tolentino Street,Takoyaki,5.0,99,Quezon City,True,5.0
bjhu,Momshie and Jon’s Eatery - Rodriguez Street,Filipino,4.9,478,Manila,True,4.9
bjky,Mango Royal Milkshake - Murphy Socorro,Fruit Shake,5.0,21,Quezon City,True,5.0
bjrv,Saffron Plates - The Mezzanine,Indian,4.6,14,Makati City,True,4.6
bjss,R&B Milk Tea - Greenhills,Milk Tea,4.9,26,San Juan,True,4.9
bjvf,Clout Coffee - Timog Ave,Coffee,0.0,0,Quezon City,False,
bjxl,Cravy - Banawe Street,Chicken Wings,0.0,0,Quezon City,False,
bjyo,Flour Magic Cakery,Cakes,4.9,17,Manila,True,4.9
bk02,Choose 1 Tapsihan - Malibay,Filipino,5.0,62,Pasay City,True,5.0
bk1b,Hen Lin - Puregold Maunlad,Indian,0.0,0,Malolos Bulacan,False,
bkhv,Frito Iloko - Villamor,Filipino,0.0,0,Pasay City,False,
bknh,Trining's Kitchen Stories,Filipino,0.0,0,Marikina,False,
bknu,KKOPI.Tea - 4th District,Beverages,0.0,0,Taguig City,False,
bkre,Blessed Bhiestro - Pasay,Italian,5.0,465,Pasay City,True,5.0
bky0,Eataewon - SM Fairview,Korean,0.0,0,Quezon City,False,
bl1t,Big Daddy's Cup - PUP Sta Mesa,Rice Bowl,0.0,0,Manila,False,
bl1w,K-Egg - Manuguit Tondo,Sandwiches,0.0,0,Manila,False,
bl1y,Chewsarap - Masangkay,Rice Bowl,4.9,15,Manila,True,4.9
bl4j,Daily By Bo's Coffee - Three World Square,Coffee,5.0,1062,Taguig City,True,5.0
bl53,Doloras Hauz of Pancit Malabon - Dian Street,Pancit,5.0,146,Manila,True,5.0
bl6p,99 Peso Sulit Chicken - Pasay,Chicken,5.0,6882,Manila,True,5.0
bl77,ShareTea - Ramada Hotel,Milk Tea,5.0,249,Manila,True,5.0
blyn,Hen Lin - Shell C5 Southlink,Siomai,4.8,22,Pasay City,True,4.8
bm7o,RMD Shawarma House - Amado,Indian,4.8,143,Dagupan Pangasinan,True,4.8
bms0,Takoyaki Master 24 Hours - Bangkal,Takoyaki,4.7,677,Makati City,True,4.7
bmso,Chick 'n Juicy - Zamora Street,Chicken,5.0,420,Quezon City,True,5.0
bmzg,Kape Ilokano - SMDC Trees Residences,Coffee,5.0,16,Quezon City,True,5.0
bn03,"Apollo's (Baked Sushi, etc.) - Bangkal",Snacks,0.0,0,Davao City Davao Del Sur,False,
bngf,Goldilocks - Valencia Highway,Cakes,5.0,377,Valencia Bukidnon,True,5.0
bnjk,Kuy's Coffee and Milktea - Cyberpark 2,Coffee,0.0,0,Quezon City,False,
bnrp,Ray's Chicken - Venice Grand Mall,Chicken,4.9,55,Taguig City,True,4.9
bnvr,Mondae Australian Yogurt - The One De Torre Santo Tomas,Desserts,4.9,62,Manila,True,4.9
bnzk,Super Chicken Tenders - Tarlac,Chicken,5.0,112,Taguig City,True,5.0
bo0v,Te'Amo Cafe - Hotel One,American,5.0,28,Cebu City,True,5.0
bo3d,Caffein8 - CIT University,Filipino,0.0,0,Cebu City,False,
bo80,Pino - Talamban,Ulam,4.9,19,Cebu City,True,4.9
bo8b,Chicken Chingu - NU Mall of Asia,Fried Chicken,5.0,520,Pasay City,True,5.0
bob1,Isla's Food Hub,Fast Food,0.0,0,Mandaluyong City,False,
bofl,Vanilla Dairy,Ice Cream,0.0,0,Cebu City,False,
boiu,Taco Bell - Ayala Circuit,American,5.0,624,Makati City,True,5.0
boku,Uncle John's - GA Tower,Fried Chicken,4.8,84,Mandaluyong City,True,4.8
bold,Pares Point Diner - 65 A Eastway Drive,Filipino,5.0,48,Marikina,True,5.0
bopt,Cassava Cafe - Pontiac Street,Beverages,0.0,0,Quezon City,False,
bovz,J.CO Donuts & Coffee - Paseo Center,Donut,5.0,2889,Makati City,True,5.0
box8,Coffee Project - Agro,Coffee,5.0,31,Muntinlupa City,True,5.0
boya,Dencio's - Forbestown,Filipino,4.6,56,Taguig City,True,4.6
bp24,Oye Cafe - Doña Vicenta Village,Coffee,4.9,17,Davao City Davao Del Sur,True,4.9
bp2m,SANTOTITO'S - Tomas Morato,Filipino,0.0,0,Quezon City,False,
bp4v,Second Floor Restobar - Corner Guzman Obrero,Ulam,0.0,0,Davao City Davao Del Sur,False,
bp64,Tablevibe (pandago) - Taguig,Unknown,0.0,0,Taguig City,False,
bpbn,Omomi Cafe - Mira Nila Homes Gate,Filipino,0.0,0,Quezon City,False,
bpdk,Wildflour Burger - Greenhills,American,4.3,11,San Juan,True,4.3
bphe,Master Siomai - Southgate Mall,Chinese,0.0,0,Makati City,False,
bpil,Bayani Busog Bowls - Roosevelt Munoz Avenue,Filipino,0.0,0,Quezon City,False,
bpjy,CYMA - Robinsons Magnolia,Western,0.0,0,Quezon City,False,
bpk1,Ssob Takoyaki BUY 1 TAKE 1 - Malolos Commercial Building,Takoyaki,4.9,148,Malolos Bulacan,True,4.9
bpqb,Happilee Korean Kitchen - GH Mall,Korean,5.0,48,San Juan,True,5.0
bpuz,Mango HeyHey - Concepcion,Fruit Shake,0.0,0,Marikina,False,
bq9v,Samgyup Grab n' Go - Taguig,Korean,5.0,132,Taguig City,True,5.0
bqar,Big Mummy's Express - Putatan,Indian,4.9,191,Muntinlupa City,True,4.9
bqew,Punjabi Town Restaurant - Gahol Avenue,Biryani,4.5,269,Davao City Davao Del Sur,True,4.5
bqn1,Liang Crispy Roll - Banawe,Asian,4.8,62,Quezon City,True,4.8
bqn2,Amigo's Food Hub,Filipino,0.0,0,Makati City,False,
bqpm,Korean Street Food - Cliffpoint square,Rice Bowl,4.8,183,Pasig City,True,4.8
bqq7,BABs Resto,Filipino,0.0,0,Koronadal South Cotabato,False,
bqth,Olive Garden - Glorietta,American,0.0,0,Makati City,False,
bqvz,Ate Rica's Bacsilog - Arcovia,Rice Bowl,5.0,10,Pasig City,True,5.0
bqye,Baka Naman - Sandawa,Lechon,0.0,0,Davao City Davao Del Sur,False,
bqz1,Hap Chan - Market Market,Chinese,5.0,544,Taguig City,True,5.0
bqz7,CRAZY WINGS - DAHLIA FAIRVIEW,Chicken,5.0,406,Quezon City,True,5.0
bqz7,Crazy Wings - GSquare Arcade Building,Chicken,5.0,405,Mandaluyong City,True,5.0
br27,Baliwag Grill & Restaurant - Mercedes Avenue,Filipino,5.0,468,Pasig City,True,5.0
br4k,UNCLE TAPSI in AbacaEats - Vista Mar Mactan,Filipino,0.0,0,Lapu-Lapu City Cebu,False,
br8r,MYO Cafe - Fairview Branch,Silog,4.9,13,Quezon City,True,4.9
br9q,Appa's Bapsang K-Food Kitchen - General Trias,Korean,5.0,500,Manila,True,5.0
brb5,Fale’s Food Hub - Pasay,Sisig,0.0,0,Pasay City,False,
brc8,Cafe Mary Grace - SM City Marikina,Cakes,5.0,76,Marikina,True,5.0
bric,Max's Corner Bakery - Malolos Kapitolyo,Cakes,4.9,19,Malolos Bulacan,True,4.9
brlx,T.F.F - Tarsier Fried Food - O Square 2 Greenhills,Fast Food,0.0,0,San Juan,False,
brtm,Baliwag Lechon Manok at Liempo - San Andres Street 2,Chicken,5.0,642,Pasay City,True,5.0
brxs,DAKS Shawarma by Boys Night Out - Kapitolyo,Shawarma,5.0,133,Pasig City,True,5.0
bscl,Tokyo Tokyo - Q Square Quirino,Japanese,5.0,622,Quezon City,True,5.0
bsdz,Go Gourmand - The Food Market,Silog,4.9,152,Mandaluyong City,True,4.9
bsfq,Max's Corner Bakery - SM City Urdaneta,Cakes,5.0,14,Dagupan Pangasinan,True,5.0
bshu,Tiong Bahru Boneless Hainanese Chicken Rice - Greenhills,Chicken,5.0,51,San Juan,True,5.0
bsix,Sweetie Dots - The Grand Towers Manila,Japanese,0.0,0,Manila,False,
bsj7,Manang Fe BBQ & Grill - Basak,Filipino,4.9,691,Lapu-Lapu City Cebu,True,4.9
bsrt,Inasal Ni Bing - Kwiskpar,Chicken,4.8,13,Cebu City,True,4.8
bsry,Pepa Wings - SM City Davao,Chicken Wings,4.9,82,Davao City Davao Del Sur,True,4.9
bssh,Roppongi 128 - Katipunan Ave,Filipino,0.0,0,Quezon City,False,
bst5,Yong's Satti - Jacinto,Filipino,0.0,0,Davao City Davao Del Sur,False,
bsyz,Sisigman - SSS Village,Filipino,0.0,0,Marikina,False,
bt22,Chooks! - SM Hypermarket MOA,Fried Chicken,4.9,271,Pasay City,True,4.9
btaw,Pinoy Silogan - National Road,Shawarma,0.0,0,Muntinlupa City,False,
btbq,Katsu Sama - Ayala Malls Cloverleaf,Japanese,0.0,0,Quezon City,False,
btce,Tokyo Tokyo FT - Malolos Arc,Japanese,4.9,2865,Malolos Bulacan,True,4.9
btjz,Manokhan Roasters - Matina Aplaya,Chicken,5.0,769,Davao City Davao Del Sur,True,5.0
btp2,Potato Corner - Vibo Place,Fries,5.0,229,Cebu City,True,5.0
btr9,Da'Best Lechon - Pedrol Gil Street,Lechon,4.1,19,Manila,True,4.1
bttl,Zagu - Robinsons Place Malolos,Beverages,5.0,894,Malolos Bulacan,True,5.0
btwf,SKYJ SPORTS CAFE - CAMPA STREET,Filipino,0.0,0,Manila,False,
btxu,Chu Chu Milktea and Takoyaki - Alabang Junction,Milk Tea,5.0,934,Muntinlupa City,True,5.0
bu1n,MOMOYO - Marikina shoe ave,Coffee,5.0,61,Marikina,True,5.0
bu33,Captain Crust - The Mezz,Pizza,5.0,37,Pasig City,True,5.0
bue2,Ahong's Ngohiong - F Ramos Street,Filipino,5.0,33,Cebu City,True,5.0
buly,La Condessa Cafe and Retail Store - Visayas Ave,Coffee,0.0,0,Quezon City,False,
bumt,Ribshack - Mall Ace Centerpoint Koronadal,Fast Food,5.0,954,Koronadal South Cotabato,True,5.0
bust,Big Brew - Caniogan,Milk Tea,5.0,200,Pasig City,True,5.0
bv2s,Shawarma Shack - UN Square,Middle Eastern,4.8,81,Manila,True,4.8
bv9d,Mamila Kitchen - New Era,Salads,0.0,0,Quezon City,False,
bvbc,Tikka Tikka - Welcome Hub,Filipino,4.8,24,Quezon City,True,4.8
bvii,Potato Depot Snack Bar - A Bonifacio Avenue,Fries,5.0,12,Marikina,True,5.0
bvkj,Rice 24 Chicken - Davao City,Chicken,3.8,70,Davao City Davao Del Sur,True,3.8
bvlk,29th Street Burger - Bulihan,Burgers,5.0,407,Malolos Bulacan,True,5.0
bvn7,Gram Cafe and Pancakes - Serendra BGC,Desserts,0.0,0,Taguig City,False,
bvn8,Orange Brutus - Gaisano Country Mall,Rice Bowl,5.0,324,Cebu City,True,5.0
bvt3,Perkspresso Cafe - Vitamer Healthcare Center,Beverages,0.0,0,Davao City Davao Del Sur,False,
bvt6,Karate Kid - CEU,Japanese,4.9,47,Manila,True,4.9
bvy0,Wings & Beans Co. - Pasig Boulevard Extension,Coffee,0.0,0,Pasig City,False,
bvzi,Mama's Brunch Meals - R Landon Extension,Ulam,5.0,60,Cebu City,True,5.0
bw0t,Tako Depot Takoyaki - Sampaloc,Japanese,5.0,11,Manila,True,5.0
bw74,Cafe Mary Grace - Ayala Malls Manila Bay,Cakes,5.0,123,Pasay City,True,5.0
bw8i,Mister Bulalo - Newton Plaza,Bulalo,5.0,21,Manila,True,5.0
bwcr,Gangji Produced Hong Kong Cafe - Manila,Chinese,0.0,0,Manila,False,
bwfr,Candid Coffee - Greenhills Shopping Center,Coffee,0.0,0,San Juan,False,
bwii,Baliwag Lechon Manok at Liempo - Juan Luna Street 1,Chicken,5.0,367,Manila,True,5.0
bwox,DXRT Laboratory - Powerplant Mall,Desserts,0.0,0,Makati City,False,
bwtm,Got Cha Milktea Station - De Guzman St.,Milk Tea,4.9,106,Davao City Davao Del Sur,True,4.9
bwuu,Angel's Pizza - BGC,Pizza,5.0,205,Taguig City,True,5.0
bwxk,The Red Heifer - Maginhawa,Milk Tea,5.0,38,Quezon City,True,5.0
bwzn,CHICHA San Chen - Lucky Chinatown Binondo,Milk Tea,0.0,0,Manila,False,
bx3f,Chef Boy Roaster - Suba,Lechon,0.0,0,Cebu City,False,
bx4g,Yoshinoya - Festival Mall,Japanese,5.0,169,Muntinlupa City,True,5.0
bx5r,Frankie's New York Buffalo Wings - Ayala Malls Feliz,Chicken Wings,5.0,115,Pasig City,True,5.0
bx96,Pizza Hut - Circuit,Pizza,5.0,462,Makati City,True,5.0
bxgn,J.CO Donuts & Coffee - SM Center Dagupan,Donut,5.0,957,Dagupan Pangasinan,True,5.0
bxs8,Mix Eats by Jonies - Gaisano Country Mall,Filipino,0.0,0,Cebu City,False,
bxtp,The Crunch - Signal Village,Fried Chicken,5.0,55,Taguig City,True,5.0
bxtz,MISUTA GYOZA - Market Basket,Japanese,5.0,52,Davao City Davao Del Sur,True,5.0
bxyq,Takoyaken Takoyaki - San Juan Pasay,Snacks,0.0,0,Pasay City,False,
by15,Gugu Manju - Nova Plaza Mall,Desserts,0.0,0,Quezon City,False,
by1z,Jaja’s Pizza - Panacan,Pizza,0.0,0,Davao City Davao Del Sur,False,
by65,Samgyupsalamat Malolos - Calumpit,Korean,4.9,150,Malolos Bulacan,True,4.9
bya9,Boba Mania X JustKitchen - Commonwealth,Milk Tea,4.9,13,Quezon City,True,4.9
byah,Drip & Dip Shawarma Zork's - Anda,Fried Chicken,4.9,269,Davao City Davao Del Sur,True,4.9
bylh,Grainsmart - Republic Avenue,Beverages,0.0,0,Quezon City,False,
bymn,Just Wing It! - City Soho Mall,American,4.8,40,Cebu City,True,4.8
byz5,Balai Pandesal - Montecruz Plaza,Bread,5.0,43,Pasig City,True,5.0
bz4q,Gong Cha - Robinsons Place Valencia,Milk Tea,5.0,443,Valencia Bukidnon,True,5.0
bz83,Mango Magic - Maysilo Circle Boni,Fruit Shake,5.0,140,Mandaluyong City,True,5.0
bz8a,Evan's Goto - P Ocampo,Porridge,0.0,0,Makati City,False,
bz8j,Five Star Chicken - Bangkal Makati,Chicken,4.8,123,Makati City,True,4.8
bz9x,Patty's Bakeshop - Basak,Bread,5.0,111,Lapu-Lapu City Cebu,True,5.0
bzc0,The Pollo Family: Loaded Chicken - Makati,Fried Chicken,4.9,45,Makati City,True,4.9
bzh1,Eyy! Smoothie - New Era,Fruit Shake,0.0,0,Quezon City,False,
bzhp,Shawarma Shack - Base Line Center,Shawarma,5.0,30,Cebu City,True,5.0
bzn1,Dirty Sanchez - Catalunan Pequeño,Wraps,5.0,48,Davao City Davao Del Sur,True,5.0
bzpe,BatchoyHouse328 - LapuLapu,Asian,5.0,160,Lapu-Lapu City Cebu,True,5.0
bzs5,Kanin at Sabaw By Fly Kitchen - N. Domingo,Filipino,5.0,252,Quezon City,True,5.0
bzwa,Great Greens: Salads & Grains - Malolos,Salads,5.0,458,Malolos Bulacan,True,5.0
bzy1,Lounge Cafe - The Block,Coffee,4.8,30,Koronadal South Cotabato,True,4.8
c03c,Neolivbrews - Provident Village,Milk Tea,5.0,85,Marikina,True,5.0
c095,Dunkin' - Gaisano Tisa,Donut,5.0,93,Cebu City,True,5.0
c0am,Boss Paku - Cogon Pardo,Curry,5.0,67,Cebu City,True,5.0
c0ar,Rico's Lechon - Ayala Malls Circuit,Filipino,4.9,148,Makati City,True,4.9
c0cn,Hangry Tuna- Catalunan,Seafood,5.0,163,Davao City Davao Del Sur,True,5.0
c0e0,Gourmet Silog - Leveriza Street,Silog,4.1,15,Manila,True,4.1
c0ft,Egg Bomb - Industria Street,Sandwiches,4.9,647,Pasig City,True,4.9
c0gb,Midnight Tapa - San Antonio Village,Filipino,4.8,1821,Makati City,True,4.8
c0h2,McDonald's - Ormoc Cogon,Fast Food,5.0,4276,Ormoc Leyte,True,5.0
c0ie,Bobbitea Milktea Takoyaki and Snacks - Pasay,Takoyaki,5.0,1091,Pasay City,True,5.0
c0ip,Bornga - Alphaland Makati Place,Korean,5.0,389,Makati City,True,5.0
c0oz,BGC Foodhub - Bonifacio,Snacks,4.6,46,Davao City Davao Del Sur,True,4.6
c0ph,Tanokz Koronadal - Poblacion,Filipino,5.0,309,Koronadal South Cotabato,True,5.0
c0rc,Pizzaderia - Marikina,Pizza,5.0,916,Marikina,True,5.0
c0tm,Pancit Ng Taga Malabon - Quiapo,Pancit,5.0,1091,Manila,True,5.0
c0xe,Sans Rival Cakes and Pastries - Robinsons Magnolia,Pasta,5.0,610,San Juan,True,5.0
c11a,SuperDaddy - G. Tuazon Sampaloc,Beverages,5.0,230,Manila,True,5.0
c124,Sizzling Lord - Espana,Filipino,4.9,11,Manila,True,4.9
c148,Tokyo Milk Cheese Factory - Robinsons Ermita,Cakes,5.0,65,Manila,True,5.0
c192,Let's Wok - Novaliches,Dim Sum,0.0,0,Quezon City,False,
c19i,Gong cha - Glorietta 2,Milk Tea,5.0,240,Makati City,True,5.0
c1aj,Clintoy - Skyline Catalunan,Fried Chicken,4.9,222,Davao City Davao Del Sur,True,4.9
c1b9,Multani’s Masala’p - Robinsons Galleria Ortigas,Biryani,0.0,0,Quezon City,False,
c1ee,Cafe Remedios - EMR Center,Filipino,5.0,181,Koronadal South Cotabato,True,5.0
c1kn,BreadTalk - Century City Mall,Sandwiches,5.0,556,Makati City,True,5.0
c1qf,Cafe France - Asian Hospital,Italian,4.9,66,Muntinlupa City,True,4.9
c1qt,S&R New York Style Pizza - Abreeza Ayala Mall,Pizza,5.0,6855,Davao City Davao Del Sur,True,5.0
c1yv,Sumis Food Crafts - Park Homes,Milk Tea,0.0,0,Muntinlupa City,False,
c22z,Timplang Pinoy: Filipino Eats - Marikina Heights,Filipino,4.8,134,Marikina,True,4.8
c26s,Meggy's Quality First Online Shop - Soliven Street,Filipino,0.0,0,Marikina,False,
c2c1,Mr Beef and Noodles - Mayflower Street,Chinese,0.0,0,Mandaluyong City,False,
c2ck,Home-Style Ulam - Beige Street,Filipino,5.0,121,Marikina,True,5.0
c2dt,Pancake House - S&R Shaw,American,4.9,371,Mandaluyong City,True,4.9
c2ep,Taj Mahal Restaurant - Berkeley Square,Filipino,0.0,0,Quezon City,False,
c2eu,S.A.L.O - SM City North EDSA,Filipino,4.9,121,Quezon City,True,4.9
c2ju,Burgoo - Vista Mall,American,5.0,64,Taguig City,True,5.0
c2uw,Libertea Milktea - Commerce Avenue,Milk Tea,4.9,615,Muntinlupa City,True,4.9
c2zr,Mondae Australian Yogurt - Gen. Kalentong,Desserts,5.0,166,Mandaluyong City,True,5.0
c30e,Pasta Creazione - 634 Lacson Street,Pasta,0.0,0,Manila,False,
c31t,Red Ribbon - Mactan Santo Nino,Cakes,5.0,336,Lapu-Lapu City Cebu,True,5.0
c32g,Master Buffalo - Barangka Drive,Chicken Wings,5.0,1627,Mandaluyong City,True,5.0
c3ai,Sebkin Sisigan - Tramo Street,Sisig,5.0,1220,Pasay City,True,5.0
c3bs,Chai Wan Milk Tea Bar - J Borromeo Building,Milk Tea,5.0,105,Cebu City,True,5.0
c3bw,Tah-Mee - SM North Annex,Desserts,5.0,15,Quezon City,True,5.0
c3cm,Daily Cuppa - Diamond Street,Takoyaki,5.0,1111,Marikina,True,5.0
c3dn,Tuna Express Kamayan Grills - Ecoland Drive,Seafood,2.6,52,Davao City Davao Del Sur,True,2.6
c3g0,Sip & Savor - Jaycee Ave,Burgers,4.4,73,Koronadal South Cotabato,True,4.4
c3gb,Mamita's Pizza - MP Yap Street,Pizza,5.0,69,Cebu City,True,5.0
c3hv,Mang Inasal - Puregold FTI,Chicken,5.0,3891,Taguig City,True,5.0
c3hy,Oishi Batchoi - Festival Mall,Japanese,5.0,74,Muntinlupa City,True,5.0
c3jr,Mang Binatog - SM Megamall,Filipino,5.0,196,Mandaluyong City,True,5.0
c3kj,Cafe France - Zeta Building,Sandwiches,5.0,299,Makati City,True,5.0
c3pp,Super Chicken Tenders - Pasay,Chicken,4.9,1703,Pasay City,True,4.9
c3qk,Katsu Curry House - TSL Building,Japanese,4.8,1246,Quezon City,True,4.8
c3ql,Crisostomo - Blue Bay Walk,Filipino,5.0,108,Pasay City,True,5.0
c3t9,Baked Sushi by Nessa - Manhattan Parkway,Sushi,4.9,397,Taguig City,True,4.9
c3tb,Boomdogs - Lab Serendra,American,0.0,0,Taguig City,False,
c3u0,Gerry's Grill -  Robinsons Malolos,Filipino,5.0,564,Malolos Bulacan,True,5.0
c3vj,Dot Coffee - Mind Museum BGC,Coffee,4.9,73,Taguig City,True,4.9
c3wd,COAST CAFE - Matina Aplaya,Filipino,0.0,0,Davao City Davao Del Sur,False,
c3xk,Krispy Kreme - Petron-Roxas,Donut,5.0,1090,Pasay City,True,5.0
c3yn,Ted's Oldtimer Lapaz Batchoy - Festival Mall,Soups,5.0,349,Muntinlupa City,True,5.0
c3ys,Amarri's Kitchen - Taguig,Chicken,0.0,0,Taguig City,False,
c3zb,Ikkoryu Fukuoka Ramen - Rockwell,Ramen,5.0,404,Makati City,True,5.0
c40q,Tasty & Healthy Bowls - Bagong Ilog,Rice Bowl,4.9,243,Pasig City,True,4.9
c41j,Red Box Cakes and Pastries - Mintal,Cakes,5.0,24,Davao City Davao Del Sur,True,5.0
c4bj,"Italian Pizzeria, Burgers, Wings, Pasta & Rolls by Crave & Chill",Pasta,4.5,97,Manila,True,4.5
c4bj,Sushi Meets Pasta - Biak na Bato,Pasta,4.4,96,Manila,True,4.4
c4dd,Melonpan Ice - Robinsons Magnolia,Ice Cream,5.0,24,Quezon City,True,5.0
c4dj,Chicago Flame Dog - Robinsons Magnolia,American,4.9,220,Quezon City,True,4.9
c4eg,Calda Pizza - Rosedale Building,Pizza,4.8,215,Cebu City,True,4.8
c4eq,An'dale - Vibo Place,Chicken,0.0,0,Cebu City,False,
c4u4,Akibara Coffee & Tea - Ramos,Coffee,5.0,24,Cebu City,True,5.0
c4vg,Cafe France - Cardinal Santos Medical Center,Sandwiches,5.0,151,San Juan,True,5.0
c58z,Chooks To Go - Pardo,Chicken,5.0,244,Cebu City,True,5.0
c59b,The Barista Cup - Katipunan,Beverages,0.0,0,Quezon City,False,
c5ba,Hokkien Chinese Restaurant - Davao,Ulam,4.7,52,Davao City Davao Del Sur,True,4.7
c5fs,Hotbox Katipunan,Silog,0.0,0,Quezon City,False,
c5gm,Master Siomai - Robinsons Place Ormoc,Siomai,4.9,95,Ormoc Leyte,True,4.9
c5ie,KARAAGE MOGAMI - KABUKI FOOD DECK,Japanese,5.0,76,Makati City,True,5.0
c5jp,McDonald's - Malolos South,Fast Food,4.9,17339,Malolos Bulacan,True,4.9
c5kq,Al Jograts Persian Grill - Maginhawa,Middle Eastern,5.0,2393,Quezon City,True,5.0
c5lo,Smash It: Burgers & More - Fairview,American,5.0,451,Quezon City,True,5.0
c5mm,Jos Larang and Grill - Pardo,Asian,5.0,918,Cebu City,True,5.0
c5pj,VIET NAM NO 1 RESTAURANT - Meridian,Unknown,4.6,13,Pasay City,True,4.6
c5qh,Jamba - Robinsons Place Manila,Beverages,5.0,867,Manila,True,5.0
c5rn,Watami - Vista Malolos,Japanese,0.0,0,Malolos Bulacan,False,
c5s0,PICKUP COFFEE - Citi Bank BGC,Coffee,5.0,414,Taguig City,True,5.0
c5tz,Yori Jori Korean Restaurant - Damosa,Asian,4.9,382,Davao City Davao Del Sur,True,4.9
c5uc,Pancit Ng Taga Malabon - Novaliches,Pancit,5.0,588,Quezon City,True,5.0
c5xw,Chixotic Wings - Anakbayan Street,Chicken Wings,4.2,27,Manila,True,4.2
c5zk,Max's Restaurant - Ayala Cebu,Chicken,4.9,379,Cebu City,True,4.9
c661,Ray's Chicken - IT Park Cebu,Chicken,0.0,0,Cebu City,False,
c667,Ergo's Lechon Manok Atbp. - Project 4,Chicken,0.0,0,Quezon City,False,
c67q,Workplace Café - Raintree Mall,Coffee,4.7,36,Cebu City,True,4.7
c6a7,Singko Star Lucky Fried Chicken - Katipunan Avenue,Fried Chicken,5.0,51,Quezon City,True,5.0
c6by,Tonkatsuya - Palm Tower B,Japanese,5.0,241,Makati City,True,5.0
c6cj,Jhunlyn's Food Place - South Road,Filipino,4.9,467,Cebu City,True,4.9
c6g1,Egg House - SM North The Block,Desserts,0.0,0,Quezon City,False,
c6g4,Chooks to Go - Gen Natividad Taguig,Chicken,5.0,33,Taguig City,True,5.0
c6hf,Gino's Sisig Lechon Belly De Cebu - Perez Boulevard,Filipino,4.9,554,Dagupan Pangasinan,True,4.9
c6i1,EBC - C&B Circle Mall,Snacks,5.0,536,Marikina,True,5.0
c6jq,Higala Lechon Manok & Liempo - Basak San Nicolas,Lechon,5.0,153,Cebu City,True,5.0
c6jt,Paluto Nga Po Since 2005 - Pritil,Sisig,5.0,3176,Manila,True,5.0
c6kj,Chefboy Negro - Masinop,Filipino,5.0,588,Malolos Bulacan,True,5.0
c6lx,Happy Kopi - Rivera Street Dagupan,Milk Tea,0.0,0,Dagupan Pangasinan,False,
c6m9,Ruby n' Shayne Cafe,Coffee,0.0,0,Manila,False,
c6tk,Five Star Chicken - San Pablo Malolos,Chicken,5.0,517,Malolos Bulacan,True,5.0
c6tm,Halo-Halo Story - SM City Center Pasig,Desserts,4.9,23,Pasig City,True,4.9
c6vh,CoCo Fresh Tea & Juice - Century Mall,Milk Tea,5.0,10715,Makati City,True,5.0
c6vk,Lots'a Pizza - Greenhills Shopping Center,Pizza,5.0,258,San Juan,True,5.0
c6yb,Sherwin's Il Cucina - Deca Homes,Pizza,4.9,138,Davao City Davao Del Sur,True,4.9
c72r,Kang Patrick Restaurant - Santa Cruz Street,Filipino,4.7,59,Ormoc Leyte,True,4.7
c769,Gang Gang Boneless Fried Chicken - Ortigas Avenue,Fried Chicken,5.0,1077,Pasig City,True,5.0
c783,MeokBang Kbbq - Makati,Filipino,0.0,0,Makati City,False,
c7a6,Mexicali - Mother Ignacia Avenue,Chicken Wings,0.0,0,Quezon City,False,
c7co,KFC - Edsa Central,Fast Food,4.9,5074,Mandaluyong City,True,4.9
c7df,Dencio's - Medical City,Filipino,4.4,16,Pasig City,True,4.4
c7dw,Tatay Rene's Pansitan - Toril,Filipino,5.0,547,Davao City Davao Del Sur,True,5.0
c7en,CoCo Fresh Tea & Juice - SM Lanang,Milk Tea,5.0,4656,Davao City Davao Del Sur,True,5.0
c7li,Samurai Foods - Cash & Carry,Takoyaki,5.0,414,Makati City,True,5.0
c7lj,Chachago - Sycamore Prime Building,Beverages,5.0,93,Muntinlupa City,True,5.0
c7qt,Tomatito - Estancia,American,0.0,0,Pasig City,False,
c7ra,Viajera Dine and Cafe - Gensan Drive,Korean,5.0,116,Koronadal South Cotabato,True,5.0
c7uc,Doon Thai and Asian Fusion Cuisine - Magallanes,Thai,5.0,320,Makati City,True,5.0
c7uf,Ramen Nagi - Ayala Malls Feliz,Ramen,5.0,159,Marikina,True,5.0
c7w0,Seven o'clock Cafe - Scout Castor,Italian,0.0,0,Quezon City,False,
c7yh,Sisig Hooray - UST Multi-Deck Carpark,Sisig,4.8,743,Manila,True,4.8
c83j,Jayrence Food Hub - The Barracks,Rice Bowl,4.8,52,Cebu City,True,4.8
c87x,Las Flores - S'Maison,American,0.0,0,Pasay City,False,
c8bc,Roadway Cafe & Bar - Gensan Drive,Beverages,4.9,199,Koronadal South Cotabato,True,4.9
c8fg,Pancake House - Shangri-La,American,5.0,185,Mandaluyong City,True,5.0
c8lf,Sakura Musubi - Robinsons Galleria,Seafood,4.9,70,Quezon City,True,4.9
c8mm,Masterfruitee - Agdao,Fruit Shake,4.9,860,Davao City Davao Del Sur,True,4.9
c8np,Yellow Cab - Malolos Kapitolyo,Pizza,5.0,1418,Malolos Bulacan,True,5.0
c8qy,Double B Burgers - Santa Ignacia Street,Burgers,5.0,22,Quezon City,True,5.0
c8rd,Sisigsarada - Rada Street,Sisig,4.9,1088,Makati City,True,4.9
c8rk,Reyes Barbecue - Ayala Malls Feliz,Chicken,5.0,123,Pasig City,True,5.0
c8rm,Jafar's Shawarma - Vibo Place,Wraps,5.0,3490,Cebu City,True,5.0
c8sc,Southblend x Tatakoyaki - Muntinlupa,Beverages,5.0,754,Muntinlupa City,True,5.0
c8tu,Beanukid Bake & Brew - Kantina Food Park,Beverages,5.0,92,Valencia Bukidnon,True,5.0
c8y2,Hong Kui Jia - Ags Plaza Washington Street,Asian,0.0,0,Makati City,False,
c8zh,Daily Dose - Gensan Drive,Coffee,5.0,544,Koronadal South Cotabato,True,5.0
c95x,Nono's - Greenfield,Sandwiches,4.5,16,Mandaluyong City,True,4.5
c97e,Ala Eh! Batangas Lomi And Pares - Del Monte Avenue,Filipino,5.0,547,Quezon City,True,5.0
c98m,R.Lapid's Chicharon & Barbecue - S&R Alabang,Snacks,0.0,0,Muntinlupa City,False,
c9av,Tasty Panda - Dela Rosa,Chicken,5.0,2858,Makati City,True,5.0
c9az,The Potion,Beverages,0.0,0,Manila,False,
c9ew,Luk Yuen - Greenhills,Chinese,4.9,763,San Juan,True,4.9
c9hf,Tapadera - Buma Building,Filipino,4.9,87,Makati City,True,4.9
c9hs,SAMBAL by Spice Fusion Restaurant - Ayala Center,Asian,4.9,216,Cebu City,True,4.9
c9hx,KFC - Alabang Town Center,Fast Food,4.9,2249,Muntinlupa City,True,4.9
c9ie,Rice Rocket - Blue Bay Walk,Asian,5.0,207,Pasay City,True,5.0
c9iw,RSB Takoyaki - Gaisano Valencia,Takoyaki,4.9,108,Valencia Bukidnon,True,4.9
c9js,Kapihan ni Lumaya - Palm Grass Hotel,Chicken,0.0,0,Cebu City,False,
c9kf,Mamak Kopitiam - Glorietta 4,Rice Bowl,0.0,0,Makati City,False,
c9ms,Johnn Lemon - Venice Grand Canal Mall,Beverages,5.0,248,Taguig City,True,5.0
c9mt,Thai Mango By Chef Kim - Makati,Thai,5.0,1943,Makati City,True,5.0
c9pw,La Stanza Meetings Events and Lifestyle Club - JM Panganiban Street,Filipino,5.0,129,Marikina,True,5.0
c9qc,Haro Haro - Victory Pasay Mall,Milk Tea,5.0,131,Pasay City,True,5.0
c9ts,Candy Corner - Market! Market!,Desserts,5.0,30,Taguig City,True,5.0
c9w5,Modern Shanghai - MOA,Chinese,0.0,0,Pasay City,False,
c9ze,Zagu - Champaca Street,Beverages,5.0,355,Taguig City,True,5.0
ca14,Maiora - Loyola Heights,Asian,0.0,0,Quezon City,False,
ca3s,Avocadoria.ph - Uptown Mall,Ice Cream,5.0,28,Taguig City,True,5.0
ca3x,Sulit Shawarma! - BGC,Shawarma,4.9,413,Taguig City,True,4.9
ca6h,Civica Food and Beverage House - Union Civica,Coffee,0.0,0,Quezon City,False,
ca81,LiberTea MilkTea – SM Lanang,Milk Tea,4.9,118,Davao City Davao Del Sur,True,4.9
caip,Tomo Kopi SPH - C Guzman Street,Coffee,5.0,301,Davao City Davao Del Sur,True,5.0
cajz,Mamit's Crispy Pata- E Rodriguez,Filipino,0.0,0,Quezon City,False,
canu,Mang Domeng's Bibingka - Mirea Residences,Cakes,4.6,11,Pasig City,True,4.6
cara,Pasta Bella - Poblacion,Pasta,4.9,120,Makati City,True,4.9
cax5,Dot Coffee - Ayala Malls Manila Bay,Coffee,5.0,155,Manila,True,5.0
cb09,Chammie - Tomas Morato,Filipino,5.0,893,Quezon City,True,5.0
cb1t,D.R Burger - Santa Lucia,Burgers,5.0,41,Quezon City,True,5.0
cb7n,Wapeul - New Era,Siomai,0.0,0,Quezon City,False,
cb7y,Urbanica Milk Coffee - SM City Davao,Coffee,5.0,1377,Davao City Davao Del Sur,True,5.0
cbdh,Bingbing's Bulaloan - Matina Aplaya,Bulalo,4.9,191,Davao City Davao Del Sur,True,4.9
cbe0,Cold Sip - Malibay,Beverages,4.8,38,Pasay City,True,4.8
cbef,DHB Snack House - Meralco Street,Fast Food,4.9,2581,Taguig City,True,4.9
cbgb,Sunnypoint Bakeshop - Pichon,Bread,4.9,177,Davao City Davao Del Sur,True,4.9
cbhs,Pizza Dash - Antonio Ave,Fast Food,4.9,48,Pasig City,True,4.9
cbjm,Macao Imperial Tea - SM Lanang,Beverages,4.7,103,Davao City Davao Del Sur,True,4.7
cbk2,Palgakdo - Robinsons Galleria,Korean,0.0,0,Quezon City,False,
cbk8,Shawarma And Kebab House - Mamay Road,Shawarma,5.0,218,Davao City Davao Del Sur,True,5.0
cbke,Bulalo World Express - Pitogo Kalayaan,Bulalo,4.9,207,Taguig City,True,4.9
cbmy,Potato Giant - Puregold Mindanao Avenue,Fries,5.0,32,Quezon City,True,5.0
cbn6,Partners Pares - Roosevelt,Filipino,5.0,1442,Quezon City,True,5.0
cbn8,Holy Chick! - White Plains Ave,Chicken,0.0,0,Quezon City,False,
cbtn,Kisaw Brewders Kafe - Tambayan ni Filemon,Coffee,5.0,18,Cebu City,True,5.0
cbz5,Kkopi.Tea / Hiro-aki Italian Pizza - MC Square,Beverages,5.0,132,Quezon City,True,5.0
cc0p,Gotobox - Southgate Mall,Filipino,4.9,287,Makati City,True,4.9
cc29,RAMEN AVENUE - Sampaloc,Asian,5.0,649,Manila,True,5.0
cc5l,Smash It: Burgers & More - Manila,American,4.9,2197,Manila,True,4.9
ccbh,Manam's Pancit Pancitan - Estancia,Filipino,4.9,36,Pasig City,True,4.9
ccbm,Rice and Shine - Pasay,Silog,5.0,1130,Pasay City,True,5.0
ccc3,Grill Alley - San Mateo Street,Japanese,5.0,37,Makati City,True,5.0
ccgf,Masawrap - UN Square,Shawarma,0.0,0,Manila,False,
ccno,FCJ Pizza - Puregold Malolos,Pizza,5.0,1027,Malolos Bulacan,True,5.0
ccoe,SELECTA ICE CREAM-MOONLEAF CIRCUIT MANOR HOTEL MAKATI,Ice Cream,5.0,91,Makati City,True,5.0
ccpe,Ferino's Bibingka - SM Megamall,Filipino,0.0,0,Mandaluyong City,False,
ccsd,Conlu Bread and Pastry Shop - Ecoland,Cakes,5.0,607,Davao City Davao Del Sur,True,5.0
ccsi,Abuela Cantina - San Juan,Wraps,0.0,0,San Juan,False,
ccx2,Scam Riders Resto Bar - Santa Cruz,Filipino,0.0,0,Manila,False,
ccxm,Being Juice -  SM North Edsa,Beverages,0.0,0,Quezon City,False,
ccyq,Corleone's Italian Restaurant - Makati,Italian,2.2,13,Makati City,True,2.2
ccyv,Mala Malatang - Senior Gil J Puyat Avenue,Asian,4.8,49,Makati City,True,4.8
cd18,Don Benito's - Pateros A,Cakes,5.0,292,Makati City,True,5.0
cd1t,24/7 Eats - BGC,Snacks,5.0,2193,Taguig City,True,5.0
cd8f,Five Star Chicken - Tandang Sora,Chicken,5.0,22,Quezon City,True,5.0
cdej,Shell Cafe - Bago Aplaya,Coffee,0.0,0,Davao City Davao Del Sur,False,
cdio,Brew Nook Cafe - Barangay Socorro,Filipino,0.0,0,Quezon City,False,
cdn4,Gotchu Jang: Korean Bowls - Marikina Heights,Korean,5.0,454,Marikina,True,5.0
cdnp,Cafe Amazon -  Robinsons Cyber Omega,Coffee,5.0,314,Pasig City,True,5.0
cdqh,Randy's Donuts - UP Town Center,American,0.0,0,Quezon City,False,
cdqs,Cloudbrew Cafe - España Boulevard,Milk Tea,4.7,2015,Quezon City,True,4.7
cdwb,DuoBrew - Tisa,Filipino,0.0,0,Cebu City,False,
cdzv,Turks - Alabang Town Center Food Choices,Shawarma,0.0,0,Muntinlupa City,False,
ce14,PICKUP COFFEE - Graceland Mall Malolos,Coffee,5.0,409,Malolos Bulacan,True,5.0
ce1n,Babaghanoosh! - Kapitolyo,Shawarma,5.0,86,Pasig City,True,5.0
ce1x,"Clara's French Crepes - Streetscape, Banilad",Cakes,4.9,80,Cebu City,True,4.9
ce21,Chelsy's Burger - San Antonio Matina,Burgers,4.9,39,Davao City Davao Del Sur,True,4.9
ce7k,BUDS' CAFE - Blas Ople Diversion Road,Coffee,4.9,11,Malolos Bulacan,True,4.9
ced6,Chifan Restaurant,Asian,0.0,0,Makati City,False,
cejo,Kambal Inasal - Krus Na Ligas,Chicken,0.0,0,Quezon City,False,
celf,Hakata Express - Robinsons Magnolia,Japanese,0.0,0,Quezon City,False,
cenj,Dragon Boba Tea House - Makati,Milk Tea,5.0,734,Makati City,True,5.0
ceug,Rice Rocket - Connecticut,Asian,0.0,0,Mandaluyong City,False,
cevm,33OZ Cafe - LG Garden Walk,Coffee,0.0,0,Lapu-Lapu City Cebu,False,
cezt,Wildflour Burger - Greenbelt 3,American,0.0,0,Makati City,False,
cf02,LUCK GARDEN SEAFOOD TEA HOUSE - Manila,Chinese,5.0,136,Quezon City,True,5.0
cf7d,Saige - Maginhawa,Rice Bowl,5.0,60,Quezon City,True,5.0
cffh,Sizzling Palace - Isetann,Filipino,4.9,400,Manila,True,4.9
cfhi,Buko Loco - WalterMart Makati,Fruit Shake,5.0,125,Makati City,True,5.0
cfjc,Mama Lou's Italian Kitchen - Ayala 30th,Italian,4.9,12,Pasig City,True,4.9
cfn1,Mexicano Bueno - Pasig,Rice Bowl,3.4,15,Pasig City,True,3.4
cfph,Minute Burger - Mayombo,Burgers,5.0,265,Dagupan Pangasinan,True,5.0
cfyg,Authentic Binondo Pancit Lechon Macau - Sampaguita Street,Chinese,4.9,91,Makati City,True,4.9
cfyn,Chawadicup - San Juan,Milk Tea,0.0,0,San Juan,False,
cg36,Booze & Brews Bar & Cafe - Salcedo Village,Beverages,0.0,0,Makati City,False,
cg6c,"Mix & Match Jollibee, Mang Inasal, Chowking & Greenwich - CityMall Bacalso",Unknown,5.0,5585,Cebu City,True,5.0
cg6e,Pansititoy - Bacaca,Pancit,5.0,410,Davao City Davao Del Sur,True,5.0
cg9e,Shawarma Shack - Matina Aplaya,Shawarma,5.0,864,Davao City Davao Del Sur,True,5.0
cgg4,Matcha Bar by Ken and Co. - North Fairview,Coffee,0.0,0,Quezon City,False,
cggs,Kurofune Japanese Unagi Restaurant-MALATE,Filipino,0.0,0,Manila,False,
cggw,Five Star Chicken - Rainbow Street Marikina,Chicken,0.0,0,Marikina,False,
cgj8,Guilt Free - Greenbelt 5,Healthy,4.9,168,Makati City,True,4.9
cgj8,Guilt Free - Glorietta 4,Healthy,4.9,164,Makati City,True,4.9
cgk4,Mang Jose Lechon at Inasal - Kapitolyo,Chicken,0.0,0,Pasig City,False,
cgno,Cafe Moni - Acacia Street,Coffee,5.0,20,Cebu City,True,5.0
cgsh,Manmaru Japanese Restaurant - Tomas Morato,Japanese,5.0,81,Quezon City,True,5.0
cgv7,Gugu Manju - Ayala Circuit Makati,Korean,5.0,184,Makati City,True,5.0
cgwe,Mr. Belly - Porras Street,Bulalo,0.0,0,Davao City Davao Del Sur,False,
cgxq,Mixue Ice Cream & Tea - Montillano Alabang,Milk Tea,5.0,105,Muntinlupa City,True,5.0
cgyu,Cafe Amazon - Manhattan Parkway,Coffee,5.0,368,Quezon City,True,5.0
ch03,Louie's Buko - SM Megamall,Fruit Shake,0.0,0,Mandaluyong City,False,
ch21,24/7 Wings - Pasay,Chicken Wings,4.9,373,Pasay City,True,4.9
ch87,Yoshinoya - SM Megamall,Japanese,4.9,702,Mandaluyong City,True,4.9
ch9a,Dunkin Donuts - Santa Cruz,Donut,5.0,104,Koronadal South Cotabato,True,5.0
chch,Terry's Bistro - Streetscape Mall Cebu,Asian,4.3,25,Cebu City,True,4.3
cheg,Kakay's - SM Mall of Asia,Halo-Halo,0.0,0,Pasay City,False,
chfk,Brownies Unlimited - SM Makati,Desserts,5.0,295,Makati City,True,5.0
chht,Dookki - Market Market,Korean,0.0,0,Taguig City,False,
chml,Cheelog - Buhangin,Filipino,4.7,77,Davao City Davao Del Sur,True,4.7
chp2,Moro Grounds Restaurant,Asian,4.7,17,Davao City Davao Del Sur,True,4.7
chqt,Sidechick - 9th Avenue Corner 26th street,Sandwiches,5.0,92,Taguig City,True,5.0
chrv,Treat Me Pls! - Waltermart Tanauan,Snacks,5.0,37,Taguig City,True,5.0
chvz,Big Chill - SM North EDSA,Fruit Shake,5.0,86,Quezon City,True,5.0
ci3j,Soy & Bean - Nasipit Road,Healthy,5.0,428,Cebu City,True,5.0
ci3o,Mood & Coffee - UST Dapitan,Coffee,5.0,489,Manila,True,5.0
cias,Mang BoyAlfredo Lugawan - Pasong Putik,Porridge,5.0,115,Quezon City,True,5.0
cicr,D Originals Hongkong Fried Noodles - Arsenio Herrera Street,Rice Noodles,5.0,46,Manila,True,5.0
cid0,Potato Corner - DABS Sumulong Highway,Fries,5.0,299,Marikina,True,5.0
cij4,Waffle Grid - Tisa,Pancakes & Waffles,0.0,0,Cebu City,False,
cijd,Champs Burger Festival Mall,American,5.0,25,Muntinlupa City,True,5.0
cilv,Candy Corner - Estancia,Desserts,0.0,0,Pasig City,False,
cily,SUNSCOR GROCERAMA FASTFOOD - Saavedra Street,Filipino,4.9,125,Davao City Davao Del Sur,True,4.9
ciqc,Sip Café - Capitol,Silog,4.9,213,Cebu City,True,4.9
ciro,Chef Brown - Bacood,Filipino,5.0,859,Manila,True,5.0
ciu7,CJ's Grill & Resto Bar - Alfredo Paredes Street,Bulalo,4.9,62,Koronadal South Cotabato,True,4.9
ciu8,Takoyadon - Robinsons Malolos,Takoyaki,4.0,12,Malolos Bulacan,True,4.0
cixg,CoCo Fresh Tea & Juice - Alfamart MOA,Milk Tea,5.0,1646,Pasay City,True,5.0
cj2y,Dongpo Chinese Cuisine - Eastgate Plaza,Ulam,4.9,53,Dagupan Pangasinan,True,4.9
cjdk,Singapore Chicken Rice by K&W - Asuncion St,Fried Chicken,4.8,64,Makati City,True,4.8
cjdv,Le Sucre Lab - UP Town Center,Cakes,5.0,87,Quezon City,True,5.0
cjfu,Eat & Run - Tondo,Filipino,4.9,51,Manila,True,4.9
cjig,Mexicano Bueno - Granada Street,Rice Bowl,0.0,0,Quezon City,False,
cjks,Nuts2Go - Mactan Street,Snacks,5.0,306,Cebu City,True,5.0
cjpq,Shokudo - Eastwood City Walk 2,Japanese,0.0,0,Quezon City,False,
cjq7,Super Chicken Tenders - Ortigas,Chicken,0.0,0,Mandaluyong City,False,
cjtx,TakoGenki -SMR,Takoyaki,5.0,205,Marikina,True,5.0
ck07,Nana Food and Beverages - SM Seaside,Fruit Shake,0.0,0,Cebu City,False,
ck34,Ms Tanghulu - Yakal Street,Ice Cream,0.0,0,Makati City,False,
ck6g,Wo Ai Ni Cantonese Food - Tondo Manila,Dim Sum,3.8,59,Manila,True,3.8
ck7n,Pabs Table - B Domingo M Guevara,Italian,0.0,0,Mandaluyong City,False,
ckfz,Happy Kopi - Barangay 813,Coffee,0.0,0,Manila,False,
ckgj,Marbel Food Harbor - Poblacion,Filipino,0.0,0,Koronadal South Cotabato,False,
ckhd,Buklod Kapé,Filipino,0.0,0,Quezon City,False,
ckiu,I Love Milktea - Caranglaan Dagupan,Milk Tea,0.0,0,Dagupan Pangasinan,False,
ckl1,New York Buffalo Brads Hot Wings - Mactan,Chicken,5.0,1174,Lapu-Lapu City Cebu,True,5.0
ckok,Frankie's New York Buffalo Wings - Sundry Food Hall Malate,Chicken Wings,5.0,185,Manila,True,5.0
ckqw,Italianni's - McKinley,Italian,0.0,0,Taguig City,False,
clc8,Mister Donut - Puregold North Commonwealth,Donut,5.0,23,Quezon City,True,5.0
clhs,The Clay Oven Co.,Unknown,5.0,10,Marikina,True,5.0
clm4,Gang Gang Boneless Fried Chicken - Bonifacio Street,Fried Chicken,4.9,332,Davao City Davao Del Sur,True,4.9
clml,Under the Balete - West Avenue,Filipino,0.0,0,Quezon City,False,
clud,Bulalo World Express - Villonco,Bulalo,5.0,95,Quezon City,True,5.0
clvh,BOK Korean Fried Chicken – IT Park,Fried Chicken,5.0,914,Cebu City,True,5.0
clvs,TOMORO COFFEE - Dagupan Junction,Coffee,5.0,80,Dagupan Pangasinan,True,5.0
clx7,Dragon Takoyaki - Boni Halcon,Milk Tea,4.9,840,Mandaluyong City,True,4.9
clxe,Yoboo by Chaboba - SM North EDSA,Beverages,5.0,43,Quezon City,True,5.0
cm2g,Nono's - Smaison,Sandwiches,4.9,16,Pasay City,True,4.9
cm39,Koepi - Ormoc,Coffee,4.9,18,Ormoc Leyte,True,4.9
cm3h,Kyrie's Tapsilogan,Fast Food,0.0,0,Pasay City,False,
cm80,Sizzlin' Steak - Banawe,American,5.0,1,Quezon City,True,5.0
cma5,Starbucks - Market Market,Coffee,5.0,3900,Taguig City,True,5.0
cmh3,Myeongdong24 - The Ridges,Korean,5.0,33,Cebu City,True,5.0
cmiw,Delicake Cafe - Marfori,Cakes,0.0,0,Davao City Davao Del Sur,False,
cmjw,Best Bites Boneless Fried Chicken - Maysilo Circle,Chicken,2.6,11,Mandaluyong City,True,2.6
cmnv,Cafe de Sugbo - Pasil,Coffee,4.8,27,Cebu City,True,4.8
cmt2,Mano Chicken - Amang Rodriguez,Fried Chicken,4.6,58,Pasig City,True,4.6
cmtu,Wings & Chops - J Ruiz Street,Chicken Wings,5.0,10,San Juan,True,5.0
cmus,Banh Mi Kitchen - SM Lanang,Thai,5.0,53,Davao City Davao Del Sur,True,5.0
cn4h,Amore Bread & Booze - Golden Phoenix Hotel Manila,Pizza,0.0,0,Pasay City,False,
cnc0,Smash It: Burgers & More - Pasay,American,4.9,1021,Pasay City,True,4.9
cngx,Chicken Chingu - G Tolentino Street,Fried Chicken,0.0,0,Manila,False,
cnhd,Don Macchiatos - Dagupan,Milk Tea,4.9,27,Dagupan Pangasinan,True,4.9
cnk8,Kubyertos - Elpidio Quirino Avenue,Pancit,0.0,0,Davao City Davao Del Sur,False,
cnob,My Girl Milk Tea and Coffee - Robinsons Novaliches,Milk Tea,0.0,0,Quezon City,False,
cnp5,MACBREW COFFEE SHOP,Beverages,0.0,0,Quezon City,False,
cnt6,Wealth Tea - California Village,Milk Tea,5.0,24,Quezon City,True,5.0
cnye,Shakekanan Snack Bar - Borces Street,Milk Tea,4.9,45,Cebu City,True,4.9
co39,Boss’Toppings - Mintal,Rice Bowl,0.0,0,Davao City Davao Del Sur,False,
co46,Frying Chicken X Bokki Tteok Bokki - JP Rizal Street,Korean,4.9,27,Marikina,True,4.9
co7j,Apartment 1B - 6F Arthaland,Unknown,0.0,0,Taguig City,False,
co9d,Chefie's Special - Malolos,Japanese,0.0,0,Malolos Bulacan,False,
comj,De Original Jamaican Pattie Shop and Juice Bar - Uptown Bonifacio,Filipino,5.0,224,Taguig City,True,5.0
comp,Taco Stop - Makati,Western,4.7,534,Makati City,True,4.7
conn,PAPA JES'S PIZZA HOUSE,Pizza,0.0,0,Makati City,False,
cooo,Dining Hime Japanese Food And Bar - Damosa,Japanese,4.9,146,Davao City Davao Del Sur,True,4.9
coqd,The Original Boat Noodle - SM Mall of Asia,Thai,4.9,97,Pasay City,True,4.9
cosf,Best Bites Boneless Fried Chicken - Roosevelt Avenue,Fried Chicken,4.7,308,Quezon City,True,4.7
cowj,Milk Tea Safari - Malibay,Milk Tea,5.0,181,Pasay City,True,5.0
cp8p,Maryam Kebab House - Kamias,Middle Eastern,4.9,868,Quezon City,True,4.9
cpda,Saige - Kapitolyo,Rice Bowl,5.0,38,Pasig City,True,5.0
cpdp,Johnny's Sizling and Grill House - Rasay St,Filipino,4.9,17,Davao City Davao Del Sur,True,4.9
cpmq,Dinaks Restaurant - The Green Zone,Fast Food,0.0,0,Pasig City,False,
cppj,Beans Riyal Food and Refreshment Hub,Filipino,0.0,0,Pasig City,False,
cq1h,Shawarma Shack - Private Road,Shawarma,4.9,898,Mandaluyong City,True,4.9
cq2d,HONEY DANJI KOREAN RESTAURANT INC. - Grand Emerald Tower Condominiums,Korean,5.0,119,Pasig City,True,5.0
cq2l,Founders Donuts - Zobel Roxas,Donut,5.0,132,Makati City,True,5.0
cq2m,Highlands Coffee - Two E-Com,Coffee,5.0,633,Pasay City,True,5.0
cq4o,Enricos Bakeshop Food And Drinks - Aurora Street,Bread,5.0,131,Pasay City,True,5.0
cq6o,Lemon Square Bakery Treats - Maysilo Mandaluyong,Cakes,5.0,348,Mandaluyong City,True,5.0
cqlj,Ramen Shokudo - Sonema Square,Ramen,5.0,80,San Juan,True,5.0
cqr3,Sangkil Too - Matina Aplaya Road,Sisig,0.0,0,Davao City Davao Del Sur,False,
cr23,S&R New York Style Pizza - Ayala Fairview Terraces,Pizza,5.0,2474,Quezon City,True,5.0
cr2y,Ling Nam Fried Siopao - Marikina,Snacks,0.0,0,Marikina,False,
cr2y,Ling Nam Fried Siopao - Concepcion Uno,Snacks,0.0,0,Marikina,False,
cr9g,House of Inasal - Bonifacio,BBQ,0.0,0,Davao City Davao Del Sur,False,
cran,Tercy's Beauty Studio Cafe,Coffee,0.0,0,Quezon City,False,
crex,Goto Topps - Ever Commonwealth,Filipino,4.9,14,Quezon City,True,4.9
crj1,Coffee Buddy - Morayta,Coffee,4.9,16,Manila,True,4.9
crnu,BingChun Tea - Puregold Taguig,Desserts,0.0,0,Taguig City,False,
crou,Red Box Cakes and Pastries - Baliok,Cakes,5.0,26,Davao City Davao Del Sur,True,5.0
crp3,Anyhow Inasal - Santa Ana,BBQ,5.0,61,Manila,True,5.0
crs4,New York Diner - Arellano Street,Chicken Wings,0.0,0,Dagupan Pangasinan,False,
crsw,Takam Chan - Craig St,Asian,0.0,0,Manila,False,
crt2,24 Chicken - Pasig,Fried Chicken,5.0,2868,Pasig City,True,5.0
crt3,Avocadoria.ph - The Outlets at Pueblo Verde,Desserts,5.0,98,Lapu-Lapu City Cebu,True,5.0
crvx,Chooks to Go - Comembo,Chicken,5.0,368,Makati City,True,5.0
crzr,Chew Baka - Lopez Jaena,Lechon,5.0,235,Davao City Davao Del Sur,True,5.0
cs20,Daily Cup - Buhisan Road,Coffee,4.7,10,Cebu City,True,4.7
csaj,Cafe Portofino - Charmview,Filipino,0.0,0,Taguig City,False,
csar,STK ta Bai sa Paolito's Seafood House - Capitol Site,Seafood,4.9,137,Cebu City,True,4.9
csc0,Skyline Sports and Social,Filipino,0.0,0,Makati City,False,
cscf,Bonapartea Cafe - Pandacan,Filipino,4.7,128,Manila,True,4.7
csgh,Tokyo Milk Cheese Factory - Eastwood,Cakes,5.0,56,Quezon City,True,5.0
cshg,Brew J Cafe - San Roque,Beverages,0.0,0,Marikina,False,
cshj,Pad Thai in a Box - Maginhawa Street,Thai,5.0,549,Quezon City,True,5.0
csl7,Mr. Korean Chicken Sandwich - Pasig,Korean,5.0,533,Pasig City,True,5.0
csnr,Sajang Chicken - San Lorenzo,Chicken,4.9,56,Makati City,True,4.9
csrg,Supremo Pares- Lanang,Pares,0.0,0,Davao City Davao Del Sur,False,
csvm,Grilled Burger Factory- Mercedes branch,Fast Food,5.0,53,Pasig City,True,5.0
ct86,Thai-Streat Restaurant,Thai,0.0,0,Pasig City,False,
ct9b,Matchy-Matcha Main Cafe,Filipino,0.0,0,Quezon City,False,
ctc6,Chicken Star - Aguilar Street Valencia,Fried Chicken,5.0,121,Valencia Bukidnon,True,5.0
ctco,Thai Mango By Chef Kim - Malate,Thai,5.0,440,Manila,True,5.0
ctdq,8 Tentacles Takoyaki - North Olympus,Japanese,4.9,1299,Quezon City,True,4.9
ctie,Aiza's Kitchen - Saint Joseph Street,Filipino,5.0,1638,Cebu City,True,5.0
ctll,Chooks! - Waltermart Malolos,Fried Chicken,4.9,162,Malolos Bulacan,True,4.9
ctlq,Cafe 32nd st - BGC,Coffee,4.5,13,Taguig City,True,4.5
ctlq,Lotus Tea and Coffee - BGC,Coffee,0.0,0,Taguig City,False,
ctn3,Ben’s halo-halo,Halo-Halo,5.0,37,Makati City,True,5.0
cto3,Lemon O Wala - Kamuning,Milk Tea,5.0,266,Quezon City,True,5.0
ctok,Sokiro Takoyaki & Milktea - Sumulong Highway,Takoyaki,4.9,503,Marikina,True,4.9
ctpv,Paramount Coffee - Lanang,Coffee,0.0,0,Davao City Davao Del Sur,False,
ctsn,Cakes and Memories Bakeshop - Cebu City,Cakes,5.0,872,Cebu City,True,5.0
ctxt,Ngato Cafe,Beverages,0.0,0,Quezon City,False,
ctz9,Seafood and Oyster Bar -  Public Eatery Robinsons Magnolia,Seafood,4.5,12,Quezon City,True,4.5
cu34,Gong Cha - Vista Mall Malolos,Milk Tea,5.0,488,Malolos Bulacan,True,5.0
cu4q,Candy Corner - SM City Manila,Desserts,5.0,11,Manila,True,5.0
cu91,Tiger Sugar - Robinsons Magnolia,Milk Tea,5.0,281,Quezon City,True,5.0
cuaw,Lechoneria - SM City Fairview,Ulam,0.0,0,Quezon City,False,
cukw,Urbanica Milk Coffee - Bulacao Pardo,Beverages,5.0,265,Cebu City,True,5.0
cumu,Machi Mango Mojon,Beverages,0.0,0,Malolos Bulacan,False,
cv5r,Marugame Udon - Venice Grand Canal,Japanese,5.0,1104,Taguig City,True,5.0
cv6l,Daily Dose Chickenbox - Gensan Drive,Fried Chicken,5.0,106,Koronadal South Cotabato,True,5.0
cvfc,MOMOYO - Gmall Valencia,Ice Cream,5.0,88,Valencia Bukidnon,True,5.0
cvfc,MOMOYO ICE CREAM & ICED COFFEE - Gmall Valencia,Ice Cream,5.0,56,Valencia Bukidnon,True,5.0
cvh8,Goto Kips - Scout Borromeo Street,Filipino,5.0,435,Quezon City,True,5.0
cvkp,Zubuchon - Pacific Mall,Filipino,4.9,63,Cebu City,True,4.9
cvmv,Takoyadon - 168 Mall,Takoyaki,5.0,14,Manila,True,5.0
cvrg,Ling Nam Fried Siopao - Puregold Shaw,Bread,0.0,0,Mandaluyong City,False,
cw48,Samgyeop Grill Box - Saint Mary Avenue,Korean,5.0,33,Marikina,True,5.0
cw5p,Sourdough Cafe - Tomas Morato,Western,5.0,12,Quezon City,True,5.0
cw6j,Urbanica Milk Coffee - SM Manila,Coffee,5.0,1576,Manila,True,5.0
cwby,Le Katsu Mnl - Novaliches,Japanese,0.0,0,Quezon City,False,
cwii,YoCoco - Food District Signature on 5th,Ice Cream,0.0,0,Taguig City,False,
cwlb,Momo Eggdrop - Mall of Asia,Sandwiches,5.0,28,Pasay City,True,5.0
cwo6,House of Katsu - Visayas,Coffee,4.8,707,Quezon City,True,4.8
cx1p,ZUS Coffee - Greenfield District Zitan,BBQ,5.0,88,Mandaluyong City,True,5.0
cx2i,Yujun Korean Food Mart - Evangelista,Korean,5.0,191,Pasig City,True,5.0
cx5g,King Sisig Express - Felix Ave Karangalan,Sisig,5.0,52,Pasig City,True,5.0
cx8y,Leaftea Milktea Bar - Sta Lucia,Milk Tea,5.0,215,Taguig City,True,5.0
cxcc,Subway - Capital Towers,Sandwiches,5.0,1620,Quezon City,True,5.0
cxdk,De Original Jamaican Pattie Shop and Juice Bar - Double Dragon Plaza,Filipino,5.0,319,Pasay City,True,5.0
cxnp,Mr. Liempo - Tisa 1,Lechon,5.0,63,Cebu City,True,5.0
cxqv,ChiCha San Chen - V-Mall Greenhills,Milk Tea,5.0,21,San Juan,True,5.0
cxuc,Burrito MNL - Arcovia,Wraps,4.8,27,Pasig City,True,4.8
cxyf,Fruity Lemons & Coco+ - Farmers Plaza,Fruit Shake,0.0,0,Quezon City,False,
cy1k,Eataewon - Glorietta,Korean,4.6,11,Makati City,True,4.6
cybr,Chicken Express - Malolos,Chicken,0.0,0,Malolos Bulacan,False,
cyig,Felisity Cafe - E Capitol Drive,Rice Dishes,4.8,20,Pasig City,True,4.8
cynu,Pho Mahal Restaurant - Ocampo Street,Asian,5.0,414,Manila,True,5.0
cysk,Burger Bomb - U.N,Burgers,0.0,0,Manila,False,
cyws,Conti's Take Out Nook (Kiosk) - Market Market,Cakes,5.0,241,Taguig City,True,5.0
cyxu,El Pollo Loco - Shangri-La,American,4.9,18,Mandaluyong City,True,4.9
cyy6,Tiong Bahru Boneless Hainanese Chicken Rice - Gateway Mall II,Chicken,0.0,0,Quezon City,False,
cz1v,Opon Republik - Mactan Town Center,Asian,5.0,54,Lapu-Lapu City Cebu,True,5.0
cz3n,Tootea Cafe - Scout Torillo,Milk Tea,4.9,12,Quezon City,True,4.9
cz4t,Sisigsarada Savana - Vito Cruz Makati,Sisig,5.0,350,Makati City,True,5.0
cz8j,My Thai Kitchen - Ayala Malls Cloverleaf,Chicken,4.9,41,Quezon City,True,4.9
czag,Abaca Eats - Vista Mar Mactan,Rice Bowl,0.0,0,Lapu-Lapu City Cebu,False,
czfd,Fruitas - WalterMart Makati,Fruit Shake,5.0,255,Makati City,True,5.0
czg0,Mango Smootea - Don Julio Gregorio,Beverages,0.0,0,Quezon City,False,
czi4,COTTI COFFEE - SMDC Jazz Mall,Coffee,5.0,50,Makati City,True,5.0
czs5,Alley - Two Maridien,Rice Dishes,5.0,347,Taguig City,True,5.0
czs5,Wok Alley - BGC,Rice Dishes,5.0,327,Taguig City,True,5.0
czsr,David's Tea House Express - RCBC Plaza,Chinese,4.9,198,Makati City,True,4.9
czu5,Pagkain Sa Estero - Gagalangin,Chinese,0.0,0,Manila,False,
czv4,Hen Lin - Shell Pook Ligaya,Siomai,5.0,28,Quezon City,True,5.0
czxy,Tastes from the Greens - EDSA Guadalupe Makati,Milk Tea,5.0,710,Makati City,True,5.0
czxz,Conti's Bakeshop and Restaurant - Century City Mall,Cakes,5.0,920,Makati City,True,5.0
d03q,Takoyadon- Robinsons Galleria,Takoyaki,4.8,49,Quezon City,True,4.8
d05z,Peri-Peri Charcoal Chicken & Sauce Bar - Malate,Chicken,4.9,532,Manila,True,4.9
d0cw,Por’Que - SM MOA Foodhall,Filipino,4.9,101,Pasay City,True,4.9
d0gs,Goto Panalo - Midtown Subdivision,Filipino,4.9,1531,Marikina,True,4.9
d0hx,Avocado Locco - R Square Mall,Ice Cream,4.8,295,Manila,True,4.8
d0ms,28 Treasures HK Roast + Dimsum - Banawe,Chinese,5.0,1036,Quezon City,True,5.0
d0mz,Angry Octopus Authentic Takoyaki - AFP Village,Takoyaki,4.9,659,Taguig City,True,4.9
d0o9,Brunos' Mango Overload - Pitogo,Fruit Shake,4.9,336,Makati City,True,4.9
d0pm,Okane Charcoal Grill House - Maria Clara Street,Korean,4.6,1446,Quezon City,True,4.6
d0ru,Bread Pocket Cafe - Scout Torillo,Soups,4.9,159,Quezon City,True,4.9
d0x0,Serenitea - San Antonio Place,Milk Tea,5.0,661,Makati City,True,5.0
d0zf,Popcha Milktea Station - PASEO SATURNINO,Milk Tea,5.0,8612,Cebu City,True,5.0
d14u,Bron Michael's Food Hub,Filipino,5.0,16,Manila,True,5.0
d15j,Chachago - Petron C5 Diego Silang,Thai,5.0,190,Taguig City,True,5.0
d15q,Braddex Batchoy & Steamed Rice - Talamban,Chinese,5.0,1064,Cebu City,True,5.0
d1g3,Candy Corner - SM Fairview 3,Desserts,0.0,0,Quezon City,False,
d1gd,Ali Shawarma - Buhangin Diversion Road,Shawarma,4.8,179,Davao City Davao Del Sur,True,4.8
d1jd,Sapporo Milktea House - Avida BGC,Milk Tea,4.9,46,Taguig City,True,4.9
d1jd,Sapporo Milktea House - 9th Avenue,Milk Tea,4.9,27,Taguig City,True,4.9
d1jn,Crunch Time - Malate,Fried Chicken,5.0,349,Manila,True,5.0
d1ka,BBQ Bob - Maybunga,Unknown,5.0,398,Pasig City,True,5.0
d1n5,Baa Baa Thai Tea - SM City Manila,Milk Tea,5.0,110,Manila,True,5.0
d1ng,Js Grill and Restobar,Ulam,0.0,0,Lapu-Lapu City Cebu,False,
d1nz,Buko Juan - Robinsons Novaliches,Fruit Shake,4.9,29,Quezon City,True,4.9
d1on,Captain J Takoyaki - Ramos,Takoyaki,5.0,31,Cebu City,True,5.0
d1ps,Angel's Pizza - Mckinley West,Pizza,5.0,53,Taguig City,True,5.0
d1rs,CoCo Fresh Tea & Juice - SM Ecoland,Milk Tea,5.0,3274,Davao City Davao Del Sur,True,5.0
d1uj,Wrapz Shawarma Station - Luzon Avenue,Asian,0.0,0,Quezon City,False,
d1vc,LIANGPI Cold Noodles - Negros Street,Noodles,0.0,0,Makati City,False,
d1z8,Chikaan sa Cebu - Ayala Terraces,Filipino,4.8,100,Cebu City,True,4.8
d1zd,Seattle's Best Coffee - Matalino,Coffee,5.0,3262,Quezon City,True,5.0
d1zk,Fugui Restaurant,Asian,0.0,0,Manila,False,
d20k,Chooks! - Robinsons Ormoc,Fried Chicken,4.9,222,Ormoc Leyte,True,4.9
d234,Rogue Doughnuts - The Podium,Donut,4.9,108,Mandaluyong City,True,4.9
d239,Las Flores - Robinsons Magnolia,American,0.0,0,Quezon City,False,
d24w,The Good Food Co. - MTS,Asian,5.0,450,Davao City Davao Del Sur,True,5.0
d29x,The Holy Crab PH,Seafood,0.0,0,Pasig City,False,
d2aj,Fiesta Inasal - Pitpitan Street,Ulam,5.0,130,Marikina,True,5.0
d2bd,Razon's by Glenn - Perez,Filipino,5.0,575,Dagupan Pangasinan,True,5.0
d2c2,CHICHA San Chen - Legazpi Village,Milk Tea,0.0,0,Makati City,False,
d2ge,Cabalen - Market! Market!,Filipino,4.9,72,Taguig City,True,4.9
d2jq,TK Takoyaki - Victory Lacson,Donut,4.8,32,Manila,True,4.8
d2kj,WOW Shawarma - Cristobal Street,Shawarma,5.0,8341,Manila,True,5.0
d2lt,Mystic Kitchen - Catalunan Grande,Asian,4.8,168,Davao City Davao Del Sur,True,4.8
d2m6,Chibo Okonomiyaki - Mitsukoshi Mall,Japanese,5.0,19,Taguig City,True,5.0
d2mg,Panwiches & Nutwater - SM Lanang,Sandwiches,4.9,191,Davao City Davao Del Sur,True,4.9
d2my,Moshi Koshi Noodle Boss - Market Market,Japanese,4.9,108,Taguig City,True,4.9
d2p0,Ice Cream Scooper - España Boulevard,Ice Cream,5.0,3148,Manila,True,5.0
d2qt,David's Tea House - Banawe,Chinese,5.0,1532,Quezon City,True,5.0
d2rq,Olive Garden - MOA,American,0.0,0,Pasay City,False,
d2rz,Atoy’s Wings & Chips - War Veterans Avenue,Chicken,4.8,1315,Ormoc Leyte,True,4.8
d2wg,Grill Queen - Molave,Fast Food,4.9,453,Quezon City,True,4.9
d2y6,Heavenly Desserts by Chef Jeng - W Global Center 9th Ave. BGC,Cakes,5.0,146,Taguig City,True,5.0
d32u,Baliwag Lechon Manok ATBP - St. Francis Square,Filipino,4.9,690,Mandaluyong City,True,4.9
d3aq,Max Mango - San Nicolas,Milk Tea,5.0,3429,Pasig City,True,5.0
d3b1,Seoulgyupsal - Tomas Morato,Japanese,4.9,106,Quezon City,True,4.9
d3bp,Aling Lydia Tapsilogan - Molave Street,Silog,5.0,4214,Manila,True,5.0
d3bz,Ramen Nagi - SM Mall of Asia,Ramen,4.9,87,Pasay City,True,4.9
d3ft,Shakey's Pizza - Robinson's Ormoc,Pizza,5.0,593,Ormoc Leyte,True,5.0
d3g5,Lugawan Sa Tejeros - Kalentong,Porridge,5.0,6794,Manila,True,5.0
d3mj,Tokyo Prime - Russet Street,Silog,0.0,0,Marikina,False,
d3ou,Greenwich - Robinsons Ormoc,Pizza,5.0,1270,Ormoc Leyte,True,5.0
d3rv,Gong cha - SM City Novaliches,Milk Tea,5.0,1082,Quezon City,True,5.0
d3up,KFC - St. Joseph,Fast Food,5.0,7293,Quezon City,True,5.0
d3xm,Libertea Milktea - Mckinley,Milk Tea,5.0,505,Taguig City,True,5.0
d3zb,S&R New York Style Pizza - Newport,Pizza,5.0,2954,Pasay City,True,5.0
d48d,Royal Sakura Japanese Restaurant - Malate,Japanese,5.0,235,Manila,True,5.0
d4bh,Mess Hall Study and Coworking Cafe - Punta Princesa,Coffee,5.0,33,Cebu City,True,5.0
d4di,RBO Food Express - Labangon,Asian,5.0,2214,Cebu City,True,5.0
d4do,Kumokuro Ramens - Mandaluyong,Japanese,5.0,1693,Mandaluyong City,True,5.0
d4ev,AJHM Korean BBQ House - Suter Street,Korean,4.8,1206,Manila,True,4.8
d4f4,Tamtam Dessert Shop - Mercato de Mactan Food Park,Desserts,0.0,0,Lapu-Lapu City Cebu,False,
d4gg,Pinkberry - Rockwell,Desserts,5.0,310,Makati City,True,5.0
d4hf,Nanyang - Mall of Asia,Chicken,5.0,262,Pasay City,True,5.0
d4ja,Island Tea Co. - Escario Central,Beverages,4.1,123,Cebu City,True,4.1
d4je,Jonna Native Chicken & Seafoods  Grill - Davao City Diversion Road,BBQ,0.0,0,Davao City Davao Del Sur,False,
d4mi,Rice and Shine  - Marikina Heights,Silog,5.0,1122,Marikina,True,5.0
d4no,Potato Corner - Robinson's Place Terminal,Fries,5.0,339,Ormoc Leyte,True,5.0
d4pf,Papi Oli Bar and Resto - The Pop Up,Bread,4.9,10,Quezon City,True,4.9
d4qq,Urbanica Milk Coffee - Raintree Mall,Coffee,5.0,4254,Cebu City,True,5.0
d4qz,HAKATA EXPRESS - Uptown Mall BGC,Noodles,0.0,0,Taguig City,False,
d4r1,Indoffee Cafe - Visayas Avenue,Coffee,5.0,66,Quezon City,True,5.0
d4uf,Sumthn Coffee Bar - Kalayaan Avenue,Coffee,4.9,123,Makati City,True,4.9
d532,Pares Ta Bai - Lapulapu,Filipino,4.9,936,Cebu City,True,4.9
d54s,Oui tacos - Taft Avenue,Western,5.0,266,Pasay City,True,5.0
d5b5,Goldilocks - Quirino Davao (Santos Land Building),Cakes,5.0,144,Davao City Davao Del Sur,True,5.0
d5dj,Chooks to Go - Lugsungon Basak Lapu Lapu 2,Chicken,5.0,231,Lapu-Lapu City Cebu,True,5.0
d5gp,Urbanica Milk Coffee - Light Mall,Coffee,5.0,2484,Mandaluyong City,True,5.0
d5hd,Chowking - Central Block,Fast Food,5.0,8436,Cebu City,True,5.0
d5j3,Espresso Joe - Lilac Street,Coffee,5.0,69,Marikina,True,5.0
d5lf,Finn’s Tapsihan,Filipino,4.9,47,Dagupan Pangasinan,True,4.9
d5m6,Samgyupsalamat - Arcovia City,BBQ,4.9,23,Pasig City,True,4.9
d5mc,S & L Food Corner,Filipino,0.0,0,Quezon City,False,
d5p1,Baa Baa Thai Tea - Dacon Corporation,Milk Tea,5.0,19,Makati City,True,5.0
d5pf,Max Mango - Recess Food Alley,Beverages,0.0,0,San Juan,False,
d5wv,Pepa Wings - SM Fairview Foodcourt,Chicken Wings,4.9,336,Quezon City,True,4.9
d5x9,UCafe - Makati Cinema Square,Coffee,3.5,16,Makati City,True,3.5
d62y,Garrido's Food Counter - Tibungco,Pancit,5.0,38,Davao City Davao Del Sur,True,5.0
d68c,Obaasan Ramen House - Guadalupe Nuevo,Noodles,0.0,0,Makati City,False,
d6c5,Punjabi Tadka - Osmena Highway,Indian,4.7,258,Makati City,True,4.7
d6cg,Mei Wei Delicious Chinese Kitchen - Asiatel Building,Chinese,5.0,74,Pasay City,True,5.0
d6de,Tito Nat’s Super Balbacua - PLAZA DE BOLE,Bulalo,0.0,0,Davao City Davao Del Sur,False,
d6fb,Pizza Telefono - BGC,Pizza,5.0,933,Taguig City,True,5.0
d6g1,Samgyupsalamat - Davao SM Lanang,BBQ,5.0,36,Davao City Davao Del Sur,True,5.0
d6h0,Grainsmart Cafe - Babag II Road,Beverages,5.0,28,Lapu-Lapu City Cebu,True,5.0
d6k3,Gotchu Jang: Korean Bowls - BGC,Korean,5.0,662,Taguig City,True,5.0
d6nr,Prestea Milktea Shop - Ilaya Street,Milk Tea,5.0,979,Muntinlupa City,True,5.0
d6nw,Jamba - Burgos Eats BGC,Beverages,5.0,655,Taguig City,True,5.0
d6ra,Barr 1900 - Tikay Malolos,Filipino,5.0,1525,Malolos Bulacan,True,5.0
d6tq,Pancake House - Metlive Mall,American,5.0,325,Pasay City,True,5.0
d6x5,P. Donuts - Marikina,Cakes,5.0,280,Marikina,True,5.0
d6xm,Takoyaken Takoyaki - Evangelista Makati,Takoyaki,5.0,1626,Makati City,True,5.0
d6yg,"K'Tea Sip Well, Feel Well - RNC Building",Milk Tea,4.9,95,Pasig City,True,4.9
d6yi,Chikacoy - Santiago Odi,Filipino,5.0,343,Koronadal South Cotabato,True,5.0
d6ys,Merienda by Pan de Manila - Rockwell Sheridan,Filipino,5.0,929,Mandaluyong City,True,5.0
d72v,Bella Sweets - Maricaban,Desserts,5.0,201,Pasay City,True,5.0
d73s,Shanghai Saloon - Molito Alabang,Ulam,0.0,0,Muntinlupa City,False,
d78c,Sparrow Cafe Culture - IT Park,Asian,5.0,49,Cebu City,True,5.0
d7gu,Gong cha - Glorietta 4,Milk Tea,5.0,329,Makati City,True,5.0
d7na,Reyes Barbecue - Market! Market!,BBQ,5.0,71,Taguig City,True,5.0
d7no,Ned Nanay's Grill - Capitol,Filipino,5.0,8482,Cebu City,True,5.0
d7py,Fiftea (50嵐) - Shell Select Quirino Mabini,Milk Tea,0.0,0,Manila,False,
d7sp,Zagu - Puregold Tayuman,Beverages,5.0,86,Manila,True,5.0
d7ur,Feel Good Food Group - Magdaluyong,Coffee,5.0,235,Taguig City,True,5.0
d7yq,My Thai Kitchen - Wilson,Chicken,5.0,310,San Juan,True,5.0
d7yu,Potato Corner - SM Cherry Shaw,Fries,4.9,321,Mandaluyong City,True,4.9
d7zq,Buddy's Treat Food Hub - GIMS Building,Fast Food,4.9,93,Davao City Davao Del Sur,True,4.9
d7zx,Greenstop - Grand Emerald,Healthy,4.9,1054,Pasig City,True,4.9
d84f,Calorie Club - Marikina Heights,Healthy,5.0,104,Marikina,True,5.0
d84i,Fire & Flavor Pizza - Central Park,Pizza,4.8,63,Davao City Davao Del Sur,True,4.8
d87r,Alquds Restaurant - M. H. Del Pilar,Bread,4.5,140,Manila,True,4.5
d8eb,Sirok Dine & Chill - Cabantian,Ulam,5.0,89,Davao City Davao Del Sur,True,5.0
d8i8,Nanyang - Greenhills,Chicken,4.9,56,San Juan,True,4.9
d8iz,K-Egg - De La Paz,Sandwiches,0.0,0,Pasig City,False,
d8md,Cupi. - Eastwood,Coffee,0.0,0,Quezon City,False,
d8n7,Nitz Restaurant - Malate,Ulam,5.0,274,Manila,True,5.0
d8rx,Emnace's Grill - Congressional Avenue,Filipino,5.0,3148,Quezon City,True,5.0
d8sj,Kenny Rogers Roasters - Ayala Fairview,Chicken,5.0,509,Quezon City,True,5.0
d8t4,Chinguya Korean Restaurant - Northgate Center,Korean,5.0,254,Cebu City,True,5.0
d8uo,Oarhouse - Malate,BBQ,0.0,0,Manila,False,
d8ut,Go Bento - Armal,Japanese,5.0,1227,Pasig City,True,5.0
d8w7,Secret Kitchen - Venice Grand Canal Mall,Filipino,4.9,78,Taguig City,True,4.9
d9co,Zagu - SM Consolacion,Beverages,5.0,261,Cebu City,True,5.0
d9dq,Gracious Ice Cream - 3 ML Quezon,Filipino,4.9,66,Lapu-Lapu City Cebu,True,4.9
d9eb,Mr. Fried Noodles Express - Pio del Pilar,Noodles,4.8,1811,Makati City,True,4.8
d9fe,Sugarbee - Alabang,Cakes,5.0,156,Muntinlupa City,True,5.0
d9fh,The Civet Coffee Roasters - Manulife Building,Coffee,5.0,127,Lapu-Lapu City Cebu,True,5.0
d9fu,EL-CHEL FOOD HUB PANSIT CABAGAN AND BULALOHAN - Jordan Planes 3 Subdivision,Filipino,5.0,202,Quezon City,True,5.0
d9mr,KFC - Bonifacio Triangle,Fast Food,4.9,9047,Taguig City,True,4.9
d9ps,Cha Tuk Chak - Ayala Malls Feliz,Milk Tea,5.0,1596,Pasig City,True,5.0
d9r8,Kookels - Purok 18,Asian,4.9,208,Davao City Davao Del Sur,True,4.9
d9tv,Happy Chix - Suter Street,Chicken Wings,4.9,3861,Manila,True,4.9
d9ue,Goldilocks - The Point Ormoc,Cakes,5.0,307,Ormoc Leyte,True,5.0
d9vo,Plato Wraps - SM City Dagupan,Sandwiches,5.0,66,Dagupan Pangasinan,True,5.0
d9yl,Pinkberry - SM Aura Premier,Desserts,5.0,253,Taguig City,True,5.0
d9ze,KFC - E Bloc 3,Fast Food,4.9,8151,Cebu City,True,4.9
da08,"Angel's Wings, Milktea, Rice Meal and Snackhouse - Anakbayan Street",Chicken Wings,4.0,32,Manila,True,4.0
dacn,Tasty and Healthy Bowls - Wilson San Juan,Filipino,4.7,15,San Juan,True,4.7
daeh,Draft Coffee by Lew's -  Padre Noval Street,Beverages,5.0,60,Manila,True,5.0
dagi,Mango Royal Milkshake - Sta. Mesa,Fruit Shake,5.0,361,Manila,True,5.0
dakk,Lau's Cafe - Mdmrci building anex,Filipino,0.0,0,Davao City Davao Del Sur,False,
dakx,Café Rivera - P Burgos Street,Filipino,0.0,0,Makati City,False,
daoa,川渝家乡菜 Chuan Yu Jia Xiang Cai - Bagtikan Street,Chinese,5.0,677,Makati City,True,5.0
dapo,Lola Zeny's Lutong Bahay - E Pascua Street,Rice Dishes,4.9,1255,Makati City,True,4.9
daqi,Bober Tea – Ayala Malls Circuit,Beverages,5.0,206,Makati City,True,5.0
das4,KOI Thé Bench Tower Foodhall,Beverages,5.0,381,Taguig City,True,5.0
daw7,The Aristocrat Restaurant - S&R Mandaluyong,Filipino,5.0,809,Mandaluyong City,True,5.0
dawx,Sandaya Yakiniku Japanese Restaurant - Sunvar Plaza,Japanese,4.9,101,Makati City,True,4.9
db1y,Kū Chí Tea 苦你可 - Putatan,Beverages,5.0,304,Muntinlupa City,True,5.0
db56,Mang Danny's Famous Ice Cream-Maa,Ice Cream,0.0,0,Davao City Davao Del Sur,False,
db5d,KK Burger - Capitol Commons Park,Desserts,0.0,0,Pasig City,False,
db7w,Dimsum Treats - Malate,Dumpling,5.0,408,Manila,True,5.0
db8j,Domino's Pizza - Eastwood,Pizza,4.7,587,Quezon City,True,4.7
db90,Pan De Manila - Greenhills,Bread,5.0,64,San Juan,True,5.0
dbiq,Lemonology - Batasan,Beverages,5.0,15,Quezon City,True,5.0
dbj0,Chef Tony Ang's Inasal - Mandaluyong,Filipino,4.7,11,Mandaluyong City,True,4.7
dbki,Jims Pairs and Hot Mommy - Aquilina,Filipino,4.9,294,Marikina,True,4.9
dc1z,Buko Juan - Ugong,Fruit Shake,0.0,0,Pasig City,False,
dc2r,Max's Restaurant - Robinsons Place Malolos,Chicken,5.0,397,Malolos Bulacan,True,5.0
dce0,Onse Cafe - Jacinto Street,Unknown,0.0,0,Makati City,False,
dchq,Al lazeez Mediterranean Cuisine - Diliman,Shawarma,5.0,186,Quezon City,True,5.0
dci3,J.Co Donuts & Coffee - KCC Mall of Marbel,Coffee,5.0,564,Koronadal South Cotabato,True,5.0
dckw,Txoya Taqueria - Garden Bloc,Wraps,0.0,0,Cebu City,False,
dctd,Eataewon - The Sapphire Bloc,Korean,0.0,0,Pasig City,False,
dcyo,Wobbly Pan Spanish Bistro - ShangriLa Plaza Mall,Beverages,0.0,0,Mandaluyong City,False,
dcyt,Tori Box - P. Noval,Japanese,5.0,418,Manila,True,5.0
dczc,Bowlsome Healthy Bowls - South Triangle,Rice Bowl,5.0,1289,Quezon City,True,5.0
dd4m,Pizza'sera korean style - Maguikay,Pizza,0.0,0,Lapu-Lapu City Cebu,False,
dd5a,Twistea - Manggahan Branch,Milk Tea,0.0,0,Pasig City,False,
dd6v,Potato Giant - Gaisano Country Mall,Fries,5.0,22,Cebu City,True,5.0
ddbp,I Choose Brew - DMSF Drive,Coffee,0.0,0,Davao City Davao Del Sur,False,
ddgu,Gelato by Chef Miko - SM Aura,Ice Cream,0.0,0,Taguig City,False,
ddgx,Rita's Pancit Ng Taga Malabon - E. Rodriguez Sr.,Noodles,0.0,0,Quezon City,False,
ddhk,BOK Korean Fried Chicken – SM Novaliches,Fried Chicken,0.0,0,Quezon City,False,
ddij,Pat's Bibingkaliciuos and Puto Boombong - Pasig,Snacks,0.0,0,Pasig City,False,
ddjw,VIETLASA-  Chino Roces Ave,Asian,4.9,11,Makati City,True,4.9
ddmz,Presko Cafe - ML Quezon,Wraps,5.0,188,Valencia Bukidnon,True,5.0
ddp4,Villa Tuna Restaurant - North Reclamation Area,Seafood,5.0,419,Cebu City,True,5.0
ddqe,Eli's Online Shop - 786 N Gonzales Street,Filipino,0.0,0,Mandaluyong City,False,
ddrt,Watami - UP Town Center,Japanese,0.0,0,Quezon City,False,
ddvm,Simot Sarap Chicken Wings - Fairview Dahlia,Chicken,4.9,29,Quezon City,True,4.9
ddxm,Erin’s Lounge and Cafe - AliMall,Beverages,0.0,0,Quezon City,False,
de4s,Pak’s Silog - J. Labra Street,Rice Dishes,5.0,336,Cebu City,True,5.0
de8b,Cafe Eloise - Maginhawa Street,Coffee,5.0,14,Quezon City,True,5.0
deaq,Five Star Chicken - 18th Avenue,Fried Chicken,4.9,303,Quezon City,True,4.9
deci,Felchie's Ice Cream,Desserts,0.0,0,Muntinlupa City,False,
deip,Dolor's Kakanin and Pancit Malabon - Evangelista,Filipino,5.0,139,Makati City,True,5.0
denb,Mr. Boy SpecialTea - Nimfa Street,Milk Tea,0.0,0,Marikina,False,
desc,Tealive - Eton Centris,Milk Tea,4.9,1779,Quezon City,True,4.9
deuk,LG's Food Hub - North Fairview,Filipino,0.0,0,Quezon City,False,
dezj,Bao Bao Milk Tea - Kapitolyo,Milk Tea,4.9,63,Pasig City,True,4.9
df2k,B1T1 TAKEAWAY COFFEE - Riverbanks,Coffee,5.0,13,Marikina,True,5.0
df75,HYGGE COFFEE - Juan Luna,Coffee,5.0,31,Davao City Davao Del Sur,True,5.0
df9e,NALEX - Binondo,Beverages,0.0,0,Manila,False,
dfev,Lu Asian Cuisine - Lucao,Ulam,4.4,26,Dagupan Pangasinan,True,4.4
dfi4,Pan De Manila - Dagupan Lucao 2,Bread,5.0,101,Dagupan Pangasinan,True,5.0
dfpx,EGGSY - Alabang,Cakes,5.0,15,Muntinlupa City,True,5.0
dft6,Kungfu-Mulutan - Russet Street,Silog,0.0,0,Marikina,False,
dfyp,Silog Express Atbp. - Manila,Silog,4.9,811,Manila,True,4.9
dfzj,Chef Arnold's Pizza - San Rafael,Pizza,5.0,1583,Mandaluyong City,True,5.0
dg1q,Tasty & Healthy Bowls - Putatan Muntinlupa,Filipino,0.0,0,Muntinlupa City,False,
dg3u,Captain Patrick’s Pizza - Espanya Boulevard,Filipino,0.0,0,Manila,False,
dg6p,Sicilian Roast - Arton Strip,Pizza,5.0,85,Quezon City,True,5.0
dgd0,CloudBrew Cafe - Holy Trinity Manila,Milk Tea,0.0,0,Manila,False,
dgfg,Donut Park - Garden Cafe Alido,Donut,4.9,124,Malolos Bulacan,True,4.9
dgvf,Basta Pasta - Makati,Pasta,4.9,389,Makati City,True,4.9
dgvm,Dylan Patisserie - Scout Castor,Cakes,5.0,59,Quezon City,True,5.0
dgzg,Chow Queen- Quezon City,Chinese,0.0,0,Quezon City,False,
dh42,Mister Donut - Empire Center Mall,Donut,5.0,104,Pasay City,True,5.0
dh97,Narei cafe,Wraps,4.7,50,Lapu-Lapu City Cebu,True,4.7
dh98,Esperanza De Manila Halo-Halo - Timog,Filipino,5.0,14,Quezon City,True,5.0
dhd5,Basta Pasta - Malolos,Pasta,4.5,62,Malolos Bulacan,True,4.5
dhdq,DQ Cakes - SM San Lazaro,Cakes,5.0,24,Manila,True,5.0
dhm6,Real Thai Inc - P Guanzon,Coffee,0.0,0,Makati City,False,
dhv9,OSSAM,Korean,5.0,10,Taguig City,True,5.0
di8b,Balai Pandesal - The Grid Co-Living,Sandwiches,5.0,111,Makati City,True,5.0
di8c,Candice Cafe - Pasig,Coffee,0.0,0,Pasig City,False,
diav,The Wresto Bites - Prudencio Street,Burgers,5.0,109,Manila,True,5.0
dibh,KOI Thé - Eastwood City,Beverages,0.0,0,Quezon City,False,
dibk,Wing Bomb Korean Chicken Wings - Holy Spirit Drive,Chicken Wings,5.0,558,Quezon City,True,5.0
diio,Chicken Deli - Vista Mall Malolos,Chicken,4.9,116,Malolos Bulacan,True,4.9
dilr,Trattoria da Gianni - Crossroads,Pasta,4.9,32,Cebu City,True,4.9
dish,"Sheila's Pizza Indian Food, Arab Food and Filipino Food - Marfori Heights",Pizza,4.9,531,Davao City Davao Del Sur,True,4.9
diua,Wenry's Tapsilogan - North Signal Village,Filipino,5.0,813,Taguig City,True,5.0
divw,Lemon Square Bakery Treats - Kalentong Mandaluyong,Cakes,5.0,1264,Mandaluyong City,True,5.0
diw7,Oink - Rockwell Business Center Ortigas,Filipino,0.0,0,Pasig City,False,
dix7,Fish2Go - Concepcion Marikina,Seafood,4.9,28,Marikina,True,4.9
dixu,Buko ni Fruitas - Puregold Makati,Halo-Halo,5.0,562,Makati City,True,5.0
dj11,Yellow & Orange - Parkwood Phase 2,Desserts,0.0,0,Pasig City,False,
dj2w,Shaxian Food - Poblacion,Chinese,0.0,0,Makati City,False,
dj6m,GOODWINGS Flavoured Chicken - Lanang,Chicken Wings,5.0,33,Davao City Davao Del Sur,True,5.0
dj7u,Tiffin Indian Lunchbox - BGC,Indian,4.9,154,Taguig City,True,4.9
djfc,Great Greens: Salads & Grains - Fairview,Salads,5.0,415,Quezon City,True,5.0
djjc,The Tea Gang x Kanto Tako - Camarin,Milk Tea,4.9,106,Quezon City,True,4.9
djmb,Dadas Litson - Maricavan,Filipino,0.0,0,Pasay City,False,
djr4,Takoyaki Sugar Bubble 24/7 - 508 Hen Lacuña Street,Takoyaki,4.5,43,Makati City,True,4.5
djr7,Starbucks - Green Court,Coffee,5.0,3033,Manila,True,5.0
djrf,J.CO Donuts & Coffee - Kidzania Park Triangle,Donut,5.0,2046,Taguig City,True,5.0
djri,Dala Cafe - Coronado Street,Beverages,5.0,277,Mandaluyong City,True,5.0
djx6,True Boss - Masangkay,Beverages,4.9,18,Manila,True,4.9
djzo,Seattle's Dream Cafe - Poblacion,Coffee,0.0,0,Davao City Davao Del Sur,False,
dk43,JIPAI Taiwan Fried Chicken - Escario,Asian,5.0,457,Cebu City,True,5.0
dk8r,Sugar Cafe - Putatan,Milk Tea,5.0,58,Muntinlupa City,True,5.0
dkbr,Mango Smootea - Pantabangan Street,Beverages,0.0,0,Quezon City,False,
dkbw,Atmos Coffee Co. - Tandang Sora Avenue,Beverages,5.0,51,Quezon City,True,5.0
dkc2,MGDA FOOD STALL,Filipino,0.0,0,Quezon City,False,
dkdj,Chikaletta,Chicken,4.9,16,Cebu City,True,4.9
dkdj,Chinooks - Gorordo,Chicken,4.9,13,Cebu City,True,4.9
dkej,Honey Carinderia - 18 Greenville Drive,Ulam,0.0,0,Quezon City,False,
dkm0,Kopi Saranghae - Tejeros,Korean,4.9,466,Manila,True,4.9
dkms,TGI Fridays - MOA,American,0.0,0,Pasay City,False,
dkny,Holy Eats! 24/7 - Marikina,Asian,5.0,26,Marikina,True,5.0
dkqx,Angelo Magic Ice Cream - Foodcamp Gastro,Ice Cream,5.0,43,Lapu-Lapu City Cebu,True,5.0
dkv0,GIGSCafé - Tapuac,Milk Tea,4.9,223,Dagupan Pangasinan,True,4.9
dkzs,Chicken Boys 雞仔 - Kalayaan Avenue,Chicken,5.0,259,Makati City,True,5.0
dl0n,Hummus Express - Marikina Heights,Middle Eastern,5.0,129,Marikina,True,5.0
dl5c,Casa Crawford: Modern Mexican Kitchen - Quezon Avenue,Chicken,5.0,46,Quezon City,True,5.0
dl7i,Popeyes Chicken - SM Megamall,Chicken,4.9,759,Mandaluyong City,True,4.9
dl86,Friends Fries - The Barracks,Snacks,5.0,25,Cebu City,True,5.0
dlbm,Mr. Liempo - Visayas Avenue,Filipino,5.0,23,Quezon City,True,5.0
dleh,Kuya Mike's Pancit Bato - The Marketplace,Pancit,0.0,0,Mandaluyong City,False,
dlfn,Katherine's Cafe -  SM Mall of Asia,Healthy,0.0,0,Pasay City,False,
dllx,Guzzle Joint - Obrero,Fruit Shake,4.9,111,Davao City Davao Del Sur,True,4.9
dltf,Olive Garden - Shangri-La,American,0.0,0,Mandaluyong City,False,
dlxm,M Bakery - SM Megamall,Cakes,0.0,0,Mandaluyong City,False,
dm1c,KAPĒ Fredericko - Malolos,Coffee,4.9,29,Malolos Bulacan,True,4.9
dm2a,Pandera Bakeshop & Cafe - Longos,Bread,0.0,0,Malolos Bulacan,False,
dm5s,Egghut Food Store - Rosa Sanz Street,Filipino,0.0,0,Davao City Davao Del Sur,False,
dm6r,Tata's - Capitol Site,Filipino,0.0,0,Cebu City,False,
dm8e,Omie's Buko & Pie Cakes and Pastries Manufacturing - Sta Mesa Manila,Cakes,0.0,0,Manila,False,
dmcr,ClickFood - Quezon City,Pancit,0.0,0,Quezon City,False,
dmcu,CoCo Fresh Tea & Juice - Robinsons Manila,Milk Tea,5.0,1818,Manila,True,5.0
dme0,Shaka Cafe - SM Mall of Asia,Healthy,5.0,26,Pasay City,True,5.0
dmfo,Jade Express - C Palanca,Chinese,4.9,774,Makati City,True,4.9
dmfs,Samgyupsalamat - Ayala Malls Southpark,BBQ,5.0,27,Muntinlupa City,True,5.0
dmgy,OldTown White Coffee - SM City San Lazaro,Coffee,0.0,0,Manila,False,
dmhf,Gugu Manju - Mercedes Avenue,Korean,4.6,30,Pasig City,True,4.6
dmhl,Red Ribbon - Pueblo Verde,Cakes,5.0,1489,Lapu-Lapu City Cebu,True,5.0
dmo5,Turks - Grand Emerald Tower,Shawarma,0.0,0,Pasig City,False,
dmpq,Dragon Dumplings - Ayala Abreeza,Siomai,0.0,0,Davao City Davao Del Sur,False,
dmz0,Dkpress - Taguig,Filipino,0.0,0,Taguig City,False,
dmzp,Hellowfresco Processed Foods Production - Pasig,Noodles,0.0,0,Pasig City,False,
dn5j,Baliwag Lechon Manok at Liempo - V Rama,Chicken,5.0,184,Cebu City,True,5.0
dn6c,Avocadoria.ph - Promenade Greenhills,Ice Cream,0.0,0,San Juan,False,
dn73,Barbeque Boss - Quimpo Boulevard,BBQ,5.0,613,Davao City Davao Del Sur,True,5.0
dn7a,The Usual Coffee - North Agora Arcade,Coffee,0.0,0,Cebu City,False,
dn8n,Arm's Damascus Grill House - New Barter Trade Mall,Biryani,0.0,0,Manila,False,
dnd6,Raztapahan - Halcon,Filipino,4.9,56,Mandaluyong City,True,4.9
dnl3,Urban Pizza - Jacinto,Pizza,4.9,91,Davao City Davao Del Sur,True,4.9
dnmq,Ko-Tea - Cybergate Cebu,Sandwiches,0.0,0,Cebu City,False,
dnqk,Takoyaki Since 1995 - Sobrecary,Takoyaki,5.0,490,Davao City Davao Del Sur,True,5.0
dnrr,Cebu Elites BBQ House - Molave Street,Ulam,4.9,13,Cebu City,True,4.9
dntx,Cocopan - Sixto Antonio Avenue,Coffee,5.0,288,Pasig City,True,5.0
dnvt,Roberta’s - Concepcion Uno,Ulam,0.0,0,Marikina,False,
do05,Cole's Cansi Cup - Camputhaw,Soups,5.0,415,Cebu City,True,5.0
do4a,Halo-Halo Story - Quezon Ave,Desserts,5.0,64,Quezon City,True,5.0
do6b,99 Peso Sulit Chicken - Ayala Fairview Terraces,Fried Chicken,5.0,125,Quezon City,True,5.0
do7w,Oh My Greek (OMG) - SM City San Lazaro,Rice Bowl,4.9,55,Manila,True,4.9
doa3,Urbanica Milk Coffee - Pueblo Verde,Coffee,5.0,1782,Lapu-Lapu City Cebu,True,5.0
dodv,My Girl Milktea and Coffee - Malolos,Milk Tea,5.0,672,Malolos Bulacan,True,5.0
doe6,Mama Jade's Pizza House - Balmores Street,Pizza,0.0,0,Koronadal South Cotabato,False,
doep,Awesome Kitchen Korean Snack Food,Korean,4.9,23,Manila,True,4.9
dofv,Mom's Hand by Sulbing - Gaisano Country Mall,Ramen,5.0,11,Cebu City,True,5.0
doh0,MILKSHOP - SM VALENZUELA,Beverages,4.8,13,Taguig City,True,4.8
dolj,Mikcoffee Cafe,Milk Tea,0.0,0,Marikina,False,
doo7,Eat Sleep Burger - Villa Carolina 1,Burgers,5.0,274,Muntinlupa City,True,5.0
doqr,JC ihaw-ihaw - Rasay Street,Filipino,5.0,519,Davao City Davao Del Sur,True,5.0
dou3,Mr Potato - Ramos,Fries,0.0,0,Cebu City,False,
dovv,Ali’s Biryani House,Indian,0.0,0,Manila,False,
dp6t,Pare Koy's Pulutan Express - Sampaloc,Filipino,4.9,257,Manila,True,4.9
dpbi,Lawson Cup & Go - One World,Coffee,0.0,0,Taguig City,False,
dpbv,Mama Lou's Italian Kitchen - Ayala Feliz,Italian,0.0,0,Pasig City,False,
dpdu,Project Burp - Grand Royale,Burgers,4.4,108,Malolos Bulacan,True,4.4
dphw,Healthy Lemon - SM City San Lazaro,Fruit Shake,0.0,0,Manila,False,
dphx,80/20 Burger Bar PH - C Raymundo,Burgers,4.9,87,Pasig City,True,4.9
dphy,RBX Rice in a Box - Puregold Libertad,Fast Food,5.0,67,Pasay City,True,5.0
dpi9,Juju Eats - Exchange Regency,Salads,0.0,0,Pasig City,False,
dpl0,Jakeu Cafe - Teresa,Milk Tea,4.9,69,Manila,True,4.9
dpqu,Subarashii Japanese Restaurant - Marikina,Japanese,0.0,0,Marikina,False,
dpr8,Ca.rez Cafe - R Castillo Street,Coffee,5.0,14,Davao City Davao Del Sur,True,5.0
dpuc,Yshi's Bacsilog By: Late Night Bowls -  UST Dapitan Navarra,Filipino,5.0,195,Manila,True,5.0
dpxp,K-Egg - Bayanan,Sandwiches,0.0,0,Muntinlupa City,False,
dpyq,Infinitea - Makati,Milk Tea,5.0,219,Makati City,True,5.0
dq2s,Fruitfull Smoothies + Juices - SM Seaside,Fruit Shake,0.0,0,Cebu City,False,
dq2z,Neri's Eatery - Davao Del Sur,Filipino,0.0,0,Davao City Davao Del Sur,False,
dq5j,Five Star Chicken - Villamor Pasay,Fried Chicken,4.9,27,Pasay City,True,4.9
dqa5,Goldilocks - Malolos Guinhawa,Cakes,5.0,1277,Malolos Bulacan,True,5.0
dqag,Bayan Eats 24/7 (Mix and Match) - Roosevelt Quezon,Ulam,0.0,0,Quezon City,False,
dqbx,Master Siomai - Cloverleaf,Siomai,0.0,0,Quezon City,False,
dqeq,Carnebites X Carnebrews Cafe,Fast Food,4.9,246,Marikina,True,4.9
dqms,Lugaw Daddy - Marikina Heights,Porridge,4.9,372,Marikina,True,4.9
dqs3,Shin Mikana - Socorro,Japanese,0.0,0,Quezon City,False,
dqxi,Rubis Restaurant - Tapuac,Chinese,5.0,675,Dagupan Pangasinan,True,5.0
dr78,KapeMore Roastery and Specialty Coffee - Matina Town Square,Coffee,0.0,0,Davao City Davao Del Sur,False,
drbb,Habit Food Group Mix - South Triangle,Rice Bowl,5.0,805,Quezon City,True,5.0
drp6,Mary Fruiti's - San Bartolome,Desserts,0.0,0,Quezon City,False,
drs8,17th Coffee - Pasong Tamo,Coffee,5.0,339,Quezon City,True,5.0
drud,Brick and Brew Cafe - R. Landon,Coffee,5.0,58,Cebu City,True,5.0
drwk,GotoMoto - Ecoland,Porridge,4.9,22,Davao City Davao Del Sur,True,4.9
drxu,FR Coffee House - Ayala Mall Cloverleaf,Coffee,0.0,0,Quezon City,False,
ds25,Honolulu Cafe - Greenbelt 5,Noodles,5.0,272,Makati City,True,5.0
ds2a,B-Mac Pares Usok - Mount Apo Street,Pares,4.9,28,Davao City Davao Del Sur,True,4.9
ds46,Master Siomai - Gaisano Ormoc Central Mall,Siomai,4.4,19,Ormoc Leyte,True,4.4
ds4x,Samgyupsalamat - Congressional,BBQ,4.1,19,Quezon City,True,4.1
ds5u,Brisbane Street Ramen and Takoyaki - SBN,Beverages,0.0,0,Quezon City,False,
ds74,Dencio's Kamayan - Lanang,Ulam,5.0,255,Davao City Davao Del Sur,True,5.0
dsb1,Happy Cup - SM City East Ortigas,Milk Tea,5.0,56,Pasig City,True,5.0
dsev,King of Kim - Mandaluyong,Wraps,0.0,0,Mandaluyong City,False,
dsff,Sinugba Inc - Barangka Drive,Filipino,5.0,1008,Mandaluyong City,True,5.0
dsg9,Lemonology - New Era,Beverages,5.0,25,Quezon City,True,5.0
dshu,The Hungry Bar - Malolos,Burgers,4.9,37,Malolos Bulacan,True,4.9
dsi1,G&G Taiwan Famous Chicken - Maharlika,Chicken,5.0,76,Quezon City,True,5.0
dso2,Siomai House - Pasig Rotonda,Fast Food,0.0,0,Pasig City,False,
dsvo,Popskie's Food and Beverage Stations - Emperado Commercial Building,Sinigang,5.0,228,Davao City Davao Del Sur,True,5.0
dt5l,PopPopGo - Graceland Mall,Halo-Halo,4.9,96,Malolos Bulacan,True,4.9
dt7a,Cocopan - Comembo,Coffee,5.0,1014,Makati City,True,5.0
dt7l,Oppa Bowl To Go - MH Del Pilar,Fried Chicken,5.0,43,Marikina,True,5.0
dtby,Varacco COFFEE - SM North Annex,Asian,0.0,0,Quezon City,False,
dtc6,Sushi Bake by AVM - Basak Mandaue,Sushi,4.9,211,Cebu City,True,4.9
dtnu,Yaki Yaki - Shell Select,Japanese,4.9,336,Quezon City,True,4.9
dtoe,Frazz Bar and Restaurant - Metrowalk Commercial Complex,Filipino,0.0,0,Pasig City,False,
dtqf,Samgyuniku Unlimited Japanese Korean BBQ Grill - Festival Supermall,Chicken Wings,4.7,55,Muntinlupa City,True,4.7
dtuy,Pollens kitchen and Milkshake Bar - Bambang,Filipino,0.0,0,Pasig City,False,
dtv7,Eats Sulit! - Ortigas,Rice Bowl,0.0,0,Mandaluyong City,False,
dtww,Mango Royal Milkshake - Ilaya Alabang,Fruit Shake,5.0,516,Muntinlupa City,True,5.0
du1y,Mei Nguyen Manila Cafe,Unknown,0.0,0,Manila,False,
du3b,Calle Café by Don Gabriel - Morayta,Pasta,5.0,30,Manila,True,5.0
du3z,ONIL's Resto Bar - Santolan Road,Asian,4.9,390,San Juan,True,4.9
du57,Merry Moo - Opus Mall Foodhall,Desserts,0.0,0,Quezon City,False,
du8b,K-Egg Ayala Feliz,Fast Food,4.7,13,Marikina,True,4.7
du8k,Mr. Toppings - Emall,Filipino,0.0,0,Cebu City,False,
dua4,Rhian Ramos' Healthy Appetite - Quirino Highway,Chicken,5.0,289,Quezon City,True,5.0
dub2,Cafe Mary Grace - Festival Mall,Cakes,5.0,137,Muntinlupa City,True,5.0
dudi,Tiger Bubble Tea - Mintal,Milk Tea,4.8,45,Davao City Davao Del Sur,True,4.8
dugk,Fat Mama’s Kitchenette,Chinese,0.0,0,Makati City,False,
dv6k,Bakerite - Legarda,Bread,5.0,19,Manila,True,5.0
dvbm,Chelsey's Kitchen - Ayala Feliz,Korean,4.9,316,Pasig City,True,4.9
dveh,Samgyupsalamat - Davao Quirino,BBQ,5.0,112,Davao City Davao Del Sur,True,5.0
dvll,Bored Taco - Binondo,Snacks,0.0,0,Manila,False,
dvlr,Cafe LiBrew - Cebu Rosedale Banilad,Beverages,4.8,75,Cebu City,True,4.8
dvok,Siomura - Tomas Morato Avenue,Siomai,0.0,0,Quezon City,False,
dvpi,Via’s Express,Pares,0.0,0,Quezon City,False,
dvx3,Dugout 1594 - E Rodriguez Sr Avenue,BBQ,0.0,0,Quezon City,False,
dw2l,Gino's Brick Oven Pizza - Katipunan Avenue,Pizza,5.0,597,Quezon City,True,5.0
dw3p,Lech Go Baka at Baboy - Lahug,Cakes,4.4,10,Cebu City,True,4.4
dw5b,Pizza Avenue - Obrero,Pizza,5.0,96,Davao City Davao Del Sur,True,5.0
dw5k,Dada's Panciteria at Halo Halo - 12th Avenue,Filipino,5.0,356,Quezon City,True,5.0
dw8i,Tokyo Tokyo - Sunshine Mall Taguig,Japanese,5.0,734,Taguig City,True,5.0
dwa5,"Pizza, Pasta, Burgers & Baked Sushi Cravings. Co",Chicken Wings,0.0,0,Manila,False,
dwa5,Chicken Wings-Chicken Wings - Biak na Bato,Chicken Wings,0.0,0,Manila,False,
dwaq,Mamastill Atbp - J Luna Street,Rice Bowl,5.0,456,Davao City Davao Del Sur,True,5.0
dwba,Mig's noodle house,Chinese,0.0,0,Pasay City,False,
dwdg,Lan's Chowfan - Tanong,Filipino,5.0,101,Marikina,True,5.0
dwnb,SUSEGAD by Sukadi,Coffee,0.0,0,Cebu City,False,
dwtr,Bo's Coffee - Basak Market Lapu-Lapu,Coffee,5.0,48,Lapu-Lapu City Cebu,True,5.0
dwwl,Lechon Belly Kitchen - SM East Ortigas,Lechon,0.0,0,Pasig City,False,
dx0g,Paotsin - Puregold Arvo,Dumpling,5.0,776,Marikina,True,5.0
dx12,Japinos Food Hub - Osita Subdivision,Japanese,4.6,28,Koronadal South Cotabato,True,4.6
dx3l,Lolli Milk Tea Shop - Legaspi Street,Milk Tea,5.0,297,Cebu City,True,5.0
dxec,Nuts About Candy - Estancia,Desserts,0.0,0,Pasig City,False,
dxfi,0402 Coffee - Moret UBELT,Coffee,0.0,0,Manila,False,
dxnp,Cupi. - One Ayala,Coffee,0.0,0,Makati City,False,
dyb0,Ling Nam Fried Siopao - Ayala Feliz Mall,Asian,0.0,0,Pasig City,False,
dyfn,Baa Baa Thai Tea - Santolan Pasig,Milk Tea,5.0,411,Pasig City,True,5.0
dyiw,Cafe O' - Aeternitas Bldg,Filipino,0.0,0,Quezon City,False,
dyjm,Eomma's Korean Fried Chickin - Pasay,Fried Chicken,4.7,221,Pasay City,True,4.7
dyk9,Edri's Manokan - Labangon,Fried Chicken,5.0,319,Cebu City,True,5.0
dyn6,The House of Dymsun,Chinese,4.1,10,San Juan,True,4.1
dyqa,Miss Wa Noodles and Rice - Holy Spirit Drive,Chinese,5.0,531,Quezon City,True,5.0
dytk,10 Dove Street - Chonghua Medical Mall,Cakes,0.0,0,Cebu City,False,
dyy1,Tropical Hut - Star City,Burgers,5.0,1735,Pasay City,True,5.0
dz6e,Kuruto,Asian,0.0,0,Manila,False,
dz74,MaYu's Cafe,Beverages,0.0,0,Quezon City,False,
dz7v,Rhian Ramos' Healthy Appetite - Malolos,Chicken,5.0,127,Malolos Bulacan,True,5.0
dza2,Paotsin - GT Tower,Dumpling,4.9,567,Makati City,True,4.9
dzaj,Sisig Pampanguena Original - Quezon City,Sisig,0.0,0,Quezon City,False,
dzdz,Banapple - Ayala Market Market,Cakes,0.0,0,Taguig City,False,
dze1,Avocadoria.ph - Riverbanks,Ice Cream,5.0,18,Marikina,True,5.0
dzh3,Max Mango - Tejeros,Fruit Shake,5.0,596,Makati City,True,5.0
dzpj,K-NATHZ PINK CAFE,Coffee,0.0,0,Quezon City,False,
dzsp,Seoul Samgyeop - Concepcion Uno,Korean,5.0,27,Marikina,True,5.0
dzus,Uncle John's - Scout De Guia,Fried Chicken,4.8,77,Quezon City,True,4.8
dzzh,Shinjuku Home of Authentic Ramen - Brgy Palanan,Japanese,0.0,0,Makati City,False,
e00i,Batak Coffee PH - Malibay,Coffee,4.9,15,Pasay City,True,4.9
e056,Cafe Mary Grace - Cash and Carry,Cakes,5.0,185,Makati City,True,5.0
e0bn,Wildflour Cafe + Bakery - Shangri La Plaza,American,5.0,14,Mandaluyong City,True,5.0
e0dg,Mr. Dagupeño - Sierra Madre Mandaluyong,Fried Chicken,4.9,147,Mandaluyong City,True,4.9
e0do,Yaki Yaki - St Luke’s QC,Japanese,5.0,154,Quezon City,True,5.0
e0e2,GentleBean Cafe,Coffee,0.0,0,Lapu-Lapu City Cebu,False,
e0er,MANGO-go-Yow - Sobriedad Street,Fruit Shake,5.0,767,Manila,True,5.0
e0gq,Li Am Dimsum Davao - Bajada,Dumpling,5.0,463,Davao City Davao Del Sur,True,5.0
e0hs,PICKUP COFFEE - Davao Park District,Coffee,4.9,555,Davao City Davao Del Sur,True,4.9
e0jx,Ramen Nagi - Robinsons Manila,Ramen,5.0,237,Manila,True,5.0
e0kn,Mr. Dagupeño - Lilac,Filipino,5.0,150,Marikina,True,5.0
e0nn,MaiCo 2.0 - Kagitingan,Chicken,5.0,47,Marikina,True,5.0
e0vx,S&R New York Style Pizza - SM City Davao,Pizza,5.0,4381,Davao City Davao Del Sur,True,5.0
e0wf,Ochado - Toril,Ulam,4.9,56,Davao City Davao Del Sur,True,4.9
e18t,GoBento - Bluebay,Japanese,4.9,149,Pasay City,True,4.9
e1br,Al Qaysar - Mabini,Middle Eastern,5.0,1365,Manila,True,5.0
e1gi,Wicked Wings - Pasig,Chicken Wings,4.7,38,Pasig City,True,4.7
e1ka,CupKo - Emerald Place Building,Rice Bowl,5.0,10,Pasig City,True,5.0
e1nx,Chops Oy! - Gaisano Grandmall Mactan,Asian,4.9,343,Lapu-Lapu City Cebu,True,4.9
e1pj,Coast Milk Tea - RSquare Residences,Milk Tea,0.0,0,Manila,False,
e23c,Uncle John's - Inoza,Fried Chicken,4.9,94,Taguig City,True,4.9
e2ay,Free Cut Katipunan - F dela Rosa Street,Rice Bowl,0.0,0,Quezon City,False,
e2b5,Le Sucre Lab - SM City Tanza,Cakes,5.0,102,Quezon City,True,5.0
e2cu,Amarah's Corner - Quezon Avenue,Pizza,4.9,11,Quezon City,True,4.9
e2dc,Carnebros - Obrero,Bulalo,0.0,0,Davao City Davao Del Sur,False,
e2ga,Taps & Mix Resto Koronadal - Poblacion,BBQ,5.0,1310,Koronadal South Cotabato,True,5.0
e2i5,Burgestea,Burgers,4.6,18,Taguig City,True,4.6
e2il,Nikkei Nama Bar - BGC,Sushi,5.0,346,Taguig City,True,5.0
e2iw,Urbanica Milk Coffee - Bonifacio High Street,Coffee,4.9,4017,Taguig City,True,4.9
e2kp,Cabalen - SM City Manila,Ulam,4.8,40,Manila,True,4.8
e2lb,Yellow Lantern Cafe,Filipino,0.0,0,Marikina,False,
e2t2,ChizMozza - Cloverleaf,Snacks,4.9,28,Quezon City,True,4.9
e2u8,Sbarro - Eton Makati,Pizza,4.9,80,Makati City,True,4.9
e2ux,Red Ribbon - Maysilo,Cakes,5.0,1993,Mandaluyong City,True,5.0
e2uz,JDelicious - Toril,Sisig,5.0,206,Davao City Davao Del Sur,True,5.0
e2x1,Gino's Brick Oven Pizza - Legaspi Village,Pizza,5.0,884,Makati City,True,5.0
e2xr,Infinitea - Shaw Center Mall,Milk Tea,5.0,642,Mandaluyong City,True,5.0
e2yk,Max Mango - South Signal,Milk Tea,5.0,774,Taguig City,True,5.0
e35c,To Go Coffee - Mabolo,Coffee,4.9,542,Cebu City,True,4.9
e38t,JEREMI BREAD AND BUTTER - CSI MARKET SQUARE,Seafood,0.0,0,Dagupan Pangasinan,False,
e395,It's Caffeine - F Martinez Avenue,Coffee,5.0,48,Mandaluyong City,True,5.0
e3ay,Driptea - Villa Cuana,Milk Tea,5.0,287,Pasig City,True,5.0
e3dc,MURATOMO UDON JAPANESE RESTAURANT - ELEMENTS BUILDING,Udon,0.0,0,Quezon City,False,
e3ig,Dolor’s Kakanin - Gagalangin,Filipino,5.0,573,Manila,True,5.0
e3ik,Namastea Milk Tea Shop - Marikina Heights,Milk Tea,5.0,306,Marikina,True,5.0
e3io,Monster Wings - Recess Food Alley,Chicken Wings,0.0,0,San Juan,False,
e3mz,Rice Rocket - Commerce Avenue,Asian,5.0,885,Muntinlupa City,True,5.0
e3nf,Ukiyo Tavern - Loyola Heights,Japanese,5.0,148,Quezon City,True,5.0
e3oa,Ikkoryu Fukuoka Ramen - Market Market,Ramen,4.8,145,Taguig City,True,4.8
e3pe,Pho Hoa - Ermita,Noodles,5.0,915,Manila,True,5.0
e3ra,Shawarma Shack - S. Javier,Shawarma,5.0,69,Makati City,True,5.0
e3rr,QuickBowls - Marytown Circle Street,Silog,4.9,44,Quezon City,True,4.9
e3sq,Tramway 2 Go - Banawe,Chinese,4.8,40,Quezon City,True,4.8
e3uq,Sushi Yum Japanese Restaurant - Binondo,Sushi,5.0,1763,Manila,True,5.0
e3v9,Bear-in-The-Wall Frozen Yogurt and Fruits,Desserts,0.0,0,Manila,False,
e3wt,Seafood and Ribs Warehouse - SM City Cebu,Seafood,4.9,132,Cebu City,True,4.9
e3zs,Wright Wings - D Student Place,Chicken Wings,5.0,76,Manila,True,5.0
e41t,Take-Me-Out - Central Park,Ulam,5.0,13,Davao City Davao Del Sur,True,5.0
e41y,Baa Baa Thai Tea - P Cayetano Taguig,Milk Tea,5.0,724,Taguig City,True,5.0
e42r,Dosirakuya - Barangka Drive,Korean,5.0,577,Mandaluyong City,True,5.0
e47v,The Mango Farm - SM Seaside City Cebu,Fruit Shake,4.9,77,Cebu City,True,4.9
e4ap,Ally Mango - Mercato De Mactan,Fruit Shake,5.0,31,Lapu-Lapu City Cebu,True,5.0
e4cd,My Joy - Osmeña Boulevard,Asian,5.0,1345,Cebu City,True,5.0
e4cm,Classic Savory - SM Muntinlupa,Chicken,5.0,348,Muntinlupa City,True,5.0
e4du,Tokyo Tokyo - Marcos Highway,Japanese,5.0,1205,Pasig City,True,5.0
e4ht,El Corazon - Uptown Place Mall,Filipino,5.0,70,Taguig City,True,5.0
e4ij,Kanzen Sushi Roll - R Square Mall,Sushi,5.0,1074,Manila,True,5.0
e4kf,Taco Boy - Cabantian,Wraps,0.0,0,Davao City Davao Del Sur,False,
e4lc,Yummy BBQ Grill - CSI Lucao,Filipino,5.0,140,Dagupan Pangasinan,True,5.0
e4ll,Seafood Grill Station - SM City Manila,Seafood,4.9,256,Manila,True,4.9
e4lo,Happy Marianna - Bencor Building,Filipino,5.0,5710,Manila,True,5.0
e4lp,Daraejung Korean Restaurant - Poblacion,Noodles,4.9,40,Makati City,True,4.9
e4ow,Botejyu - Robinsons Place Malolos,Japanese,5.0,142,Malolos Bulacan,True,5.0
e4to,Angel's Log Cakes and Pastries - Armando Building,Filipino,0.0,0,Valencia Bukidnon,False,
e4xy,Reyes Barbecue - Ayala Malls Marikina,Chicken,4.9,107,Marikina,True,4.9
e4zg,Joy Juice and Smoothies - San Antonio Village,Healthy,5.0,782,Makati City,True,5.0
e54j,"But First, Coffee - Festival Mall Kiosk",Coffee,5.0,133,Muntinlupa City,True,5.0
e56b,The Not Today Cafe - Lapu Lapu,Coffee,4.9,26,Lapu-Lapu City Cebu,True,4.9
e57t,R&B Milk Tea - Festival Mall,Milk Tea,4.9,60,Muntinlupa City,True,4.9
e5au,Overdose Coffee - Bonifacio St,Coffee,4.8,15,Davao City Davao Del Sur,True,4.8
e5ax,Cha Tuk Chak - Boni Avenue,Milk Tea,5.0,1864,Mandaluyong City,True,5.0
e5cd,Kuzina Guadalupe - M. Velez,Filipino,4.9,541,Cebu City,True,4.9
e5d2,Kopi Brood Cafe - Rufina Homes,Beverages,5.0,151,Malolos Bulacan,True,5.0
e5ej,Yummy Box - Altura Marketplace,Seafood,4.8,23,Manila,True,4.8
e5el,Kasalo Inihaw at Bulaluhan - Ballesteros Street,Filipino,5.0,771,Mandaluyong City,True,5.0
e5fa,Calumpit Bulacan Finest - New Era,Rice Bowl,0.0,0,Quezon City,False,
e5iv,Famous Belgian Waffles - Robinsons Cybergate Cebu,Pancakes & Waffles,5.0,379,Cebu City,True,5.0
e5np,Kambingan Ni Tsong - Dama De Noche,Filipino,5.0,598,Quezon City,True,5.0
e5oq,Mang Inasal - Robinsons Malolos,Chicken,5.0,2922,Malolos Bulacan,True,5.0
e5px,ExpresSilog - F Roxas Street,Silog,4.1,294,Manila,True,4.1
e5tc,Chicken Basket Restaurant - Bagtikan Street,Chicken,0.0,0,Makati City,False,
e5uy,Wan Cha - Toril,Milk Tea,5.0,1239,Davao City Davao Del Sur,True,5.0
e5v6,MUGwagi - Jose Abad Santos,Beverages,5.0,20,Koronadal South Cotabato,True,5.0
e5xc,Tuna Express Kamayan Grill,Filipino,4.9,24,Davao City Davao Del Sur,True,4.9
e5xj,UNCLE BREW PUSOK,Filipino,5.0,15,Lapu-Lapu City Cebu,True,5.0
e5y6,Belly Yummy Tea - Tandang Sora Avenue,Korean,0.0,0,Quezon City,False,
e5yy,Cafe France - Medical City,Sandwiches,4.9,98,Pasig City,True,4.9
e629,Silog Express Atbp. - Malolos,Filipino,4.9,161,Malolos Bulacan,True,4.9
e68s,Mr Inasal - Crossroad Park,Chicken,4.2,40,Quezon City,True,4.2
e6b7,Ka Roger Sizzlingan Food And Beverage House - Bayani Road,Filipino,4.7,4659,Quezon City,True,4.7
e6cl,Mang Inasal - Ayala Feliz,Chicken,5.0,1555,Pasig City,True,5.0
e6d9,"Diner Daddy: Burgers, Chicken & More - Kapitolyo",Burgers,5.0,149,Pasig City,True,5.0
e6gg,The Kapetan Cafe -  Mall of Asia,Asian,0.0,0,Pasay City,False,
e6hw,Milky Cakes and Sweets - Gaisano Mall,Cakes,5.0,418,Davao City Davao Del Sur,True,5.0
e6ie,Eric Kayser - Forbes San Antonio,Bread,5.0,52,Makati City,True,5.0
e6im,JiPan Bakery - Pilar Street,Japanese,5.0,308,Mandaluyong City,True,5.0
e6n1,Jelyn's Buko Halo & Grill - Rasay Street,Halo-Halo,5.0,224,Davao City Davao Del Sur,True,5.0
e6po,Gochudong Jemyunso - Shangs Island Tower Center,Korean,5.0,313,Lapu-Lapu City Cebu,True,5.0
e6rv,Pizzeria De Manila - Tandang Sora,Pizza,4.9,26,Quezon City,True,4.9
e6s1,Coffee + Blend - Santa Ana Manila,Beverages,5.0,33,Manila,True,5.0
e6sr,Juan Silog - J. Panis,Filipino,5.0,6514,Cebu City,True,5.0
e6tq,Bowlsome Healthy Bowls - Pasig,Rice Bowl,5.0,2375,Pasig City,True,5.0
e6ts,Seafood Pier - SM City Megamall,Seafood,5.0,210,Mandaluyong City,True,5.0
e6uf,Yormenok Litson Manok & Liempo - Armstrong Moonwalk,Filipino,4.9,162,Manila,True,4.9
e73w,Why Chicken - Fairview,Chicken,4.9,39,Quezon City,True,4.9
e78b,Haron's Cafe - Triple A Building,Western,4.7,244,Davao City Davao Del Sur,True,4.7
e78s,Milk Fridge - Mojon,Milk Tea,5.0,835,Malolos Bulacan,True,5.0
e78s,Milk Fridge - BSU Complex,Milk Tea,5.0,834,Malolos Bulacan,True,5.0
e7bh,Aboy's Fresh Lumpia - SM Marikina,Filipino,5.0,231,Marikina,True,5.0
e7fe,Pho Hoa - Virra Mall,Noodles,5.0,224,San Juan,True,5.0
e7j5,Lartizan - S Maison,Bread,0.0,0,Pasay City,False,
e7ne,BreadTalk - Bonifacio High Street,Sandwiches,5.0,545,Taguig City,True,5.0
e7ny,Mang Inasal - GMall Toril,Chicken,5.0,3302,Davao City Davao Del Sur,True,5.0
e7nz,Seattle's Best Coffee - UST,Coffee,5.0,1333,Manila,True,5.0
e7ok,Seattle's Best Coffee - Filinvest,Coffee,5.0,757,Muntinlupa City,True,5.0
e7ov,Eleu Food and Beverage House,Asian,0.0,0,Mandaluyong City,False,
e7pj,Potato Corner - Goodwill Homes 1,Fries,4.9,419,Quezon City,True,4.9
e7pq,Embrazzo Restobar - MTS,Ulam,5.0,78,Davao City Davao Del Sur,True,5.0
e7qy,Tapapa - Marikina,Filipino,4.9,1880,Marikina,True,4.9
e7rd,Lawson Cup & Go - The Curve,Coffee,0.0,0,Taguig City,False,
e7u5,Mister Donut - Greenhills,Donut,0.0,0,San Juan,False,
e7uo,Gulaman Avenue - Fairview Center Mall,Coffee,4.8,44,Quezon City,True,4.8
e7ve,Pepa Wings - Market! Market!,Chicken Wings,4.9,1664,Taguig City,True,4.9
e7vx,Rita's - SM North Edsa,Desserts,0.0,0,Quezon City,False,
e7x4,Buko Express - Robinsons Galleria,Beverages,0.0,0,Quezon City,False,
e7xq,Pizza Hut - SM Cebu,Pizza,4.9,275,Cebu City,True,4.9
e7xr,Nonki Japanese Restaurant - SM City Cebu,Japanese,5.0,226,Cebu City,True,5.0
e7xv,Doble Pares - Boni,Pares,5.0,3342,Mandaluyong City,True,5.0
e7yc,De Original Jamaican Pattie Shop and Juice Bar - Festival Mall,Snacks,0.0,0,Muntinlupa City,False,
e895,Ettas Cucina + Bar - Paseo Arcenas,Filipino,4.8,12,Cebu City,True,4.8
e8jd,SaladStop! - Uptown Mall,Salads,5.0,143,Taguig City,True,5.0
e8mf,Flaky Co - SM Megamall,Bread,4.9,13,Mandaluyong City,True,4.9
e8rn,Bacolod Chicken Inasal - Jupiter Street,Filipino,5.0,2719,Makati City,True,5.0
e8uw,Black Pearl - Robinsons Place Ormoc,Milk Tea,4.9,77,Ormoc Leyte,True,4.9
e8vc,The Melting Potluck - Ascension Avenue,Shawarma,5.0,337,Quezon City,True,5.0
e92p,Ladymar Restaurant - Timog Food Plaza,Filipino,0.0,0,Quezon City,False,
e991,Oji-san Asian Kitchen - Greenfield District,Ramen,4.9,16,Mandaluyong City,True,4.9
e9ag,Janchi Korean Restaurant - Ambonao,Korean,5.0,287,Dagupan Pangasinan,True,5.0
e9ao,Moore’s Cafe - Paraiso,Asian,4.1,75,Taguig City,True,4.1
e9dn,Samgyeop Masarap Unlimited Korean BBQ -SM Marikina,Korean,4.8,50,Pasig City,True,4.8
e9ek,Mandarin Tea Garden - Rizal Street,Fish,5.0,332,Davao City Davao Del Sur,True,5.0
e9gj,Nestlie's Lutong Bahay - Emilia Street,Rice Dishes,5.0,258,Makati City,True,5.0
e9gm,Tokyo Joe - SM Seaside,Japanese,5.0,242,Cebu City,True,5.0
e9h2,Chicken Kings - Dayap,Chicken Wings,4.9,60,Makati City,True,4.9
e9ha,Turks - SSG Supermart Santa Ana,Shawarma,4.9,11,Manila,True,4.9
e9is,Ricing Star - Conception UST,Filipino,5.0,692,Manila,True,5.0
e9it,HCS Puff Pastry and Sweet Goodies - Sugbo Mercado IT Park,Snacks,0.0,0,Cebu City,False,
e9lj,Caution Hot! 警告辣 Spicy Noodle House- Magiting Street,Japanese,5.0,1614,Quezon City,True,5.0
e9ml,Chilla Chamoy Gummies - Buhangin,Milk Tea,4.9,20,Davao City Davao Del Sur,True,4.9
e9ot,Serenitea - ATC Cinema,Milk Tea,5.0,473,Muntinlupa City,True,5.0
e9pr,Kenny Rogers Roasters - SM City Cebu,Chicken,5.0,1201,Cebu City,True,5.0
e9yw,Ally Mango - Archbishop Reyes Avenue,Fruit Shake,5.0,497,Cebu City,True,5.0
e9zf,C&K 1989 Hotpot - Manila,Asian,4.4,19,Manila,True,4.4
ea1s,Quickly - Ayala Malls Central Bloc,Milk Tea,5.0,166,Cebu City,True,5.0
ea1w,Cafe Spice - Panacan,Coffee,0.0,0,Davao City Davao Del Sur,False,
ea8r,Martina Tuna Grill (Tuna Choice) - Roxas Street,Seafood,5.0,120,Davao City Davao Del Sur,True,5.0
eacd,Chaboba - Peacock Plaza,Milk Tea,5.0,152,Quezon City,True,5.0
eaha,Calm Street - Bonifacio District,Rice Dishes,0.0,0,Cebu City,False,
eai5,Eomma's Korean Fried Chickin - Manila,Fried Chicken,4.5,307,Manila,True,4.5
eajg,Pat's Bibingkaliciuos and Puto Boombong - Greenfield Mandaluyong,Filipino,0.0,0,Mandaluyong City,False,
eajk,Mad Brews Dapitan Coffee Shop - Sampaloc,Beverages,4.7,10,Manila,True,4.7
eani,Candy Corner - SM City Davao,Desserts,5.0,17,Davao City Davao Del Sur,True,5.0
eapk,Tealive - Glas Tower,Milk Tea,5.0,16,Pasig City,True,5.0
earb,Shokudo - Timog,Japanese,0.0,0,Quezon City,False,
ease,The Snack Shack - Kalusugan,Burgers,0.0,0,Quezon City,False,
eat5,SkyeFries - Solis,Fast Food,0.0,0,Manila,False,
eay5,The Pollo Family: Loaded Chicken - Fairview,Fried Chicken,5.0,30,Quezon City,True,5.0
eazs,Chef Resto 灶咖 - Global Tower Condominum,Chinese,5.0,334,Makati City,True,5.0
eb23,Seafood Shabang- Quezon City,Seafood,0.0,0,Quezon City,False,
eb3d,Watami - Ayala Center Cebu,Japanese,0.0,0,Cebu City,False,
eb3r,Monster Wings - WalterMart E. Rodriguez Quezon City,Chicken Wings,0.0,0,Quezon City,False,
eb40,Sevie Roast Coffee - Baesa,Italian,0.0,0,Quezon City,False,
ebaa,JELSA CAFE - Novaliches,Sandwiches,5.0,13,Quezon City,True,5.0
ebbn,PICKUP COFFEE - One Palanca Land,Coffee,4.8,88,Makati City,True,4.8
ebic,Masuki Mami House - San Juan,Filipino,5.0,284,San Juan,True,5.0
ebln,2507 Pizza House - Sta. Ana Manila,Pizza,0.0,0,Manila,False,
ebph,"99 Silog - Cliffpoint, Ortigas",Filipino,4.7,123,Pasig City,True,4.7
ebqq,2838 Tea & Cafe - Jailside West Rembo,Coffee,0.0,0,Taguig City,False,
ebxe,BENDI BLNDS,Beverages,0.0,0,Marikina,False,
ebxo,MOD Coffee - One Central,Beverages,0.0,0,Makati City,False,
ecd9,Freshko - Crossing Bayabas,Beverages,5.0,165,Davao City Davao Del Sur,True,5.0
ecjy,Waffle Time - Malibay,Pancakes & Waffles,5.0,67,Pasay City,True,5.0
ecn8,Ferino's Bibingka Original - Cash & Carry Mall,Filipino,5.0,108,Makati City,True,5.0
ecnb,Burrito MNL - Ayala Cloverleaf,American,0.0,0,Quezon City,False,
ecnz,Mr chowfan,Fast Food,4.7,32,Makati City,True,4.7
ecsd,BBUR Bento Meals Davao,Ulam,4.7,24,Davao City Davao Del Sur,True,4.7
ecsn,Tiger Sugar - Robinsons Place Manila,Milk Tea,5.0,637,Manila,True,5.0
ecy0,Momo Dumplings - Ayala Malls Central Bloc,Asian,4.9,60,Cebu City,True,4.9
ed1j,Lola Coras Tumbungan Eatery,Asian,4.9,32,Manila,True,4.9
ed63,Chooks To Go - Barangka Drive,Chicken,5.0,178,Mandaluyong City,True,5.0
ed95,Cinnabon - Greenhills Mall,Bread,5.0,84,San Juan,True,5.0
edct,Tasty & Healthy Bowls - Shaw Boulevard,Rice Bowl,5.0,262,Mandaluyong City,True,5.0
eddi,LOVE COFFEE - Super8 Libertad,Beverages,4.9,29,Pasay City,True,4.9
edi4,Plus66 - Katipunan Avenue,Thai,0.0,0,Quezon City,False,
edoe,Chix R Us - Pasig,Chicken,4.7,154,Pasig City,True,4.7
edoj,Nokk Nokk - UST Dapitan,Fried Chicken,5.0,23,Manila,True,5.0
edpz,Mandarin Tea Garden - Anda,Rice Noodles,4.9,77,Davao City Davao Del Sur,True,4.9
edtg,Gino's Brick Oven Pizza - Shangri-la Plaza,Pizza,5.0,576,Mandaluyong City,True,5.0
educ,Fruitas - Gmall Cebu,Fruit Shake,0.0,0,Cebu City,False,
edup,PAUL Boulangerie and Patisserie - Bench Tower,Bread,5.0,455,Taguig City,True,5.0
edvr,Corndog 28 - N Domingo Street,Corndogs,4.9,67,San Juan,True,4.9
edwt,Chef D - Putatan,Filipino,4.9,76,Muntinlupa City,True,4.9
ee0d,Akashiyaki - Cherry Shaw,Takoyaki,0.0,0,Mandaluyong City,False,
ee34,Giant Taho Tofu Shop - Premero De Mayo Street,Cakes,0.0,0,Quezon City,False,
ee5z,YUKISS CAFE AND FOOD HOUSE- DAVAO CITY,Chicken,0.0,0,Davao City Davao Del Sur,False,
eeqx,CHX Cafe,Chicken,0.0,0,Makati City,False,
eeqz,Oppa-Ne Korean Restaurant - Sen Gil Puyat Avenue,Korean,4.9,18,Makati City,True,4.9
eet0,Uncle Bob Korean Food Araneta City,Korean,4.9,384,Quezon City,True,4.9
ef3d,DQ Cakes - Market! Market!,Cakes,5.0,22,Taguig City,True,5.0
ef8e,Chansel Pizza Haus - Lianas Supermarket and Dept. Store - Pasig,Pizza,4.9,188,Pasig City,True,4.9
effv,NYFD (New York Fries and Dips) -  Seaside Cebu,Fries,4.9,67,Cebu City,True,4.9
efpf,Sabrina's Kitchen - Tigatto,Ulam,0.0,0,Davao City Davao Del Sur,False,
efqu,M310 Cà Phê - Bukidnon,Pasta,5.0,30,Valencia Bukidnon,True,5.0
efzr,Wingyard - SM Center Dagupan,Chicken Wings,4.8,12,Dagupan Pangasinan,True,4.8
eg9w,88 Korean Restaurant - 3 M.L. Quezon National Highway,Korean,0.0,0,Lapu-Lapu City Cebu,False,
egcb,Mitsuyado Sei-Men - Mitsukoshi,Japanese,5.0,63,Taguig City,True,5.0
egf0,R. Lapid's Chicharon and Barbecue - Blue Wave Mall,Snacks,5.0,35,Marikina,True,5.0
egfv,Besh Lafang - Escario,Takoyaki,0.0,0,Cebu City,False,
eggi,Serenitea - California Garden Square,Milk Tea,5.0,56,Mandaluyong City,True,5.0
egij,Turks - NCCC Mall VP,Wraps,5.0,124,Davao City Davao Del Sur,True,5.0
egsj,Rangoon Ruby - Festival Mall,Ulam,0.0,0,Muntinlupa City,False,
egwd,Takoen Food Gourmet - Talomo,Filipino,5.0,425,Davao City Davao Del Sur,True,5.0
egwn,EatTea Food Corner,Milk Tea,0.0,0,Manila,False,
egxa,CoCo Fresh Tea & Juice - SM Megamall,Milk Tea,5.0,4729,Mandaluyong City,True,5.0
eh2s,SHEM'S,Asian,0.0,0,Cebu City,False,
eh5v,Mango Avenue - Horizons Row,Fruit Shake,0.0,0,Cebu City,False,
ehas,Pedritz Sizzling Hub - Waltermart Malolos,Filipino,0.0,0,Malolos Bulacan,False,
ehd8,POPS Wings and Ribs - E Rodriguez Senior Avenue,Silog,0.0,0,Quezon City,False,
ehd9,Evan's Goto - San Marcelino Street,Filipino,0.0,0,Manila,False,
ehi1,Neolivbrews - Katipunan,Milk Tea,0.0,0,Quezon City,False,
ehi1,Neolivbrews - Loyola Heights,Milk Tea,0.0,0,Quezon City,False,
ehj5,Kape Sur - San Antonio Residence,Coffee,5.0,62,Makati City,True,5.0
ehk1,Bean to Cup PH - Roosevelt Avenue,Coffee,5.0,245,Quezon City,True,5.0
ehz2,Woking Food Hub - Pin Wheel Street,Rice Bowl,4.7,12,Davao City Davao Del Sur,True,4.7
ei3d,Healthy Lemon - Concepcion Uno Marikina,Beverages,5.0,60,Marikina,True,5.0
ei84,Spicy Kitchen,Ulam,0.0,0,Davao City Davao Del Sur,False,
eih9,May Abohan - Robinsons Place Ormoc,Seafood,4.8,66,Ormoc Leyte,True,4.8
eii3,Yan-Choy-Bat Food House - Pinagbakahan,Filipino,4.9,81,Malolos Bulacan,True,4.9
eij2,Pizzulu - San Juan,Pizza,5.0,353,San Juan,True,5.0
eim4,Balai Pandesal - Aberdeens Place,Sandwiches,0.0,0,Cebu City,False,
einm,Johnn Lemon - Unimart Capitol Commons,Beverages,5.0,128,Pasig City,True,5.0
eiq0,Hatid Pinoy - Malamig,Filipino,5.0,1183,Mandaluyong City,True,5.0
eisi,Bulgogi Brothers - MOA,Korean,0.0,0,Pasay City,False,
eit1,Italyumm - One Bonifacio High Street,Pasta,4.4,13,Taguig City,True,4.4
eiyn,Paik's Coffee - Century City Mall,Beverages,0.0,0,Makati City,False,
ej05,CoffeeVin - Mojon,Beverages,4.9,176,Malolos Bulacan,True,4.9
ej07,Crumble Pastries - Ayala Malls Central Bloc,Cakes,0.0,0,Cebu City,False,
ej0j,3M Pizza - Malolos Branch,Pizza,4.8,94,Malolos Bulacan,True,4.8
ej37,Santino's Supreme Slice Pizza - LRT-1 Roosevelt,Pizza,0.0,0,Quezon City,False,
ej3n,Ally Mango - Sugbo Mercado Cebu Business Park,Fruit Shake,5.0,24,Cebu City,True,5.0
ej9m,Tien Ma's - Franco Street,Chinese,5.0,59,Manila,True,5.0
eja3,Rice Rocket - Dagupan,Asian,4.9,20,Dagupan Pangasinan,True,4.9
ejg5,YoCoco - Opus Mall,Ice Cream,4.9,12,Quezon City,True,4.9
ejgw,Hong Kong Style Noodle - Riverbanks,Chinese,0.0,0,Marikina,False,
ejs0,Don Henrico's-  Pasig,Pasta,5.0,45,Pasig City,True,5.0
eju4,Angkan Coffee - W City Center,Coffee,5.0,789,Taguig City,True,5.0
ejuz,Empanada Nation - A Mabini Street,Filipino,4.9,99,San Juan,True,4.9
ejzm,S&R New York Style Pizza - Malolos Warehouse,Pizza,5.0,1111,Malolos Bulacan,True,5.0
ek14,Sanbelo's - V Mapa Street,Sandwiches,0.0,0,Davao City Davao Del Sur,False,
ek21,Oki! Chikin - Robinsons Galleria Cebu,Fried Chicken,0.0,0,Cebu City,False,
ek6t,Fruitas - City Place Square,Fruit Shake,5.0,66,Manila,True,5.0
ek9q,Potato Giant - Festival Mall Alabang,Snacks,0.0,0,Muntinlupa City,False,
ekb6,The Kebab Co. - Salcedo,Shawarma,5.0,345,Makati City,True,5.0
ekg0,Sisig Hooray! - WalterMart Makati,Sisig,4.0,24,Makati City,True,4.0
ekl5,Fish & Co - Shang,American,4.9,22,Mandaluyong City,True,4.9
ekmr,Tealive - Hampton Gardens,Milk Tea,5.0,453,Pasig City,True,5.0
el4g,Mango Float Supreme Manila - Waltermart North Edsa,Beverages,5.0,43,Quezon City,True,5.0
el8t,King Sisig Express - Estrada Street Malate,Sisig,4.8,236,Manila,True,4.8
el8v,Dairy Queen - Glorietta 4,Ice Cream,0.0,0,Makati City,False,
el9g,"Buko Express - Estrada St., Malate",Fruit Shake,4.8,113,Manila,True,4.8
el9m,Wright Wings - Rivergrove Lifestyle Center,Chicken Wings,5.0,43,Dagupan Pangasinan,True,5.0
elbd,Pares Batchoy Food House - Capitol Site,Pares,0.0,0,Cebu City,False,
eldu,Juego - Balmores,Snacks,5.0,386,Koronadal South Cotabato,True,5.0
elf3,Katsu Curry House - Taguig,Takoyaki,4.6,777,Taguig City,True,4.6
ell6,Tori Kraze - BGC,Japanese,4.9,83,Taguig City,True,4.9
em4d,Bukorific Shake - La Nueva Supermart,Fruit Shake,0.0,0,Cebu City,False,
emdn,Biryani House - Posadas Street,Middle Eastern,5.0,156,Koronadal South Cotabato,True,5.0
emei,The Hungry Pita - SSS Marikina,Shawarma,4.9,68,Marikina,True,4.9
emjf,Dadas Litson - Sauyo,Filipino,0.0,0,Quezon City,False,
emok,Chang Thai Tea - Builders Warehouse,Milk Tea,4.9,76,Malolos Bulacan,True,4.9
emqk,Tin & Kyle Silog,Filipino,0.0,0,Manila,False,
emv0,Dimsum House - New Era,Siomai,0.0,0,Quezon City,False,
emyi,Buko Express - SM Fairview,Fruit Shake,0.0,0,Quezon City,False,
en3y,Red Sizzlers - Blumentritt Road,Silog,4.6,14,Manila,True,4.6
en55,KONA Coffee - 1625 Dagupan Street,Coffee,0.0,0,Manila,False,
enbt,Hideout - Capitol,Chicken Wings,4.9,57,Cebu City,True,4.9
enhf,Manam's Pancit Pancitan - Net Park,Filipino,5.0,802,Taguig City,True,5.0
enhq,K-Street - UN Square,Korean,0.0,0,Manila,False,
enjn,House of Lasagna - Vista Place,Pasta,0.0,0,Taguig City,False,
enkj,Shawarma Shack - Pinagsama,Shawarma,5.0,1316,Taguig City,True,5.0
enm4,Rhian Ramos' Healthy Appetite - Kapitolyo,Chicken,5.0,445,Pasig City,True,5.0
enmd,Kanto Pares - Lilac Street,Pares,5.0,866,Marikina,True,5.0
enmh,Madkhan House Of Tandoori - Bennt Building,Indian,0.0,0,Marikina,False,
eo1p,Corned Beef King - BGC,Rice Bowl,4.7,344,Taguig City,True,4.7
eo2a,Gohan Tei - Makati,Japanese,4.9,878,Makati City,True,4.9
eoci,Patpat's Kansi House - San Antonio Village,Filipino,5.0,1329,Makati City,True,5.0
eogv,Eggdrop - SM MOA,Sandwiches,5.0,15,Pasay City,True,5.0
eoj8,Healthy Sand - Makati Central Square,Sandwiches,5.0,190,Makati City,True,5.0
eojb,VICAFE,Beverages,0.0,0,Marikina,False,
eol4,Goldilocks - Island Central Mactan,Filipino,5.0,23,Lapu-Lapu City Cebu,True,5.0
eonw,LOVE COFFEE - Gaisano Country Mall,Beverages,5.0,10,Cebu City,True,5.0
eop1,Shrimp Got Wings - Century Mall,Western,5.0,24,Makati City,True,5.0
eozl,Doppio Coffee - USC Talamban,Coffee,5.0,66,Cebu City,True,5.0
ep5g,Bulalo World Express - Bayan-Bayanan Marikina,Bulalo,5.0,261,Marikina,True,5.0
ep6w,Subway - University Tower,Sandwiches,5.0,347,Manila,True,5.0
epa9,Dabaw's Sisig Corner - Bangkal,Filipino,5.0,217,Davao City Davao Del Sur,True,5.0
epfd,Ruizhong Chicken House - Amakan Forestall Road,Filipino,5.0,512,Davao City Davao Del Sur,True,5.0
epgi,Starbucks - Pioneer Center,Coffee,5.0,2728,Mandaluyong City,True,5.0
epjv,TGI Fridays - Glorietta,American,0.0,0,Makati City,False,
epm4,Krunch Crest Corndog - University Mall Taft,Corndogs,4.9,73,Pasay City,True,4.9
ept1,Big Pappa's Pizza - Mayombo,Pizza,5.0,80,Dagupan Pangasinan,True,5.0
epu5,99 Peso Rice Bowls To Go  - Malolos,Rice Bowl,5.0,558,Malolos Bulacan,True,5.0
epye,Pares Retiro - CSI Mall,Pares,4.9,74,Dagupan Pangasinan,True,4.9
eq45,The Hungry Bar SB Road Novaliches,Chicken,4.4,81,Quezon City,True,4.4
eqjj,Zsakers - Framar Centre,Donut,5.0,18,Pasig City,True,5.0
eqmi,Katsu Sama - YOU Suites,Japanese,0.0,0,Manila,False,
eqx2,Watever Family KTV - Mactan Town Center,Filipino,0.0,0,Lapu-Lapu City Cebu,False,
er03,The Poke Co - Enriquez Sreet,Seafood,0.0,0,Makati City,False,
er1s,Lemon Square Bakery Treats - Bayanan Muntinlupa,Cakes,5.0,108,Muntinlupa City,True,5.0
er3t,Angel's Pizza - MCF Lifestyle Hub,Pizza,5.0,1321,Malolos Bulacan,True,5.0
erb0,Mt. Matutum Iced Coffees - Lacson Street,Coffee,4.9,222,Koronadal South Cotabato,True,4.9
erm2,Zagu - Ayala Malls Southpark,Beverages,5.0,23,Muntinlupa City,True,5.0
ern7,Al Tarboosh - P Burgos,BBQ,4.9,284,Makati City,True,4.9
ernx,Pasta Depot - C Palanca,Pasta,4.9,274,Makati City,True,4.9
erpj,Mondae Australian Yogurt - Mandaluyong,Desserts,0.0,0,Mandaluyong City,False,
ervg,Mr. Liempo - Sudtunggan,Lechon,5.0,77,Lapu-Lapu City Cebu,True,5.0
ery7,Ihaw ay Akin - Timog Avenue,Filipino,4.8,187,Quezon City,True,4.8
eryt,harlan + holden coffee - Magnolia,Coffee,5.0,187,Quezon City,True,5.0
erz2,Fariñas Ilocos Empanada - Festival Mall,Filipino,5.0,67,Muntinlupa City,True,5.0
es7l,MIL ROSE FOOD HUB - Tongson Village,Fish,0.0,0,Davao City Davao Del Sur,False,
es8q,Chingu Corndog - Matina Town Square,Corndogs,5.0,176,Davao City Davao Del Sur,True,5.0
es9a,Fei Mui Premium Roasts - Katipunan Avenue,Chinese,5.0,68,Quezon City,True,5.0
esbg,FroYo 365 - Roamsceville,Desserts,5.0,74,Koronadal South Cotabato,True,5.0
esdc,Drooly - Mandaluyong,Desserts,5.0,73,Mandaluyong City,True,5.0
eseu,Kobi Bayan 24/7 - Pablo Ocampo Makati,Ulam,5.0,306,Makati City,True,5.0
esfh,Kosturiangel Restaurant Halal - A Luna Street,Indian,5.0,562,Pasay City,True,5.0
esjk,K-Chicken House Korean Fried Chicken - Industria Street,Ramen,4.9,841,Pasig City,True,4.9
eson,The Orange Bucket - New Port City,Seafood,4.8,37,Pasay City,True,4.8
esvj,PHERMS UNLIMITED RICE - Rasay Branch,Fried Chicken,4.9,61,Davao City Davao Del Sur,True,4.9
esvr,Sa Balai Bistro Meal - Jose Abad Santos Street,Fried Chicken,5.0,59,Koronadal South Cotabato,True,5.0
et2m,Rosey's - San Pedro street,Japanese,0.0,0,Quezon City,False,
et4b,Dapo at Tisa - Lilac,Ulam,5.0,102,Marikina,True,5.0
et4b,Dapo at Tisa Filipino Cuisine - Lilac Street,Ulam,5.0,46,Marikina,True,5.0
et9r,JC's BBQ (Signature) - Sugbo Mercado IT Park,Asian,5.0,151,Cebu City,True,5.0
etde,Cafe Den,Desserts,0.0,0,Manila,False,
etju,Zubuchon - The Outlets,Filipino,4.8,73,Lapu-Lapu City Cebu,True,4.8
etld,Yoshinoya - DD Meridian Park Pasay,Japanese,4.9,483,Pasay City,True,4.9
etlv,Kapow Chicken - Quezon City,Fried Chicken,4.9,130,Quezon City,True,4.9
etm4,Egg Depot - SM City Fairview,Snacks,0.0,0,Quezon City,False,
etnk,Bruger Tbone Sizzling House,Filipino,0.0,0,Muntinlupa City,False,
etnq,Tiny | Bean SWU,Asian,0.0,0,Cebu City,False,
etst,Partee Golf 1 World Golf Inc - Diliman,Asian,0.0,0,Quezon City,False,
etvd,RK Kitchenette - Regalado Avenue,Filipino,0.0,0,Quezon City,False,
eu5i,MatTEAu's - V Mall Greenhills,Halo-Halo,4.9,546,San Juan,True,4.9
euay,Tamp Coffee and Patisserie Restaurant - Lahug,Unknown,5.0,440,Cebu City,True,5.0
eudn,Starbucks - SM City Davao,Coffee,5.0,306,Davao City Davao Del Sur,True,5.0
euev,Sugarbee - SM Megamall,Cakes,5.0,199,Mandaluyong City,True,5.0
eufh,Candy Corner - Ayala Malls Feliz,Desserts,0.0,0,Pasig City,False,
eumv,Popeyes Chicken - Mall Of Asia,Chicken,4.9,1041,Pasay City,True,4.9
euo3,Brisbane Street  - Sampaloc,Beverages,5.0,11,Manila,True,5.0
eutb,Antonio Junior Lugaw Pares - Bulihan,Filipino,4.9,791,Malolos Bulacan,True,4.9
euv2,Caffeine Express - San Rafael Street,Coffee,0.0,0,Manila,False,
euy3,Crab2Go Seafood Restaurant - Visayas Ave,Seafood,0.0,0,Quezon City,False,
ev6n,Hayashi Breads - Buhangin,Bread,5.0,239,Davao City Davao Del Sur,True,5.0
evby,Mixue Ice Cream & Tea  - Centuria Medical Makati,Beverages,5.0,482,Makati City,True,5.0
evd3,Mayora's Authentic Batangas Lomi And Panciteria - Junquera,Lomi,4.8,152,Cebu City,True,4.8
evdg,Tasty Picks - Bonifacio,Fried Chicken,4.8,167,Davao City Davao Del Sur,True,4.8
evha,Atlast Food and Beverage House - Comembo,Filipino,0.0,0,Makati City,False,
evkm,Kuya G's Pulutan & Silogs - Santa Isabel,Filipino,4.9,1411,Malolos Bulacan,True,4.9
evlc,Samgyupsalamat - CCP,BBQ,4.8,22,Pasay City,True,4.8
evn0,SNS Foodtrip Online Store - Pasay,Lomi,5.0,17,Pasay City,True,5.0
evpd,Nanay Nene's coffee shop and food house,Filipino,5.0,12,Malolos Bulacan,True,5.0
evsi,For Fries Sake - Gensan Drive,Fries,3.7,37,Koronadal South Cotabato,True,3.7
evtx,GuGu Manju - Lorega Street,Korean,5.0,28,Cebu City,True,5.0
evus,Mr. Chops - SM North The Block,Fast Food,4.9,92,Quezon City,True,4.9
evwy,AJ BIRYANI RESTAURANT - Colossians Street,Biryani,4.9,50,Quezon City,True,4.9
ew04,Merienda by Pan de Manila - Uptown Mall,Filipino,5.0,80,Taguig City,True,5.0
ew4e,Potatoni's - Rosario Street,Western,5.0,58,Malolos Bulacan,True,5.0
ew57,Lugawan sa Tejeros - Taguig,Porridge,5.0,8361,Taguig City,True,5.0
ew7y,Al- Madina Shawarma & Biryani House - Tondo,Indian,4.9,72,Manila,True,4.9
ew8r,Indoor Cafe - Cabantian,Coffee,5.0,236,Davao City Davao Del Sur,True,5.0
ewe7,Brunch Break,Desserts,0.0,0,Manila,False,
ewf7,Mi Yummy - Nagtahan,Beverages,0.0,0,Manila,False,
ewhg,Ta-Ka Mnl - Dona Carmen,Chicken,0.0,0,Makati City,False,
ewhx,Crispy Potato - Aurora Boulevard,Fries,4.9,398,Quezon City,True,4.9
ewnr,Nyam-Nyam Samgyupsal,Korean,0.0,0,Quezon City,False,
ewro,Dash Coffee - New Matina,Coffee,4.8,15,Davao City Davao Del Sur,True,4.8
ewv7,Turks - EGI Mall,Shawarma,5.0,217,Pasay City,True,5.0
ewvd,FR Coffee House - Glorietta 3,Coffee,0.0,0,Makati City,False,
ewxb,Ichiban Takoyaki PH - Tandang Sora,Takoyaki,5.0,538,Quezon City,True,5.0
ewyj,Gedong Lutong Bahay and Lechon House - Lanang,Filipino,5.0,374,Davao City Davao Del Sur,True,5.0
ex0x,BOK Korean Fried Chicken - Taft,Korean,5.0,7639,Manila,True,5.0
ex2r,Woodys Burger House - Ferrer Street,Filipino,0.0,0,Taguig City,False,
ex8d,Drip & Dip Chicken - Anda,Chicken Wings,5.0,124,Davao City Davao Del Sur,True,5.0
exa4,Ribshack - SM Lanang Premier,BBQ,5.0,428,Davao City Davao Del Sur,True,5.0
exce,Harry's buffalo wings,Chicken,5.0,47,Taguig City,True,5.0
exlv,Lil' Orbits Mini Donuts - Pioneer Centre Supermarket,Donut,5.0,84,Pasig City,True,5.0
exm5,Mexikanto - SM North EDSA,Western,4.7,22,Quezon City,True,4.7
exms,Baa Baa Thai Tea - Metrolane Complex,Milk Tea,5.0,114,Quezon City,True,5.0
expa,Mr. Sizzlers Unli Rice & Gravy - The Ridges Mabolo,Filipino,0.0,0,Cebu City,False,
exqq,Balai Pandesal and Soy & Bean - National Road,Bread,5.0,858,Muntinlupa City,True,5.0
exr6,Oishi Batchoi - Nivel Hills,Japanese,0.0,0,Cebu City,False,
exrj,Yogorino - SMDC Jazz Residences,Desserts,5.0,42,Makati City,True,5.0
exuq,Projuice - Taft,Beverages,5.0,3927,Manila,True,5.0
exw1,Angel's Pizza - Pasig,Pizza,5.0,150,Pasig City,True,5.0
exy3,Kungfu - Mulutan - N Domingo,Silog,0.0,0,San Juan,False,
exz9,The Royal Tea Station- The Persimmon Mabolo,Milk Tea,4.8,25,Cebu City,True,4.8
ey5o,Bad Bird - Robinsons Place Manila,Fried Chicken,5.0,60,Manila,True,5.0
ey7h,Pulutan Factory - Matina Pangi,Rice Bowl,0.0,0,Davao City Davao Del Sur,False,
eydc,Takoyaki Boss - Primeway Plaza,Japanese,5.0,530,Cebu City,True,5.0
eydf,Chaboba - Robinsons Galleria,Milk Tea,5.0,158,Cebu City,True,5.0
eye6,Wealth Tea,Filipino,0.0,0,Pasig City,False,
eyf3,Taho Story - SM Center Ormoc,Desserts,0.0,0,Ormoc Leyte,False,
eyh6,"Diner Daddy: Burgers, Chicken & More - Malolos",Burgers,5.0,123,Malolos Bulacan,True,5.0
eyi5,Gerry's Grill - Ayala Marikina,Filipino,5.0,121,Marikina,True,5.0
eyj4,Healthy To Go - Malolos,Healthy,5.0,360,Malolos Bulacan,True,5.0
eynr,Reyes Barbecue - Robinsons Place Manila,BBQ,4.8,28,Manila,True,4.8
eyql,Jane Eatery - Agdao,Filipino,4.9,644,Davao City Davao Del Sur,True,4.9
eyrw,Pocofino - The Ellis Makati,Coffee,0.0,0,Makati City,False,
eyvf,"But First, Coffee - Robinsons Metro East",Coffee,5.0,18,Pasig City,True,5.0
eyw0,TGI Fridays - Alabang Town Center,American,0.0,0,Muntinlupa City,False,
eyz1,Go Gourmand - Bagong Ilog Pasig,Silog,4.8,125,Pasig City,True,4.8
ez3m,Go Bento - Bluewave Mall,Japanese,5.0,850,Marikina,True,5.0
ez67,Neo Art Cafe - Cordillera,Coffee,0.0,0,Quezon City,False,
eza1,Pan De Manila - Blue Wave Marquinton,Bread,5.0,205,Marikina,True,5.0
ezgp,Heaven's Barbeque - Grenville,BBQ,4.9,18,Taguig City,True,4.9
ezlx,MY COFFEE CUP - LOURDES STREET MARIKINA,Coffee,0.0,0,Marikina,False,
f03s,24/7 Eats - San Juan,American,5.0,790,San Juan,True,5.0
f05w,Jenlie Foods Pansiteria - Jupiter Street,Filipino,4.9,83,Davao City Davao Del Sur,True,4.9
f06j,Heart & Seoul Samgyupsal - F Manalo Street,Korean,5.0,232,Taguig City,True,5.0
f08f,Teapsy Chickboy Steak House - Queen Elizabeth Street,Filipino,4.9,10,Quezon City,True,4.9
f09o,Turks - SM Jazz Mall,Shawarma,5.0,1198,Makati City,True,5.0
f0f8,Stella's Cuisine - Libby Road,Filipino,5.0,384,Davao City Davao Del Sur,True,5.0
f0id,Rairaiken - Robinsons Fuente,Japanese,5.0,219,Cebu City,True,5.0
f0lw,Mango Delight - San Francisco Del Monte,Milk Tea,5.0,262,Quezon City,True,5.0
f0n4,Chicken Chingu - Sheridan Street,Fried Chicken,5.0,1613,Mandaluyong City,True,5.0
f0ot,Yang Chow Noodle Bar - Power Plant Mall,Dumpling,4.9,114,Makati City,True,4.9
f0ox,Megumi Takoyaki - Albina,Takoyaki,4.8,522,Manila,True,4.8
f0p6,Mango Float Supreme Manila - Victory Mall Pasay,Fruit Shake,4.9,137,Pasay City,True,4.9
f0r7,Avocadoria Ph - Waltermart Malolos,Ice Cream,5.0,172,Malolos Bulacan,True,5.0
f0rf,Batangas Tsibugan Food House - Sandejas Street,Lomi,5.0,3053,Pasay City,True,5.0
f159,Auro Chocolate Cafe - One archer's Place,Coffee,0.0,0,Manila,False,
f18a,KMARKET PH - Skyway Twin Towers,Korean,5.0,58,Pasig City,True,5.0
f1af,Evet Köfte - Poblacion,Middle Eastern,5.0,298,Makati City,True,5.0
f1af,Evet Köfte - Arkipelago,Middle Eastern,5.0,295,Makati City,True,5.0
f1dj,Shaburi & Kintan Buffet - Glorietta 2,Soups,4.6,32,Makati City,True,4.6
f1i1,Lugaw Republic - Pasong Tamo,Porridge,5.0,1462,Quezon City,True,5.0
f1je,Hashi Donburi - Mother Ignacia Avenue,Japanese,4.9,1851,Quezon City,True,4.9
f1me,Mister Donut - Comembo,Donut,5.0,156,Makati City,True,5.0
f1mi,Rice Rocket - Vista Mall Taguig,Asian,5.0,466,Taguig City,True,5.0
f1mo,Chowking - Puregold FTI,Fast Food,4.9,3781,Taguig City,True,4.9
f1mt,Panda Express - Don Antonio,Snacks,5.0,588,Quezon City,True,5.0
f1nh,CommonBrew - E Aguinaldo Street,Beverages,0.0,0,Quezon City,False,
f1op,Boba Ka Tea - Kapasigan,Milk Tea,4.5,158,Pasig City,True,4.5
f1pb,Pancake House - Robinson Otis,American,5.0,393,Manila,True,5.0
f1v4,Ongpin Express - Riverbanks Center,Dim Sum,4.9,24,Marikina,True,4.9
f1xb,Mang Domeng's Bibingka - Pasig Palengke,Cakes,0.0,0,Pasig City,False,
f1xu,Deliciosa - Purok 3,Filipino,0.0,0,Malolos Bulacan,False,
f1yh,Banh Mi Kitchen - C Raymundo,Asian,5.0,664,Pasig City,True,5.0
f1zp,Dolor's Kakanin - Novaliches Branch,Filipino,5.0,726,Quezon City,True,5.0
f20j,Pizzaderia - Sampaloc Manila,Pizza,5.0,512,Manila,True,5.0
f27j,Big Z - Guadalupe,Filipino,0.0,0,Cebu City,False,
f282,Bloc49 - Putatan,Milk Tea,5.0,211,Muntinlupa City,True,5.0
f2bf,Khao Khai Thai Chicken House - Santolan Town Plaza,Thai,5.0,678,San Juan,True,5.0
f2c5,Leylam - Robinsons Place Calasiao Pangasinan,Rice Dishes,5.0,298,Dagupan Pangasinan,True,5.0
f2eg,Bo's Coffee - Koronadal,Coffee,5.0,1009,Koronadal South Cotabato,True,5.0
f2g7,Amigos Food Corner - M. Velez Street,Beverages,5.0,169,Cebu City,True,5.0
f2gr,Big Brew - Basak Lapu Lapu,Milk Tea,4.9,347,Lapu-Lapu City Cebu,True,4.9
f2ht,Al halal food corner,Indian,0.0,0,Muntinlupa City,False,
f2j8,Yardstick Coffee - Mall of Asia,Coffee,4.9,13,Pasay City,True,4.9
f2qu,Roger's BBQ - Centro Ormoc Food Park,Filipino,4.9,1793,Ormoc Leyte,True,4.9
f2rt,AA's All Day Breakfast Wings and Milktea - Malate,Fast Food,4.7,222,Manila,True,4.7
f2s7,Pan De Manila - Marina Mall,Bread,5.0,118,Lapu-Lapu City Cebu,True,5.0
f2wc,Gringo - MAAX,Rice Bowl,4.8,168,Pasay City,True,4.8
f2wu,Dash Coffee - Don Julio Gregorio Sauyo,Milk Tea,5.0,278,Quezon City,True,5.0
f2x1,Dolce Cafe - 10th Avenue,Coffee,5.0,18,Makati City,True,5.0
f2xo,Sweet Tooth by Tin Cleofas - Dagupan Street,Cakes,4.9,353,Quezon City,True,4.9
f399,Mister Donut - Elizabeth Mall,Donut,5.0,262,Cebu City,True,5.0
f39v,Tien Ma's - D. Tuazon,Chinese,5.0,76,Quezon City,True,5.0
f3ar,Ikomai and Tochi - ACI Bldg.,Rice Bowl,4.8,67,Makati City,True,4.8
f3cq,Rice Rocket - Scape,Asian,4.9,442,Pasay City,True,4.9
f3ev,Buko Juan - Ayala Malls Fairview Terraces,Fruit Shake,5.0,79,Quezon City,True,5.0
f3fn,Famous Belgian Waffles - SM Center Ormoc,Pancakes & Waffles,5.0,186,Ormoc Leyte,True,5.0
f3ht,Fema's Bakery - Sta Elena,Snacks,0.0,0,Marikina,False,
f3kw,Mt. Matutum Iced Coffees by Humble Bee - City Mall Marbel,Coffee,0.0,0,Koronadal South Cotabato,False,
f3lh,Keizo Restaurant - BGC,Japanese,5.0,561,Taguig City,True,5.0
f3od,PRIME STEAK HOUSE UNLIMITED IMPORTED STEAK - The Block SM North EDSA,Western,4.8,37,Quezon City,True,4.8
f3ov,Ohtako Takoyaki - Savana Makati,Japanese,4.9,283,Makati City,True,4.9
f3q2,Pansit Sa Bilao - Matina Crossing Pangi,Filipino,5.0,785,Davao City Davao Del Sur,True,5.0
f3tf,Bulalo World - Shaw Boulevard,Soups,5.0,915,Mandaluyong City,True,5.0
f3w1,Cookies by the Bucket - IL Terazzo,Desserts,0.0,0,Quezon City,False,
f48e,Heny Sison Desserterie - Scout Rallos Street,Cakes,5.0,203,Quezon City,True,5.0
f492,Tagaytay Bulalo Specials - Felix Ave Karangalan,Bulalo,4.8,20,Pasig City,True,4.8
f4a3,Du Hsiao Yueh - SM North,Asian,0.0,0,Quezon City,False,
f4ac,Chai Hub - Galas,American,4.9,1810,Manila,True,4.9
f4ck,Sinangag Station - Escario Street,Asian,5.0,1485,Cebu City,True,5.0
f4df,McDonald's - CSI Lucao,Fast Food,4.9,3879,Dagupan Pangasinan,True,4.9
f4i4,Chicken Chingu - Ayala Malls Cloverleaf,Burgers,5.0,169,Quezon City,True,5.0
f4kh,Samurai Foods - SM Megamall,Takoyaki,4.6,133,Mandaluyong City,True,4.6
f4ky,Big Boks - N Domingo,Chicken,0.0,0,Quezon City,False,
f4m1,Cocol Coffee and Tea - Nangka,Coffee,5.0,233,Marikina,True,5.0
f4mt,Kopi 82 - Wheels N’ More Drive,Coffee,5.0,78,Davao City Davao Del Sur,True,5.0
f4pw,Mixed Temptation - Lanang,Chinese,5.0,177,Davao City Davao Del Sur,True,5.0
f4q8,Burger King – Muntinlupa Highway,Burgers,5.0,2896,Muntinlupa City,True,5.0
f4qh,Red Ribbon - Hermosa,Cakes,5.0,814,Manila,True,5.0
f4ss,Cookiephile - Cabaguio,Desserts,5.0,292,Davao City Davao Del Sur,True,5.0
f4tb,Reenland Sushi Bar - Suki Market,Sushi,5.0,540,Quezon City,True,5.0
f4vi,TGI Fridays - Opus Mall,American,0.0,0,Quezon City,False,
f4vj,Gang Gang Boneless Fried Chicken - SM East Ortigas,Chicken Wings,0.0,0,Pasig City,False,
f4xi,Polland Hopia - SM Fairview,Filipino,4.9,86,Quezon City,True,4.9
f4yh,More Coffee - SM North,Coffee,4.9,11,Quezon City,True,4.9
f51r,Alejandro Ice Cream Dessert - SM City San Lazaro,Desserts,0.0,0,Manila,False,
f586,Hangout VN Resto - Valero Street,Rice Noodles,4.7,32,Makati City,True,4.7
f5ep,Tatay's Lechon - Midtown Subdivision,Lechon,4.8,521,Marikina,True,4.8
f5lt,Takoyatea by Joel Cruz - Fisher Mall,Japanese,5.0,70,Quezon City,True,5.0
f5pn,Hen Lin - Shangri-la Plaza Mall,Dim Sum,5.0,149,Mandaluyong City,True,5.0
f5pw,Thirsty Juices and Shakes - Robinsons Place Valencia,Beverages,5.0,34,Valencia Bukidnon,True,5.0
f5qh,The Coffee Bean & Tea Leaf - Circuit Lane,Coffee,4.9,574,Makati City,True,4.9
f5qo,VK Pata Food House - Barangay Bagong Pag-asa,Filipino,0.0,0,Quezon City,False,
f5r3,Gu-Gu Manju - Estancia Mall,Snacks,5.0,22,Pasig City,True,5.0
f5rs,Messy Bite - Mercato de Mactan,Chicken,5.0,209,Lapu-Lapu City Cebu,True,5.0
f5tg,Mingh's Chinese Cuisine - Rolex Street,Chinese,5.0,841,Quezon City,True,5.0
f61x,Marie John's - Makati,American,0.0,0,Makati City,False,
f6ae,Stepphanie's Cafe,Western,0.0,0,Manila,False,
f6c7,Marugame Udon - Ayala Malls Feliz,Japanese,5.0,318,Pasig City,True,5.0
f6fv,Merry Moo - Pasig,Desserts,4.9,10,Pasig City,True,4.9
f6m7,LavaRoast - D' Strip,Chicken,0.0,0,Pasig City,False,
f6rt,Tartufo Ristorante - The Grove,Seafood,4.8,47,Pasig City,True,4.8
f6tj,Vera - Coffee and Bistro,Pasta,5.0,469,Davao City Davao Del Sur,True,5.0
f6ud,Tay Seng Hopia & Bakery - Villa San Antonio,Cakes,4.7,70,Cebu City,True,4.7
f6uf,Candy Corner - One Ayala,Desserts,0.0,0,Makati City,False,
f6y0,Jenny’s Snack Corner - Flores Street,Fast Food,4.8,304,Davao City Davao Del Sur,True,4.8
f6zz,Filling Station Bar Cafe - P Burgos,Western,4.9,363,Makati City,True,4.9
f792,Lyndon's BBQ Haus - Orosa,Filipino,4.9,3454,Manila,True,4.9
f7aq,Klasik Gastropub - Moonstar Cebu Hotel Roofdeck,Rice Dishes,0.0,0,Cebu City,False,
f7by,Pabz Pizza - Moses Street,Pizza,0.0,0,Davao City Davao Del Sur,False,
f7gc,Aling Paz Food Haus - Bankerohan,Filipino,5.0,8211,Davao City Davao Del Sur,True,5.0
f7gj,Tapsihut - Paraiso Street,Filipino,4.8,194,Mandaluyong City,True,4.8
f7hi,Mangan - Ayala Malls Manila Bay,Filipino,4.8,231,Pasay City,True,4.8
f7ky,Sans Rival Cakes and Pastries - Shangrila Plaza,Pasta,5.0,374,Mandaluyong City,True,5.0
f7lf,Chicky Wings - Marikina,Chicken,4.7,42,Marikina,True,4.7
f7mx,Supersam - Scout Tobias,Burgers,4.7,51,Quezon City,True,4.7
f7n7,Wantusawa - BGC,Seafood,0.0,0,Taguig City,False,
f7o4,Samgyuniku Unlimited Japanese Korean BBQ Grill - Valero,Chicken Wings,4.8,374,Makati City,True,4.8
f7qh,Pinklab - M Reyes Street,Beverages,5.0,35,Makati City,True,5.0
f7v8,Merienda by Pan de Manila - Four E-Com Center,Filipino,4.9,26,Pasay City,True,4.9
f7ve,Mang Inasal - Mactan Marina Mall,Chicken,5.0,3482,Lapu-Lapu City Cebu,True,5.0
f7xi,Yogorino - SM Megamall,Desserts,5.0,108,Mandaluyong City,True,5.0
f82e,The Lemon Co. - SM Hypermarket,Beverages,5.0,77,Lapu-Lapu City Cebu,True,5.0
f83o,Mango Delight - Napindan Taguig,Fruit Shake,0.0,0,Taguig City,False,
f84e,Tako Ramen - JY Square,Japanese,5.0,31,Cebu City,True,5.0
f8ah,Kanto Freestyle Breakfast - Leon Guinto Street,Filipino,5.0,1973,Manila,True,5.0
f8bm,Roadhouse Cafe - SM Ecoland,Filipino,5.0,446,Davao City Davao Del Sur,True,5.0
f8g0,Nabe Unlimited Japanese Hotpot - Vertis North,Japanese,0.0,0,Quezon City,False,
f8ho,Triple J Tuna - Babag II Road,Seafood,4.8,208,Lapu-Lapu City Cebu,True,4.8
f8nn,Sulit Shawarma! - Malolos,Shawarma,4.9,418,Malolos Bulacan,True,4.9
f8qe,Bo's Coffee - SM Center Ormoc,Coffee,5.0,1262,Ormoc Leyte,True,5.0
f8qu,Figaro Coffee - UST,Coffee,0.0,0,Manila,False,
f8sa,Mister Donut - Puregold Guiguinto,Donut,5.0,149,Malolos Bulacan,True,5.0
f8tf,Takoyaki Made by Japayuki - Bonifacio Street,Seafood,5.0,596,Manila,True,5.0
f8tl,Soy Yummy - San Antonio Place,Asian,5.0,41,Quezon City,True,5.0
f8uo,Jollibee - Acacia Lane,Fast Food,5.0,11556,Mandaluyong City,True,5.0
f8vk,Dolor's Kakanin - Beata Street,Filipino,5.0,660,Manila,True,5.0
f8vx,Tsokolatea Milktea Shop - Estanislao Street,Beverages,5.0,206,Muntinlupa City,True,5.0
f8x1,Candy Corner - Abreeza Mall,Desserts,4.9,17,Davao City Davao Del Sur,True,4.9
f8x5,Ka Pedro's Food House - Kaginhawaan Street,Filipino,5.0,6119,Pasig City,True,5.0
f92l,Raven’s Cafe Pizzeria,Pizza,0.0,0,Manila,False,
f95h,Brisbane Street - Old Balara,Beverages,0.0,0,Quezon City,False,
f97a,Danielle’s Pretzel Bread Corner - 128 Del Monte Avenue,Filipino,0.0,0,Quezon City,False,
f9aj,Fast Fresh by SKCO - Lanang,Healthy,5.0,185,Davao City Davao Del Sur,True,5.0
f9ar,BBQ Shack - Jose Abad Santos,Asian,5.0,621,San Juan,True,5.0
f9ck,I Love Milktea - Angel Linao,Milk Tea,5.0,1679,Manila,True,5.0
f9ez,S and R Pastry Shop,Desserts,5.0,46,Lapu-Lapu City Cebu,True,5.0
f9hs,Tasty Treats Mnl - Carmel V Subdivision,Wraps,5.0,1076,Quezon City,True,5.0
f9s1,Yeah Yee Ice Cream - Corporate Center Building,Fruit Shake,0.0,0,Makati City,False,
f9um,Chatime - SM Aura,Milk Tea,5.0,781,Taguig City,True,5.0
f9vk,Potato Corner - Citymall Koronadal,Fries,5.0,147,Koronadal South Cotabato,True,5.0
f9vy,The Original AA BBQ - NRA,Asian,5.0,571,Cebu City,True,5.0
f9vz,Banapple - Promenade,Cakes,0.0,0,San Juan,False,
f9zi,Krispy Kreme - SM Fairview,Donut,5.0,422,Quezon City,True,5.0
fa30,MAESTRA,Milk Tea,0.0,0,Quezon City,False,
fa4d,Lugaw Republic - Robinsons Novaliches,Porridge,5.0,24,Quezon City,True,5.0
fa5f,Quan Native Delicacies - Venice Grand Canal Mall,Filipino,5.0,168,Taguig City,True,5.0
fa8c,Everyday Coffee and Tea - SWU,Beverages,0.0,0,Cebu City,False,
faaa,El Pollo Loco - My South Hall,American,0.0,0,Pasay City,False,
faam,WOW Lechon - Catalunan Grande,Ulam,5.0,70,Davao City Davao Del Sur,True,5.0
fab2,Best Bites Boneless Fried Chicken - Wilson San Juan,Chicken,3.4,10,San Juan,True,3.4
fado,Kapitan Pakpak - Kalayaan,Fast Food,0.0,0,Quezon City,False,
fae6,Tiong Bahru Boneless Hainanese Chicken Rice - Alabang Town Center,Fried Chicken,5.0,86,Muntinlupa City,True,5.0
fafd,Hola Coffee - Boni Mandaluyong,Beverages,0.0,0,Mandaluyong City,False,
faga,Liloan's Pride Liempo - RCBC Makati,Filipino,0.0,0,Makati City,False,
fak4,Bored Egg - Eton Tower Makati,Sandwiches,0.0,0,Makati City,False,
fam8,PinoyVorites - California Garden Square,Filipino,0.0,0,Mandaluyong City,False,
fani,SARICOFFEE CAFE - Quezon City,Coffee,0.0,0,Quezon City,False,
farm,Ling Nam Fried Siopao - Ever Masangkay,Chinese,5.0,97,Manila,True,5.0
fayn,AKIVAH KAKANIN STORE - CY Potot Street,Filipino,5.0,22,Lapu-Lapu City Cebu,True,5.0
fb9o,Wingyard - Circulo Verde,Chicken Wings,0.0,0,Quezon City,False,
fba6,Duo Brew - Pembo,Coffee,0.0,0,Taguig City,False,
fbj9,Hoi Coffee - MyTown Auckland,Coffee,5.0,18,Makati City,True,5.0
fbjz,Bagwings - Sta. Ana,Filipino,5.0,1493,Manila,True,5.0
fbob,Botejyu - SM Seaside Cebu,Japanese,5.0,57,Cebu City,True,5.0
fboj,Halo Halo of the Year - Holy Spirit Drive,Coffee,5.0,247,Quezon City,True,5.0
fbp8,Fruity Lemons - SM Novaliches,Beverages,5.0,39,Quezon City,True,5.0
fbql,NYFD (New York Fries and Dips) - SM City East Ortigas,Fries,0.0,0,Pasig City,False,
fbrj,CoCo Fresh Tea & Juice - Estancia Mall,Milk Tea,5.0,4577,Pasig City,True,5.0
fbsl,Relyn's Aligue Dishes - Grand Royale Subdivision,Seafood,4.9,511,Malolos Bulacan,True,4.9
fbty,Donut Park - Deparo,Desserts,5.0,12,Quezon City,True,5.0
fbxt,Roadside STK House - V Rama,Filipino,5.0,2127,Cebu City,True,5.0
fccu,Minute Burger - Babag 1,Burgers,5.0,16,Lapu-Lapu City Cebu,True,5.0
fcth,Yumpanada - Market! Market!,Filipino,4.9,22,Taguig City,True,4.9
fcws,Jay & J Foods - MDFI Commercial Complex,Ulam,5.0,18,Koronadal South Cotabato,True,5.0
fcyd,Ongpin Express - Waltermart North EDSA,Chinese,5.0,121,Quezon City,True,5.0
fczs,Cafe Jeremiah - Buhangin,Snacks,0.0,0,Davao City Davao Del Sur,False,
fd1f,PICKUP COFFEE - Ayala Metropoint,Coffee,4.9,135,Pasay City,True,4.9
fd3o,Hap Chan - High Pointe,Chinese,4.7,139,Mandaluyong City,True,4.7
fd4l,Cassa Coffea Cafe,Coffee,0.0,0,Quezon City,False,
fd57,Ate Rica's Bacsilog - Puregold Shaw,Silog,0.0,0,Mandaluyong City,False,
fd5u,Gourmet Silog - Ilang Ilang,Silog,4.9,58,Pasay City,True,4.9
fd7x,Golden Noodle House - Lucky Chinatown Mall,Asian,0.0,0,Manila,False,
fd9n,I Love Burger - Aurora Boulevard Cubao,Burgers,4.9,227,Quezon City,True,4.9
fdc6,Gang Gang Boneless Fried Chicken - Mendiola,Fried Chicken,5.0,145,Manila,True,5.0
fdda,Baliwag Lechon Manok at Liempo - Panorama Street,Chicken,5.0,300,Marikina,True,5.0
fdha,Yaki Yaki - Bluewave Marquinton,Japanese,5.0,393,Marikina,True,5.0
fdiv,Kimchi.mc - Magsaysay Road,Korean,5.0,128,Taguig City,True,5.0
fdkp,FOUR50 Cafe - General Vicente Lim,Asian,4.9,32,San Juan,True,4.9
fdun,Balai Pandesal - Bayani Road,Snacks,5.0,53,Taguig City,True,5.0
fdxn,Coffee First - Skyrise,Coffee,5.0,396,Cebu City,True,5.0
fe0s,Master Siomai - Ayala Malls Feliz,Siomai,5.0,13,Pasig City,True,5.0
fe0x,Cake Rush Sweet Samthings - Pasig (PandaGo),Cakes,0.0,0,Pasig City,False,
fe50,Caca's Palabok - G Spot Food Park,Filipino,4.9,110,Cebu City,True,4.9
fejn,Banh Mi Kitchen & Café - SM North The Block,Asian,5.0,359,Quezon City,True,5.0
fevi,hotplates paluto,Asian,0.0,0,Manila,False,
fezk,Cebu's Original Lechon Belly - Super Metro Lapulapu,Filipino,5.0,514,Lapu-Lapu City Cebu,True,5.0
ff43,Burger King - SM Pulilan,Burgers,5.0,477,Malolos Bulacan,True,5.0
ff4h,EC STICKS N' GO. FOOD KIOSK,Filipino,0.0,0,Marikina,False,
ff4j,Yummy Chicken - South Signal Village,Chicken,0.0,0,Taguig City,False,
ff6n,Biaños Pizza - Mabolo,Pizza,5.0,1337,Cebu City,True,5.0
ff7v,Fruitas & De Original Jamaican Pattie Shop and Juice Bar - VisayasMed Hospital,Filipino,5.0,112,Cebu City,True,5.0
ff98,Casa Taqueria - Dapitan,Unknown,0.0,0,Manila,False,
ff9a,TGI Fridays - Shangri-La,American,0.0,0,Mandaluyong City,False,
ffaw,JF Kitchenette  - Marikina,Silog,0.0,0,Makati City,False,
ffen,Silog Series - Leveriza,Filipino,4.9,320,Pasay City,True,4.9
ffex,Crazy Krunch - Banlat Road,Fried Chicken,4.8,12,Quezon City,True,4.8
ffjv,Mad Brews - Pasig Sandoval,Coffee,0.0,0,Pasig City,False,
ffqz,Cantonese Dimsum House - De Lasalle Taft,Chinese,0.0,0,Manila,False,
ffsh,Mackie's Grill & Cafe - Valencia,Asian,5.0,165,Valencia Bukidnon,True,5.0
ffxp,Cafe Elvira - Davao City,Coffee,5.0,28,Davao City Davao Del Sur,True,5.0
ffyx,Brownies Unlimited - Robinsons Malolos,Cakes,5.0,125,Malolos Bulacan,True,5.0
fg2e,Mang Tomas Ganado Express by Cloudeats - Quirino Highway,Rice Bowl,4.7,12,Quezon City,True,4.7
fga6,Shinobi Japanese Street Food - Pablo Foodpark,Rice Bowl,5.0,190,Cebu City,True,5.0
fgav,Taste Brew - Don Julio Gregorio,Coffee,0.0,0,Quezon City,False,
fgfs,Kanamit Restaurant - Carriedo Street,Filipino,4.9,138,Manila,True,4.9
fgif,Smash It: Burgers & More - Quezon Avenue,American,4.7,67,Quezon City,True,4.7
fgjp,Bo's Coffee - Dagupan Arellano,Coffee,5.0,718,Dagupan Pangasinan,True,5.0
fgoz,LAMI-AY - Jacinto Street Padre Gomez Corner,Pares,4.5,309,Davao City Davao Del Sur,True,4.5
fgpd,Remilly's Yema Cake - Poblacion,Cakes,5.0,57,Makati City,True,5.0
fgr3,Seven Mannah - Evangelista,Indian,5.0,52,Makati City,True,5.0
fgxs,Shi Lin - Glorietta,Chinese,5.0,123,Makati City,True,5.0
fh0x,Dot Coffee - Greenbelt 3,Coffee,5.0,352,Makati City,True,5.0
fh1r,The Lemon Co. - Super Metro Lapu Lapu,Beverages,0.0,0,Lapu-Lapu City Cebu,False,
fh29,Tapa King - Avire Tower,Filipino,5.0,1378,Quezon City,True,5.0
fh7n,24/7 Super Healthy - Pasay,Healthy,5.0,4476,Pasay City,True,5.0
fhel,Kenji's Cafe - Chestnut Street,Cakes,0.0,0,Quezon City,False,
fhmz,Healthy Lemon - LRT Anonas City Center,Beverages,0.0,0,Quezon City,False,
fhoe,Wild Shake - Kcc Mall,Snacks,5.0,16,Koronadal South Cotabato,True,5.0
fhui,Zaldys Eatery - Timog Avenue,Filipino,4.9,143,Quezon City,True,4.9
fhye,El Pollo Loco - Robinsons Magnolia,American,0.0,0,Quezon City,False,
fi1y,Bedbox Hotel - Flavor Box (Dagupan),Filipino,4.9,155,Dagupan Pangasinan,True,4.9
fi1y,Bed Box Café - Rizal Street,Lechon,4.9,98,Dagupan Pangasinan,True,4.9
fi2c,Buendia Rider's Cafe by Laguna Choppers - Gil Puyat Avenue.,Pizza,5.0,45,Pasay City,True,5.0
fi8a,Boxstop - Dahlia,Ramen,5.0,282,Quezon City,True,5.0
fid8,Konbini Karaage - Public Eatery at Robinsons Magnolia,Rice Bowl,5.0,10,Quezon City,True,5.0
fidp,Mumbai Indian BBQ & Grill - DMSF,Biryani,2.1,15,Davao City Davao Del Sur,True,2.1
fign,Zhu Kitchen - Timog Avenue,Siomai,0.0,0,Quezon City,False,
fih2,Claypot Rice noodle Inc - Arellano Avenue,Noodles,5.0,304,Manila,True,5.0
fiiq,Tagala Chicken Butterfly - Arlington Pond Street,Chicken,4.9,167,Cebu City,True,4.9
fik3,La Frontera -  UST Dapitan,Western,4.9,135,Manila,True,4.9
fiki,Da Boss Bar & Grill -  Visayas Avenue,Filipino,4.7,197,Quezon City,True,4.7
fimf,Fastazee - Sampaloc,Filipino,5.0,424,Manila,True,5.0
fin3,Tastes from the Greens - Malolos Bayan,Milk Tea,5.0,1139,Malolos Bulacan,True,5.0
fiq6,Kultura Kafe - Hulo,Coffee,4.6,20,Mandaluyong City,True,4.6
fivf,Khosh Mazeh Persian Kebab Corner - Raymundo Avenue,Filipino,0.0,0,Pasig City,False,
fivj,Oishi Ramen Bai - Aurora Street,Ramen,4.9,84,Koronadal South Cotabato,True,4.9
fizb,Ramen-Ju On The Go,Japanese,0.0,0,Davao City Davao Del Sur,False,
fj38,Teavolution - Mabini Street,Milk Tea,4.9,137,Valencia Bukidnon,True,4.9
fjal,Fruitas - Alabang Town Center,Fruit Shake,4.6,42,Muntinlupa City,True,4.6
fjb4,Irie Tea - Lapu-Lapu,Milk Tea,4.9,139,Lapu-Lapu City Cebu,True,4.9
fjcp,Oh Mango - Pasig,Takoyaki,5.0,2266,Pasig City,True,5.0
fje5,Master Siomai - Ayala Malls Marikina,Chinese,5.0,48,Marikina,True,5.0
fjod,Takam - Pasig,Filipino,4.9,145,Pasig City,True,4.9
fjpz,Octoboy - Tomas Morato,Takoyaki,5.0,113,Quezon City,True,5.0
fjzd,Hot'n Chix Inasal - Marikina,Chicken,0.0,0,Marikina,False,
fk5g,K-Egg Robinsons Magnolia,Sandwiches,0.0,0,Quezon City,False,
fk5o,Miyagi Sushi - General Romulo Avenue,Sushi,4.8,99,Quezon City,True,4.8
fk9u,Niko's Pizza & Coffee - Lapu Lapu,Beverages,0.0,0,Lapu-Lapu City Cebu,False,
fkdj,SOI CHICKEN - BGC,Thai,4.9,61,Taguig City,True,4.9
fkjc,Potato Corner - SM Mall of Asia Entertainment,Fries,4.9,105,Pasay City,True,4.9
fkls,BBQ Chicken - BGC,Fried Chicken,5.0,862,Taguig City,True,5.0
fkme,Corndog 28 - The One P. Campa,Corndogs,5.0,122,Manila,True,5.0
fkop,Taho Story - Gyud Food Branch,Filipino,0.0,0,Quezon City,False,
fkzi,Emperor Express,Asian,0.0,0,Makati City,False,
fl1f,Pleasant Brew Coffee House - Davao,Snacks,1.4,10,Davao City Davao Del Sur,True,1.4
fl9j,Royal Indian Curry House - SM Mall Of Asia,Indian,0.0,0,Pasay City,False,
flbx,Tonala Mexican Food - SM City Ecoland,Western,0.0,0,Davao City Davao Del Sur,False,
fld0,Healthy To Go - Quirino Highway,Healthy,5.0,843,Quezon City,True,5.0
flkg,Paris Baguette - SM Mall Of Asia,Bread,0.0,0,Pasay City,False,
flqv,JG's Kambingan - Baliok,Bulalo,0.0,0,Davao City Davao Del Sur,False,
flr9,PICKUP COFFEE - Alabang Town Center,Coffee,5.0,1039,Muntinlupa City,True,5.0
flxf,Seven D Eatery,Western,4.9,13,Davao City Davao Del Sur,True,4.9
fm19,Hot Kitchen - Acacia Estates,Chicken,4.9,25,Taguig City,True,4.9
fm25,Mango Delight - Herbosa Tondo,Fruit Shake,0.0,0,Manila,False,
fm2u,Yardstick Coffee - Rockwell,Coffee,5.0,13,Makati City,True,5.0
fm5i,ManMan Sai-Gon,Chinese,0.0,0,Makati City,False,
fm6v,Delgie Buko Shake - Toril,Beverages,5.0,202,Davao City Davao Del Sur,True,5.0
fm7l,Chings Wok Express Food Court - CSI City Mall Lucao,Filipino,4.8,20,Dagupan Pangasinan,True,4.8
fm8q,Chicken Chingu - Luna Mencias Street,Fried Chicken,4.9,219,San Juan,True,4.9
fm9j,Shell Cafe - General Maxilom Avenue,Coffee,0.0,0,Cebu City,False,
fmj5,HB Coffee and Milktea Shop - Panorama Street,Coffee,4.8,11,Marikina,True,4.8
fmml,Barbecue Corner - Bonifacio,Fried Chicken,0.0,0,Davao City Davao Del Sur,False,
fmol,COWBOY Barbecues + Sizzlers - Concha Street,BBQ,4.9,50,Manila,True,4.9
fmuc,Mr Beef and Noodles - Torillo,Chinese,0.0,0,Quezon City,False,
fndo,Yoshinoya - Glorietta,Japanese,4.9,888,Makati City,True,4.9
fnk5,Dear Bella Bakeshop - Sampaguita Avenue,Desserts,0.0,0,Quezon City,False,
fnkg,Cindys Bakery and Restaurant - Blumentritt,Cakes,5.0,1494,Manila,True,5.0
fnnx,"Tokyo Tokyo - Juan Luna St. Tondo, Manila",Japanese,5.0,561,Manila,True,5.0
fnru,Pekaps sa Gedli - Forest Park,Beverages,0.0,0,Manila,False,
fnut,Ally's Sisig - Cattleya Street,Sisig,4.9,26,San Juan,True,4.9
fo33,"Sup, Brew? - Pantal Dagupan",Beverages,0.0,0,Dagupan Pangasinan,False,
fo5r,Ibyang's Hidden Chicken Inasal -  Chino Roces Avenue,BBQ,0.0,0,Makati City,False,
foam,Bulalo World - Wilson San Juan,Filipino,4.7,30,San Juan,True,4.7
focl,Best Bites Boneless Fried Chicken - PCU,Fried Chicken,4.5,261,Manila,True,4.5
fod5,Hyderabad Dine In - Mercato de Mactan Food Park,Indian,4.9,52,Lapu-Lapu City Cebu,True,4.9
foha,Maison Shawarma,Shawarma,0.0,0,Makati City,False,
fole,PUGON WOODFIRED PIZZA,Pizza,5.0,16,Cebu City,True,5.0
foqa,Mixue Ice Cream & Tea - Lower Bicutan,Milk Tea,5.0,88,Taguig City,True,5.0
fosp,Fumes Cafe,Coffee,4.9,14,Manila,True,4.9
fosv,Scoops Frozen Yogurt & Ice Cream - 8BC,Snacks,0.0,0,Cebu City,False,
foxj,Merashian Home Cooking - D Tuazon,Rice Bowl,5.0,61,Quezon City,True,5.0
fpbl,New Rosal Hotel - Bagong Ilog,Pancit,5.0,52,Pasig City,True,5.0
fpbw,Angkong's Time Cuisine - Zubiri St.,Filipino,5.0,774,Cebu City,True,5.0
fpbw,Angkong's Time Cuisine - Don Mariano,Filipino,5.0,747,Cebu City,True,5.0
fpc1,Beef Street Burgers - Manila,American,5.0,239,Manila,True,5.0
fpqi,J&G Fried Chicken and Gong cha - Eastwood,Unknown,5.0,160,Quezon City,True,5.0
fps9,OldTown White Coffee - Ayala Malls Circuit,Coffee,0.0,0,Makati City,False,
fpu0,OMG Pizza - SM City North EDSA,Pizza,4.9,15,Quezon City,True,4.9
fpwq,Lugaw Republic - Bago Bantay,Porridge,5.0,6448,Quezon City,True,5.0
fpz4,Kusina Loka - Davao City Davao del Sur,Chicken,0.0,0,Davao City Davao Del Sur,False,
fq0t,Isaac Shawarma - Central Avenue,Coffee,0.0,0,Quezon City,False,
fq12,King Sisig - Wilson San Juan,Filipino,5.0,36,San Juan,True,5.0
fq31,Platiyos Mr Cochinillo - Major Dizon Street,Coffee,0.0,0,Marikina,False,
fq39,J.CO Donuts & Coffee - SM North Edsa Sky Garden,Donut,5.0,2326,Quezon City,True,5.0
fq6v,Tealive - Marikina Park Plaza,Milk Tea,5.0,84,Marikina,True,5.0
fq77,Siomai House - MG Square,Siomai,5.0,23,Manila,True,5.0
fqf8,Koko Original Milktea  - Narra St  Tunasan,Beverages,0.0,0,Muntinlupa City,False,
fqli,Sunburst Fried Chicken - Quano Avenue,Chicken,0.0,0,Cebu City,False,
fqpa,Nikki's Gastropub - Congressional Avenue,Filipino,0.0,0,Quezon City,False,
fquv,Makiko Express - The 30th,Sushi,0.0,0,Pasig City,False,
fqv1,Stuff'd - Eastwood,Wraps,5.0,252,Quezon City,True,5.0
fr8h,Coffee Spot - SM Seaside City Cebu,Coffee,0.0,0,Cebu City,False,
fra2,Estoria Cafe - Palanan,Coffee,5.0,40,Makati City,True,5.0
frbd,Fei Mui Premium Roasts - General Ordoñez Avenue,Chinese,5.0,31,Marikina,True,5.0
frbl,Trueblends Katipunan,Beverages,4.8,13,Quezon City,True,4.8
frd5,Ben's Halo-Halo - Ususan Taguig,Halo-Halo,5.0,527,Taguig City,True,5.0
frdv,Sizzling Sa Kawali - Aurora Boulevard,Filipino,4.9,31,Quezon City,True,4.9
frjs,Daily by Bo's Coffee - Glorietta 5,Coffee,5.0,1865,Makati City,True,5.0
frnx,Founders Donuts - MOA,Desserts,0.0,0,Pasay City,False,
frp9,Gorudo Ramen - Katipunan,Ramen,5.0,157,Quezon City,True,5.0
frsb,harlan + holden coffee - BHS Central - (because coffee),Coffee,5.0,2198,Taguig City,True,5.0
frzx,Dylan Patisserie - Jupiter,Cakes,5.0,155,Makati City,True,5.0
fs26,Lolila's Deli - 20th Avenue,Desserts,0.0,0,Quezon City,False,
fs73,Big Mama's Pizza - Katipunan,Pizza,5.0,319,Quezon City,True,5.0
fs78,Eclair Bar PH - Marikina Infanta Hwy,Desserts,0.0,0,Pasig City,False,
fs88,Citea Milktea - Burgos Street,Milk Tea,4.9,206,Dagupan Pangasinan,True,4.9
fs8p,Torres Ihaw-Ihaw - Torres,BBQ,5.0,299,Davao City Davao Del Sur,True,5.0
fsbk,Potato Corner - Ayala Tower One Mezzanine,Fries,0.0,0,Makati City,False,
fsc0,Salty Compass Patisserie - Gunting Street,Coffee,0.0,0,Marikina,False,
fskw,Nine Fresh - San Juan,Milk Tea,5.0,408,Quezon City,True,5.0
fsof,Neolivbrews - JP Rizal,Beverages,5.0,179,Marikina,True,5.0
fspv,Happy Haus Donuts - P Burgos Street,Donut,5.0,56,Marikina,True,5.0
fstw,Sip & Chill Cafe - Farland Extension,Milk Tea,0.0,0,Davao City Davao Del Sur,False,
fsuz,Meeska Mooska Milktea House - Punta Princesa,Milk Tea,5.0,422,Cebu City,True,5.0
fsxn,Open Kitchen To-Go - The Maxwell Hotel,Rice Bowl,5.0,69,Cebu City,True,5.0
fsyf,Ate Rica's Bacsilog - UST Carpark,Silog,5.0,803,Manila,True,5.0
ft38,Mang Binatog - SM City Manila,Desserts,5.0,123,Manila,True,5.0
ft85,Cafe O2 - San Roque,Beverages,5.0,56,Marikina,True,5.0
ft9e,Big Mummy's Express - Marikina,Indian,5.0,563,Marikina,True,5.0
ftb1,Frankie's New York Buffalo Wings - SM Mall of Asia,Chicken Wings,5.0,93,Pasay City,True,5.0
ftcs,MiPanda Milk Tea – Sta. Mesa,Milk Tea,5.0,21,Manila,True,5.0
ftes,Loca Kitchen and Cafe,Western,0.0,0,Cebu City,False,
ftnb,The Daily Detox - SM City Fairview,Beverages,5.0,109,Quezon City,True,5.0
fts2,Urbanica Milk Coffee -  San Juan,Coffee,5.0,2893,San Juan,True,5.0
fttc,Draft Coffee by Lew's - Greenhills,Beverages,5.0,10,San Juan,True,5.0
fu7f,Vista Cubao Hotel - San Martin De Porres,Pancit,5.0,56,Quezon City,True,5.0
fu8j,Krooks Coffee House - J. Molina,Beverages,0.0,0,Marikina,False,
fub8,Tsim Sha Tsui Dimsum & Tea Bar - SM City Cebu,Rice Dishes,4.8,45,Cebu City,True,4.8
fucw,West Empire Seafood And Chinese Restaurant - Insular Village,Chinese,5.0,897,Davao City Davao Del Sur,True,5.0
fuee,Pink Mug - Vito Cruz Station,Coffee,0.0,0,Manila,False,
fufw,Samgyupsalamat - BGC Forum,BBQ,5.0,50,Taguig City,True,5.0
fugn,2Bros Tacos - Dagupan,Wraps,5.0,13,Dagupan Pangasinan,True,5.0
fujz,Dunkin' - JM Building,Donut,4.5,36,Muntinlupa City,True,4.5
fukv,Buko Pie Station - Mintal,Bread,5.0,88,Davao City Davao Del Sur,True,5.0
fuml,Master Siomai  - JY SQUARE MALL,Siomai,5.0,84,Cebu City,True,5.0
fuss,Sushi Box Davao-NCCC Victoria Plaza,Sushi,5.0,39,Davao City Davao Del Sur,True,5.0
futs,Marugame Udon - Greenbelt 3,Japanese,5.0,1291,Makati City,True,5.0
fuu2,Taho Story - Robinsons Metro East,Filipino,0.0,0,Pasig City,False,
fuus,Rhian Ramos' Healthy Appetite - UST,Chicken,5.0,668,Manila,True,5.0
fuv4,Mango Royal Milkshake - Dela Paz Pasig,Milk Tea,5.0,144,Pasig City,True,5.0
fuyj,Brewing Point Neighborhood Cafe - Fisher Mall,Filipino,5.0,21,Quezon City,True,5.0
fv01,Ate Rica's Bacsilog - Oroquieta,Rice Bowl,5.0,91,Manila,True,5.0
fv0c,Magie’s - UST Laon Laan Br.,Filipino,0.0,0,Manila,False,
fv5f,Tsurumaru Udon x Tempura - SM City Fairview,Ramen,4.9,38,Quezon City,True,4.9
fv6z,Mr. Liempo - Babag,Lechon,5.0,98,Lapu-Lapu City Cebu,True,5.0
fv8d,Starbucks - 1427 E Rodriguez Sr Avenue,Beverages,5.0,2314,Quezon City,True,5.0
fv8k,Mommyla's BBQ at Kare-Kare - Marcos Highway,BBQ,4.8,222,Pasig City,True,4.8
fvaj,Graciella's Taiwanese Fried Chicken - Sta. Mesa,Chicken,4.4,18,Manila,True,4.4
fvau,AC's So-lit Bowls - Sandawa,Sisig,0.0,0,Davao City Davao Del Sur,False,
fvg9,24/7 Super Healthy - Quirino Highway,Healthy,5.0,1783,Quezon City,True,5.0
fviq,SioCha Asian Cuisine - Masangkay Street,Asian,4.9,296,Manila,True,4.9
fvkg,Takoyadon - SM City Santa Mesa,Takoyaki,5.0,121,Quezon City,True,5.0
fvm6,David's Tea House - Ayala Malls Cloverleaf,Chinese,5.0,103,Quezon City,True,5.0
fvrg,Saglit by Flower Ranch Cafe - Poblacion,Beverages,0.0,0,Makati City,False,
fw0r,Abe - New Gateway Mall 2,Ulam,3.7,12,Quezon City,True,3.7
fw2f,Blake's Wings and Steaks - Salcedo One Center Makati,Chicken Wings,5.0,720,Makati City,True,5.0
fw2q,Cookies by the Bucket - Shangri-La Plaza,Desserts,0.0,0,Mandaluyong City,False,
fw48,White Dragon Taiwan Milk Tea - Batasan Hills,Milk Tea,5.0,800,Quezon City,True,5.0
fw63,Wing Bomb Korean Chicken Wings - Unlad Condominium,Fried Chicken,5.0,1760,Manila,True,5.0
fw8z,Mang Silogan - Acacia Street,Silog,0.0,0,Makati City,False,
fwce,Tiger Winx - Timog Avenue,Chicken,5.0,659,Quezon City,True,5.0
fwd4,Calm Street,Beverages,0.0,0,Cebu City,False,
fwgh,/Adong's Food Corner - Lapu Lapu,Desserts,0.0,0,Lapu-Lapu City Cebu,False,
fwjb,Happy Cup - Ayala Malls Marikina,Milk Tea,5.0,170,Marikina,True,5.0
fwpi,Buri-Bap Japanese & Korean Rice Bowls - Robinsons Cybergate,Japanese,0.0,0,Mandaluyong City,False,
fwr4,Pancit ng taga Malabon - Pinagbuhatan Pasig,Filipino,4.9,36,Pasig City,True,4.9
fws7,Marinduquenos Litson Manok - Katarungan Village Muntilupa City,Chicken,0.0,0,Muntinlupa City,False,
fwxy,Tapa King - Mall of Asia,Filipino,5.0,413,Pasay City,True,5.0
fx0d,Rice Republik - Pasig,Korean,0.0,0,Pasig City,False,
fx0z,POPS Wings and Ribs - South Signal Village,Silog,0.0,0,Taguig City,False,
fx22,Cold Storage Seafood - Wilson Street,Sushi,5.0,104,San Juan,True,5.0
fx3m,Ribsarap - Paco Manila,Fast Food,5.0,45,Manila,True,5.0
fxcf,10 Dove Street Confectionery - Pueblo Verde,Cakes,5.0,35,Lapu-Lapu City Cebu,True,5.0
fxi9,Don Benito's - Banilad,Cakes,5.0,437,Cebu City,True,5.0
fxk2,Thor's Icelandic Hotdog - Poblacion Makati,Sandwiches,0.0,0,Makati City,False,
fxn2,Dulcinea - Serendra BGC,Western,5.0,60,Taguig City,True,5.0
fxqr,KOKODAK,Korean,0.0,0,Pasay City,False,
fxsn,Tokyo Tokyo - Petron Roxas Blvd South Bound,Japanese,5.0,975,Pasay City,True,5.0
fxuq,Ermeatano - One Grilla Marikina,American,4.9,84,Marikina,True,4.9
fxwc,Waffle Time - Comembo,Pancakes & Waffles,5.0,67,Taguig City,True,5.0
fy4y,Micos Sizzling house - Ramos branch,Filipino,0.0,0,Cebu City,False,
fybc,Dutch Delights - Matimtiman Street,Unknown,0.0,0,Quezon City,False,
fyqa,Barbeque Boss Express - Tibungco,BBQ,0.0,0,Davao City Davao Del Sur,False,
fytu,24 Chicken - Bajada,Fried Chicken,5.0,7806,Davao City Davao Del Sur,True,5.0
fyzn,Singko Star Lucky Fried Chicken - C Raymundo Avenue,Fried Chicken,5.0,46,Pasig City,True,5.0
fz2l,Khao Khai Thai Chicken House - Molito,Thai,5.0,60,Muntinlupa City,True,5.0
fz9j,Buko Twist - Ayala Malls Feliz,Fruit Shake,5.0,35,Pasig City,True,5.0
fzcm,Brew Republic,Pizza,4.9,19,Koronadal South Cotabato,True,4.9
fzir,Uphold Coffee - Domestic Road,Coffee,0.0,0,Pasay City,False,
fzj0,The 4th Diner - Obrero,Snacks,5.0,28,Davao City Davao Del Sur,True,5.0
fzj0,The 4th Diner - Sobrecarey,Snacks,0.0,0,Davao City Davao Del Sur,False,
fzm2,Kuya Rey's Sizzling - Batasan Hills,Ulam,0.0,0,Quezon City,False,
fztv,Maurice Food Choice - 445 Subabasbas,Filipino,0.0,0,Lapu-Lapu City Cebu,False,
g05t,Recovery Food - Arkipelago,Filipino,5.0,304,Makati City,True,5.0
g07a,King Corndog - Bago Aplaya,Fast Food,4.9,41,Davao City Davao Del Sur,True,4.9
g07d,Eat Sleep Burger - Country Side Avenue,American,5.0,37,Pasig City,True,5.0
g093,Happy N' Healthy - Ubelt,Healthy,5.0,56,Manila,True,5.0
g0ci,Red Ribbon - Valencia,Cakes,5.0,507,Valencia Bukidnon,True,5.0
g0cv,1st Colonial Grill - Loyola Heights,Filipino,4.9,29,Quezon City,True,4.9
g0dy,Polland Hopia - Lucky Chinatown,Filipino,5.0,121,Manila,True,5.0
g0e6,Philo Café - Bulihan,Filipino,0.0,0,Malolos Bulacan,False,
g0j5,Cabalen - Vista Mall Malolos,Filipino,4.9,48,Malolos Bulacan,True,4.9
g0nx,Cebu's Ayers Lechon - i2 Second Floor,Lechon,4.8,470,Cebu City,True,4.8
g0o5,"Yummy Chicken - Sierra Madre, Mandaluyong",Chicken,4.7,16,Mandaluyong City,True,4.7
g0pm,Mr. Toppings - Ayala Central Bloc,Filipino,4.9,13,Cebu City,True,4.9
g0qa,Ray's Chicken - SM Fairview,Chicken,5.0,115,Quezon City,True,5.0
g0qt,Ramen Nagi - Robinsons Magnolia,Ramen,5.0,282,San Juan,True,5.0
g0qz,Daecup Korean Food House - White Plains,Korean,0.0,0,Quezon City,False,
g0wn,Mom's Hand - Bagumbayan 1,Korean,0.0,0,Lapu-Lapu City Cebu,False,
g195,John's Food House - Sandawa,BBQ,4.8,832,Davao City Davao Del Sur,True,4.8
g1aw,Point and Grill - SM Dagupan,Filipino,4.9,597,Dagupan Pangasinan,True,4.9
g1do,MAFS Delivery - QC Ville,Chicken Wings,4.9,407,Quezon City,True,4.9
g1gn,Pierre's Reserve - Katipunan Avenue,Filipino,0.0,0,Quezon City,False,
g1ip,Eomma's Korean Fried Chickin - Marikina,Fried Chicken,4.8,214,Marikina,True,4.8
g1j4,Goto Forever - Times Square Talamban,Porridge,4.9,42,Cebu City,True,4.9
g1km,Single Origin - Taguig,Filipino,4.9,179,Taguig City,True,4.9
g1mk,Buko Loco - SM City Fairview,Fruit Shake,5.0,80,Quezon City,True,5.0
g1oc,Boodle Fight sa Bilao - Congressional,Filipino,5.0,16,Quezon City,True,5.0
g1p9,Cantina,Fast Food,0.0,0,Cebu City,False,
g1qm,24 Chicken - City Time Square Mactan,Fried Chicken,5.0,93,Lapu-Lapu City Cebu,True,5.0
g1vt,The Tea Avenue - Sta. Mesa,Milk Tea,5.0,795,Manila,True,5.0
g1ws,JustFried - Katarungan Village,Chicken,0.0,0,Muntinlupa City,False,
g1xh,Belly Ciao Food Services - Taguig Branch,Filipino,0.0,0,Taguig City,False,
g1xy,Halo Halo of the Year - Mayon Street,Korean,4.9,1203,Quezon City,True,4.9
g27f,Chaboba - Hemady,Milk Tea,5.0,786,Quezon City,True,5.0
g28d,Jasmine Tea House - Gorordo Avenue,Milk Tea,5.0,196,Cebu City,True,5.0
g2mb,TaNeng's Food Express - Emerald Square,Filipino,4.9,683,Quezon City,True,4.9
g2mh,Chowking - Robinsons Ormoc,Fast Food,4.9,2185,Ormoc Leyte,True,4.9
g2qi,Sans Rival Cakes and Pastries - Robinsons Fuente,Cakes,5.0,1684,Cebu City,True,5.0
g2ro,Waterfront Airport Hotel and Casino - Ibo Lone,Asian,4.5,21,Lapu-Lapu City Cebu,True,4.5
g2wi,Bacolod Chicken Inasal - Robinsons Manila,Filipino,5.0,843,Manila,True,5.0
g2x9,KoCha Unlimited Wings - Blas Ople Diversion,Chicken Wings,4.0,348,Malolos Bulacan,True,4.0
g305,Tiong Bahru Boneless Hainanese Chicken Rice - Estancia,Chicken,5.0,214,Pasig City,True,5.0
g33q,1521 Bistro - Bonifacio District,Pizza,4.8,18,Cebu City,True,4.8
g37s,Eat Fresh Hong Kong Famous Street Food - Malate,Chinese,5.0,696,Manila,True,5.0
g38z,Pirates Galley - Matina,Chicken,4.9,247,Davao City Davao Del Sur,True,4.9
g3a5,Masuki 1930 Express to Go - Bloc 10 Alabang,Soups,4.9,218,Muntinlupa City,True,4.9
g3bv,Gotchu Jang: Korean Bowls - Makati,Korean,4.9,909,Makati City,True,4.9
g3df,Icebergs - SMBY,Ulam,4.9,18,Pasay City,True,4.9
g3fr,Red Ribbon - Pioneer Center,Cakes,5.0,1568,Pasig City,True,5.0
g3fu,The French Baker - SM Mall of Asia,Bread,5.0,49,Pasay City,True,5.0
g3fx,Claribel Buffet Restaurant - Laurel Ave,Japanese,4.9,368,Davao City Davao Del Sur,True,4.9
g3ow,CYO: Create Your Own Charcoal Grilled Hotdog & Burgers - Neighborhood Wholesale,Burgers,4.9,625,Manila,True,4.9
g3rm,Big Mummy's Express - SM Sta Mesa,Indian,4.9,1204,Quezon City,True,4.9
g3ss,Saint Joe's Bagnet - Tramo Street,Filipino,4.9,422,Pasay City,True,4.9
g3vh,Bulalo World - Metropoint Mall,Soups,5.0,1968,Pasay City,True,5.0
g3wl,Mayong's Bakeshop and Snackhouse - Robinsons Place Ormoc,Fast Food,5.0,687,Ormoc Leyte,True,5.0
g42q,MOS Burger - SM Megamall,Burgers,5.0,261,Mandaluyong City,True,5.0
g42x,Hey Chicken - Kalayaan Village,Snacks,0.0,0,Pasay City,False,
g44h,Cha Tuk Chak -  Kingspoint,Milk Tea,5.0,66,Quezon City,True,5.0
g490,Luckyminimart Kitchenette Chinese Restaurant 多美味中餐厅 - Lumbayao Street,Chinese,5.0,1568,Makati City,True,5.0
g4ag,Burger Station - Artiaga,Burgers,4.3,26,Davao City Davao Del Sur,True,4.3
g4d4,Deniro's - Rolex Street,Asian,5.0,12,Quezon City,True,5.0
g4eh,Pizza Hut - Nepo Mall Dagupan,Pizza,4.9,731,Dagupan Pangasinan,True,4.9
g4kn,Rice Rocket - Greenhills,Asian,5.0,220,San Juan,True,5.0
g4oh,Pan De Manila - Labangon Casa Mira,Bread,5.0,241,Cebu City,True,5.0
g4tw,Fruitas - Fiesta Market,Fruit Shake,5.0,754,Taguig City,True,5.0
g4uy,McCoy's Rib Joint - Santiago,American,5.0,659,Koronadal South Cotabato,True,5.0
g4vu,Fruitas - KCC Mall of Marbel,Fruit Shake,0.0,0,Koronadal South Cotabato,False,
g4wi,Seoulbing Dessert Cafe - Tree Shade Spa,Ramen,5.0,553,Cebu City,True,5.0
g4xi,Alberto's Pizza - Ecoland,Pizza,5.0,3040,Davao City Davao Del Sur,True,5.0
g4z7,Cafe Loca - Makati,Beverages,0.0,0,Makati City,False,
g5e9,Takojoy  - The Pearl Manila Hotel,Takoyaki,4.9,30,Manila,True,4.9
g5ex,Fah Tea Cool Milktea Shop - Elpidio Santos,Milk Tea,5.0,330,Pasig City,True,5.0
g5ft,Gringo - SM Fairview,Chicken,5.0,184,Quezon City,True,5.0
g5jo,Abaca Baking Company - Crossroads,Bread,5.0,69,Cebu City,True,5.0
g5ka,Egg Depot - Greenhills Theater Mall,Filipino,4.9,145,San Juan,True,4.9
g5mv,Sushi Moshi - Unimart Capitol Commons,Sushi,5.0,190,Pasig City,True,5.0
g5nh,R&J Bulalohan - Maysilo Circle,Filipino,5.0,3138,Mandaluyong City,True,5.0
g5nq,Wright Wings - McKinley,Chicken Wings,5.0,238,Taguig City,True,5.0
g5p7,Heavenly Desserts by Chef Jeng - SM Shell Residences,Cakes,5.0,60,Pasay City,True,5.0
g5pd,Dairy Queen - Lucky Chinatown,Ice Cream,5.0,113,Manila,True,5.0
g5tm,Red Ribbon - Batasan San Mateo,Cakes,5.0,796,Quezon City,True,5.0
g5za,Off-Grid - Powerplant,Burgers,4.6,170,Makati City,True,4.6
g5zv,Tasty & Healthy Bowls - Makati Avenue,Rice Bowl,4.9,462,Makati City,True,4.9
g651,Malongo Atelier Barista - High Street,Coffee,0.0,0,Taguig City,False,
g65d,"The Coffee Bar - The Peak, GMall Davao",Coffee,4.5,50,Davao City Davao Del Sur,True,4.5
g66j,Vasso - Tisa,Milk Tea,5.0,321,Cebu City,True,5.0
g6bk,Izakaya Nobunaga - Malate,Takoyaki,4.9,332,Manila,True,4.9
g6c2,Expressa Coffee - USC Talamban,Coffee,0.0,0,Cebu City,False,
g6cf,Selecta Ice Cream Shop - Moonleaf Scout Tobias,Ice Cream,5.0,68,San Juan,True,5.0
g6cs,Habit Food Group Mix - Kapitolyo,Rice Bowl,5.0,866,Pasig City,True,5.0
g6dh,D' Original Tipas Bakery - Dinguinbayan,Bread,5.0,303,Taguig City,True,5.0
g6dm,Cafe Guilt - Scout Castor,Milk Tea,3.9,13,Quezon City,True,3.9
g6dr,KFC - Circuit Makati,Fast Food,4.9,6453,Makati City,True,4.9
g6ek,HUE Coffee - BSA Twin Towers,Coffee,5.0,59,Mandaluyong City,True,5.0
g6hj,Topside Diner - Leon Guinto,Chicken Wings,5.0,191,Manila,True,5.0
g6hk,La Merylle Cafe - Pandacan,Filipino,5.0,286,Manila,True,5.0
g6j0,Biryani Hut Davao - Poblacion,Indian,4.9,37,Davao City Davao Del Sur,True,4.9
g6kf,Lili’s Kitchen - Quezon City,Silog,0.0,0,Quezon City,False,
g6mw,Roti Chicken - Marikina,Middle Eastern,0.0,0,Marikina,False,
g6n7,Kouvee Cafe,Desserts,5.0,29,Quezon City,True,5.0
g6oo,Lugaw Republic - Fiesta Market,Porridge,5.0,1229,Taguig City,True,5.0
g6ph,Sans Rival Cakes and Pastries - Glorietta 4,Pasta,5.0,554,Makati City,True,5.0
g6tj,Persian Kebab House - San Juan,Middle Eastern,4.9,108,San Juan,True,4.9
g6uc,Krispy Kreme - Festival Mall,Donut,5.0,1034,Muntinlupa City,True,5.0
g6wk,H Proper Coffee Roasters - Ayala Triangle Gardens,Coffee,0.0,0,Makati City,False,
g6xe,BatchoyHouse328 - M Veloso Street,Asian,4.9,409,Cebu City,True,4.9
g71b,Coffee Spot One Archers Place,Coffee,0.0,0,Manila,False,
g7br,Nam Manok - Mintal,Fried Chicken,0.0,0,Davao City Davao Del Sur,False,
g7it,JuJu - NCCC VP,Snacks,5.0,116,Davao City Davao Del Sur,True,5.0
g7kw,Cake Frost Food House - Sampaloc,Fruit Shake,0.0,0,Manila,False,
g7mb,Rico's Lechon - 500 Shaw Zentrum,Lechon,5.0,58,Mandaluyong City,True,5.0
g7ts,G&O Kitchen Eatery - Pasay City,Healthy,0.0,0,Pasay City,False,
g7yq,Smash It: Burgers & More - Malolos,American,5.0,547,Malolos Bulacan,True,5.0
g7zf,Sukadi - CIT University Cebu City,Filipino,0.0,0,Cebu City,False,
g81x,Yumpanada - Ayala Malls Marikina,Filipino,4.9,21,Marikina,True,4.9
g84f,Kumidor Cebu - Basak,Filipino,4.9,290,Lapu-Lapu City Cebu,True,4.9
g8b3,Mister Tatay's Sisilog - Road 3,Silog,0.0,0,Quezon City,False,
g8es,Oh So Healthy Buko N Shake - Ayala Central Bloc,Fruit Shake,4.8,84,Cebu City,True,4.8
g8f6,Cafe Barrio House - Soong Center Mactan,Beverages,5.0,162,Lapu-Lapu City Cebu,True,5.0
g8gm,DAKS Shawarma by Boys Night Out - Makati,Shawarma,4.9,227,Makati City,True,4.9
g8is,Taj Diner - ALCREJ Building,Indian,4.8,1523,Davao City Davao Del Sur,True,4.8
g8kb,Driptea Tree House - Camputhaw,Milk Tea,5.0,557,Cebu City,True,5.0
g8mo,Persian Kitchen - Banilad,Middle Eastern,5.0,630,Cebu City,True,5.0
g8o3,Norikura Japanese Restaurant - SM City Marikina,Japanese,0.0,0,Marikina,False,
g8qe,Eatsider Diner - Catalunan Grande,Asian,4.8,135,Davao City Davao Del Sur,True,4.8
g8qu,Coolers Delight - Cordova,Fast Food,4.8,273,Lapu-Lapu City Cebu,True,4.8
g8so,Newgen Facebuko & Fruitshakes - Puregold Ortigas,Fruit Shake,4.8,35,Pasig City,True,4.8
g8sr,Harbour City - North Drive Mandaue,Rice Dishes,5.0,1719,Cebu City,True,5.0
g8un,Wright Wings - Shaw Boulevard,Chicken Wings,5.0,91,Mandaluyong City,True,5.0
g8ve,Mapishi Foodhouse - Project 8,Biryani,5.0,72,Quezon City,True,5.0
g8yp,Lemon Choice - VARR ALLEY,Beverages,0.0,0,Mandaluyong City,False,
g8z3,Antonio J Restaurant - Kalayaan Street,Filipino,5.0,34,Marikina,True,5.0
g8zj,Dampa ng Ilocano by Rudy's - Marikina City,Filipino,5.0,671,Marikina,True,5.0
g93a,Wingfinity And Beyond - One East Marikina,Chicken Wings,4.9,12,Marikina,True,4.9
g93h,Potato Corner - 500 Shaw Zentrum,Fries,5.0,35,Mandaluyong City,True,5.0
g96n,Calzada Coffee x Siomai King (TAGUIG),Beverages,0.0,0,Taguig City,False,
g982,Butterboy - SM Mall of Asia,Cakes,0.0,0,Pasay City,False,
g99k,Tara Wings - Granda Building,Chicken Wings,5.0,114,Quezon City,True,5.0
g9ei,Black Boba PH Milk Tea Shop - Poblacion,Milk Tea,5.0,1807,Muntinlupa City,True,5.0
g9gi,Almacen Cantina - Forbeswood Parklane,Chicken,3.7,10,Taguig City,True,3.7
g9ik,Thai BBQ Restaurant - Blue Bay Walk,Thai,0.0,0,Pasay City,False,
g9iq,Bruzko Sizzling House - Victory Mall,Filipino,4.9,1738,Pasay City,True,4.9
g9of,Octoballs Takoyaki and Milktea Station - Kwik-B Minimart Parang Marikina City,Takoyaki,5.0,208,Marikina,True,5.0
g9rd,Tiong Bahru Boneless Hainanese Chicken Rice - Uptown Mall BGC,Chicken,5.0,255,Taguig City,True,5.0
g9rx,Hearts and Bells - Makati,Cakes,5.0,156,Makati City,True,5.0
g9t3,OMG! Original Lechon Belly - Buhangin,Lechon,4.8,359,Davao City Davao Del Sur,True,4.8
g9uz,Kong Ai Vegetarian Centrum - Gempesaw,Chinese,5.0,46,Davao City Davao Del Sur,True,5.0
g9y6,Tokyo Tokyo - Don Antonio QC,Japanese,5.0,302,Quezon City,True,5.0
g9ye,MANGO-go-Yow - Aglipay Street,Fruit Shake,5.0,1324,Mandaluyong City,True,5.0
ga6j,Goldilocks - KCC Marbel,Cakes,5.0,328,Koronadal South Cotabato,True,5.0
ga71,Casa Crawford: Modern Mexican Kitchen - Quirino Highway,Chicken,5.0,753,Quezon City,True,5.0
gaae,2nd Street Oysters - SM Megamall,Seafood,5.0,40,Mandaluyong City,True,5.0
gadq,Chickenato Fried Chicken - Boulevard,Fried Chicken,5.0,145,Davao City Davao Del Sur,True,5.0
gafr,2 Chefs Kitchen - Sampaloc,Desserts,5.0,821,Manila,True,5.0
gahe,The Crunch Ormoc - Camella La Pradera,Chicken,5.0,179,Ormoc Leyte,True,5.0
gaor,Sulit Shawarma! - Kapitolyo,Shawarma,4.9,260,Pasig City,True,4.9
gapl,JAMIE'S PIZZA STATION - Quezon City,Pizza,0.0,0,Quezon City,False,
gax2,Holy Beef! Pares - Amang Rodriguez,Ulam,4.8,30,Manila,True,4.8
gax6,Kenny Rogers Roasters - Abreeza Mall,Chicken,5.0,484,Davao City Davao Del Sur,True,5.0
gaxs,Booba Booze Cafe - Mintal,Beverages,4.9,243,Davao City Davao Del Sur,True,4.9
gaz7,TOMO Coffee - Filmore,Coffee,5.0,42,Makati City,True,5.0
gbb6,Indian Masala Curry House - Osmena Highway,Indian,4.7,1160,Makati City,True,4.7
gbdz,Noodle House - Kapasigan,Chinese,0.0,0,Pasig City,False,
gbfn,Khao Khai Thai Chicken House - BGC,Thai,5.0,1401,Taguig City,True,5.0
gbgr,Daily by Bo's Coffee - SM North,Coffee,5.0,525,Quezon City,True,5.0
gbnn,Max's Corner Bakery - SM Manila,Cakes,5.0,13,Manila,True,5.0
gbq7,Gugu Manju - Gateway Cubao,Pancakes & Waffles,4.9,32,Quezon City,True,4.9
gbu9,Karabella Dairy - Robinsons Place Manila,Ice Cream,0.0,0,Manila,False,
gc36,Mr. Liempo Comembo - JP Rizal Extension,Filipino,5.0,17,Makati City,True,5.0
gc3k,Cupi. - Molito,Coffee,0.0,0,Muntinlupa City,False,
gckz,BabeMike Shawarma - Vinzon Place,Shawarma,5.0,622,Manila,True,5.0
gcl2,Omo Diner Resto Bar - Cattleya Gardens,Pizza,0.0,0,Makati City,False,
gcrh,café mido - Victoria Sports Tower,Coffee,0.0,0,Quezon City,False,
gcvm,MISAKI - FESTIVAL MALL,Ramen,0.0,0,Muntinlupa City,False,
gcyv,Frapatea - Hermosa,Milk Tea,5.0,1044,Manila,True,5.0
gd01,Rustic Baka Bulalo House - San Juan,Filipino,4.9,47,San Juan,True,4.9
gd4u,Wing Master Silog/ Unli Wings-Lanang,Chicken Wings,0.0,0,Davao City Davao Del Sur,False,
gd4y,Omatsuri,Japanese,0.0,0,Manila,False,
gd57,GuGu Manju - SM City Manila,Korean,4.8,23,Manila,True,4.8
gd63,Shiok Shiok Singapore Famous Hawker Food - Providence Tower,Asian,4.9,71,Manila,True,4.9
gdnf,Get Bready - Visayas Avenue,Sandwiches,0.0,0,Quezon City,False,
ge3o,Seasigan- Sugbo Sentro Fuente,Sisig,5.0,339,Cebu City,True,5.0
ge8f,Shaxian Snacks - Bolton,Ramen,5.0,128,Davao City Davao Del Sur,True,5.0
gem5,Edri's Manokan - Lahug,Fried Chicken,4.7,18,Cebu City,True,4.7
geq5,Pacific Bay Eats - Pasig,Seafood,4.9,12,Pasig City,True,4.9
geud,Samgyupsal sa Bahay Malolos - Borahae Kmart - Atlag,Korean,5.0,332,Malolos Bulacan,True,5.0
gexl,Hap chan - Pamplona Las Piñas,Chinese,5.0,554,Muntinlupa City,True,5.0
gez8,Timpladough - Paco,Snacks,0.0,0,Manila,False,
gf1b,Sisig Stop - Pasig,Sisig,4.3,26,Pasig City,True,4.3
gf5g,Kushi Izakaya - Banilad Town Center,Japanese,0.0,0,Cebu City,False,
gf5q,Cooldapya - Visitacion Street,Fruit Shake,0.0,0,Cebu City,False,
gf6b,Oh My Greek (OMG) Tavern - SM Aura,Seafood,5.0,52,Taguig City,True,5.0
gf9j,Crispy Star - Soldiers Hills,Filipino,0.0,0,Muntinlupa City,False,
gf9t,Supersam - BGC,Chicken Wings,4.3,13,Taguig City,True,4.3
gfa4,Hen Lin - J Vargas Avenue,Dim Sum,5.0,30,Mandaluyong City,True,5.0
gfbl,Mazendo x Chatime - Capital Commons,Milk Tea,4.9,121,Pasig City,True,4.9
gfda,Garden Café by Shang & Small - Pamahay Drive,Coffee,0.0,0,Quezon City,False,
gfei,Whawha Barbeque House - Cabantian,BBQ,4.9,25,Davao City Davao Del Sur,True,4.9
gfgi,Beanleaf Coffee And Tea - Fort Santiago,Coffee,0.0,0,Manila,False,
gfmj,Alberto's Pizza - Poblacion Lapu-Lapu,Pizza,5.0,526,Lapu-Lapu City Cebu,True,5.0
gfq6,Subway - Filinvest Axis,Sandwiches,5.0,1379,Muntinlupa City,True,5.0
gfrc,Hen Lin - Food District BGC,Indian,5.0,353,Taguig City,True,5.0
gfub,Ibarra's Kitchen - Vasquez Street,Filipino,4.9,113,Manila,True,4.9
gfw8,Kuya Geo's Roasted Chicken - Purok Adlawan,Chicken,0.0,0,Koronadal South Cotabato,False,
gg6h,Urban Grind Coffee,Filipino,0.0,0,Davao City Davao Del Sur,False,
ggd8,Fely's Pizza Station - San Pedro Extension,Pizza,4.8,77,Davao City Davao Del Sur,True,4.8
ggfn,Potato Corner - Maa,Fries,5.0,263,Davao City Davao Del Sur,True,5.0
ggoa,"Jellicious Frappe - Pinagbuhatan, Pasig",Milk Tea,4.8,89,Pasig City,True,4.8
ggor,Mango Project Milkshakes and Waffles - Panorama Street,Pancakes & Waffles,5.0,271,Marikina,True,5.0
ggq9,Candy Corner - SM City Sta. Mesa,Desserts,4.9,13,Quezon City,True,4.9
ggqn,Sutukil Restaurant - Calbayog,Asian,4.9,201,Mandaluyong City,True,4.9
ggxj,STATION 85 - Adriatico Street,Filipino,0.0,0,Manila,False,
gh4m,The Taste of Czaczacza - SM City North Edsa,Cakes,0.0,0,Quezon City,False,
gh8k,Sugar Cafe - Ugbo,Milk Tea,0.0,0,Manila,False,
ghbz,Brew Pls Coffee & Milktea - A Luna,Milk Tea,5.0,155,Mandaluyong City,True,5.0
ghh9,Anyhow Inasal - Baltao,BBQ,5.0,11,Pasay City,True,5.0
ghhp,Botejyu - SM Lanang Premiere,Japanese,5.0,141,Davao City Davao Del Sur,True,5.0
ghkf,Ramen Menzo - Market Market,Ramen,0.0,0,Taguig City,False,
ghng,Jacine Eggcellent - Juna Subdivision,Filipino,4.7,315,Davao City Davao Del Sur,True,4.7
ghns,Papsy's BBQ - City Time Square Mactan,Filipino,4.9,406,Lapu-Lapu City Cebu,True,4.9
ghod,Mexi-ko: Fil-Mex Kitchen  - Marikina Heights,Asian,5.0,169,Marikina,True,5.0
ghot,Peri-Peri Charcoal Chicken & Sauce Bar - Greenhills,Chicken,4.9,174,San Juan,True,4.9
ghot,Peri-Peri Charcoal Chicken & Sauce Bar  - Greenhills,Chicken,4.9,156,San Juan,True,4.9
ghzc,Silog Express Atbp. - Ortigas,Silog,0.0,0,Mandaluyong City,False,
gi2g,Mookies Oatmeal Cookies,Unknown,0.0,0,Pasig City,False,
gi3c,Lemon Bar - Waltermart Malolos,Milk Tea,5.0,140,Malolos Bulacan,True,5.0
gi5z,Waffle Time - Vista Mall Mintal,Pancakes & Waffles,5.0,123,Davao City Davao Del Sur,True,5.0
gian,Create Coffee PH - Banilad Road,Coffee,5.0,68,Cebu City,True,5.0
gijd,3M Pizza - Banawe,Pizza,3.9,10,Quezon City,True,3.9
gizi,King Fu Express - The Symphony Tower,Chinese,4.7,165,Quezon City,True,4.7
gj00,Hex Coffee - Alphaland Makati Place,Coffee,5.0,103,Makati City,True,5.0
gj0j,Botejyu - Ayala Center Cebu,Ramen,5.0,77,Cebu City,True,5.0
gj1e,Carnebros - Damosa,Filipino,5.0,33,Davao City Davao Del Sur,True,5.0
gj2c,Izumi Maki Japanese Cuisine Restaurant - Massway Hypermart,Japanese,4.9,146,Quezon City,True,4.9
gj54,Mr. Tea Authority - Muntinlupa,Beverages,5.0,22,Muntinlupa City,True,5.0
gj7o,JB Takotako Food Cart - NCCC Mall Buhangin,Takoyaki,0.0,0,Davao City Davao Del Sur,False,
gj9y,Dakkochi - PSE Tower,Chicken,4.9,78,Taguig City,True,4.9
gjix,Max's Corner Bakery - Buting,Cakes,5.0,15,Pasig City,True,5.0
gjq9,Chicken Near Me - Alabang,Chicken,0.0,0,Muntinlupa City,False,
gjqp,Daily by Bo's Coffee - Light Mall,Coffee,5.0,2670,Mandaluyong City,True,5.0
gjyx,De Original Jamaican Pattie Shop and Juice Bar - Gaisano Mall Davao,Unknown,0.0,0,Davao City Davao Del Sur,False,
gk6v,Sakura Cafe - Osmena Street,Japanese,4.9,53,Cebu City,True,4.9
gki6,Eat Fresh Hong Kong Famous Street Food - Cebu,Chicken,5.0,801,Cebu City,True,5.0
gkji,NB FOODS - Suba-Basbas,Filipino,5.0,1325,Lapu-Lapu City Cebu,True,5.0
gkp8,Tsuke-men - Robinsons Place Manila,Japanese,4.9,178,Manila,True,4.9
gkpr,Chimmy - Davao Matina,Milk Tea,5.0,22,Davao City Davao Del Sur,True,5.0
gkri,On What Grounds? OWG Coffee,Coffee,5.0,45,Lapu-Lapu City Cebu,True,5.0
gl7a,Linquan Cakes,Cakes,0.0,0,Makati City,False,
gl89,Wow Cow - Seascape Village,Rice Noodles,0.0,0,Pasay City,False,
glcl,Casie's Restaurant - Mac Arthur Highway,Pizza,4.9,95,Malolos Bulacan,True,4.9
gld0,Khao Khai Thai Chicken House - One Ayala,Chicken,5.0,329,Makati City,True,5.0
glep,Belly Yummy Tea - Kingspoint Subdivision,Korean,0.0,0,Quezon City,False,
gljk,Señor Birria - 1039 Dagupan Extension Tondo,Unknown,4.9,507,Manila,True,4.9
glm8,Kurimi Milk Tea Bar - WCC,Milk Tea,5.0,369,Mandaluyong City,True,5.0
glps,One Zo Tapioca - Recto,Milk Tea,5.0,592,Manila,True,5.0
glqq,GOODIES PH - Cookie Shop,Desserts,5.0,18,Pasig City,True,5.0
gltp,King Fu Express - Evangelista Street,Chicken,4.9,183,Marikina,True,4.9
gm3l,Out Of Nowhere Kitchen - Abreeza Mall,Filipino,0.0,0,Davao City Davao Del Sur,False,
gm4j,Manang Peric's Lugawan - Imperial,Filipino,5.0,95,Quezon City,True,5.0
gm5h,Famous Belgian Waffles - KCC Mall of Marbel,Pancakes & Waffles,4.9,109,Koronadal South Cotabato,True,4.9
gm9n,KKOPI.Tea - San Isidro,Beverages,4.9,83,Makati City,True,4.9
gmbp,Bad Bird - Mitsukoshi Mall,Fried Chicken,4.9,58,Taguig City,True,4.9
gmct,"Tokyo Tokyo - Liberty Center, Shaw Blvd",Japanese,5.0,3450,Mandaluyong City,True,5.0
gmdl,Steer&Stir Cafe - Nivel Hills,Coffee,0.0,0,Cebu City,False,
gmg1,Johnn Lemon - Ayala Fairview Terraces,Fruit Shake,5.0,14,Quezon City,True,5.0
gmks,Dash Coffee - Nova Plaza Mall,Coffee,4.6,15,Quezon City,True,4.6
gmuv,Lighthouse Resto - Rasay Ext,Filipino,5.0,323,Davao City Davao Del Sur,True,5.0
gmw7,Pulutan Factory - Buhangin,Filipino,3.3,10,Davao City Davao Del Sur,True,3.3
gn73,Kimsea Mixx - El Rico Suites,Sushi,0.0,0,Makati City,False,
gnb1,Buffalo Avenue Bistro - The Portal Greenfield District,Chicken Wings,0.0,0,Mandaluyong City,False,
gne8,Juice Avenue - SM City Fairview Terminal,Milk Tea,0.0,0,Quezon City,False,
gnfr,Angel's Pizza - Sandoval,Pizza,5.0,204,Pasig City,True,5.0
gnmo,GoGoDak Korean Chicken - Shaw Boulevard,Korean,5.0,2243,Pasig City,True,5.0
gnu0,Uling Roasters - Basak,Chicken,5.0,43,Lapu-Lapu City Cebu,True,5.0
gnyk,STREATS by Third Place - UN Square,Snacks,0.0,0,Manila,False,
gnyr,El Pollo Loco - Glorietta,American,0.0,0,Makati City,False,
gnzt,Max's Corner Bakery - SM North,Cakes,4.9,15,Quezon City,True,4.9
gnzx,Kaya Restaurant - Capitol Commons,Korean,5.0,98,Pasig City,True,5.0
gnzz,Taste of Joy - Pasay,Filipino,5.0,897,Pasay City,True,5.0
go2o,NYFD (New York Fries and Dips) - SM City San Lazaro,Fries,0.0,0,Manila,False,
go90,Basil N' Bowl - Waan,Sandwiches,4.6,12,Davao City Davao Del Sur,True,4.6
goac,KAPOY Coffee Shop - Datu Piang Street,Coffee,5.0,59,Koronadal South Cotabato,True,5.0
goaf,Baby-Q - E Rodriguez Senior Avenue,Filipino,5.0,11,Quezon City,True,5.0
goc1,BKK Express - SM Mall of Asia,Ulam,5.0,32,Pasay City,True,5.0
god4,Mister Donut - Taft Malate,Donut,0.0,0,Manila,False,
gole,Papa Burger - Herbosa Tondo,Burgers,4.5,17,Manila,True,4.5
golt,Moon's - Malvar,Korean,4.9,225,Davao City Davao Del Sur,True,4.9
goo4,TOMORO COFFEE - Padilla Ortigas,Beverages,5.0,69,Pasig City,True,5.0
goof,Zip 'N Sip - Gaisano Country Mall,Fruit Shake,4.8,64,Cebu City,True,4.8
goth,"HELLO, COFFEE",Beverages,0.0,0,San Juan,False,
gp0n,Like A Buko Shake - Valencia,Fruit Shake,5.0,44,Valencia Bukidnon,True,5.0
gp4b,BossJ Unli Lugaw Grill and Resto Bar - Macapagal Street,Asian,2.9,89,Quezon City,True,2.9
gpkd,Cha Tuk Chak - Lilac,Milk Tea,5.0,1132,Marikina,True,5.0
gpsa,Panadero Bakeshop - Sasa,Bread,4.9,95,Davao City Davao Del Sur,True,4.9
gpty,Watami - ATC,Japanese,0.0,0,Muntinlupa City,False,
gpwj,EBC - SM North Edsa,Snacks,5.0,208,Quezon City,True,5.0
gq3s,Kate & Kurt Lapaz Batchoy,Filipino,0.0,0,Makati City,False,
gq7w,Benros International Cafe - Manila Branch,Coffee,0.0,0,Manila,False,
gqcu,Bread Broth & Beyond - Shangri La Plaza,Bread,4.5,18,Mandaluyong City,True,4.5
gqdz,Mang Tomas Ganado Express by Cloudeats - Manila,Sisig,4.9,21,Manila,True,4.9
gqfy,Persia Grill Express - Kapitolyo,Middle Eastern,0.0,0,Pasig City,False,
gqi0,Dadas Litson - Masambong,Filipino,0.0,0,Quezon City,False,
gqu6,ZenTea - Pearl Drive Pasig,Milk Tea,5.0,44,Pasig City,True,5.0
gque,Martin Lechon House - DJC Buhangin,Filipino,4.9,411,Davao City Davao Del Sur,True,4.9
gqye,Bingsu Cafe - Treewoods Residences Apas,Coffee,0.0,0,Cebu City,False,
gr1w,Icebergs - MOA,Beverages,5.0,154,Pasay City,True,5.0
gr3n,Jabroni’s NYC Pizza - Santolan Town Plaza,Pizza,0.0,0,San Juan,False,
gr4f,Monster Wings - Maginhawa,Chicken Wings,0.0,0,Quezon City,False,
gr94,Egg Bomb - Boni Halcon,Korean,5.0,1195,Mandaluyong City,True,5.0
grb1,Best Bites Boneless Fried Chicken - Felix Ave Karangalan,Fried Chicken,3.0,14,Pasig City,True,3.0
greo,Dragonfly Café - Bonifacio District,Beverages,5.0,147,Cebu City,True,5.0
gri0,Hey Coco- SM City North Edsa,Beverages,0.0,0,Quezon City,False,
grjn,Bang Bang Special Crispy Bangus - Marikina Bayan,Seafood,5.0,68,Marikina,True,5.0
grme,Eunison Food Hub,Takoyaki,0.0,0,Marikina,False,
groi,Paik's Coffee - Robinsons Galleria,Beverages,0.0,0,Quezon City,False,
grp0,RJ Halo-Halo - Baesa QC,Filipino,5.0,19,Quezon City,True,5.0
grtn,Dolora's Hauz of Pancit Malabon - Harvard Street,Pancit,5.0,255,Makati City,True,5.0
grxg,Soya Bar - SM City Fairview,Beverages,4.9,87,Quezon City,True,4.9
gs9y,Single Origin - MOA Square,American,4.9,10,Pasay City,True,4.9
gsav,Hawawshi Restaurant - Contreras Street,Indian,5.0,135,Taguig City,True,5.0
gsb3,Sukidesu Japanese Street Dining - Lanang,Japanese,5.0,1356,Davao City Davao Del Sur,True,5.0
gslk,Max's Corner Bakery -  Quezon City Circle,Cakes,4.8,11,Quezon City,True,4.8
gsm8,FEI FEI by Choi Garden - Molito,Chinese,0.0,0,Muntinlupa City,False,
gsqm,Buko Express - Robinsons Magnolia,Fruit Shake,4.9,68,Quezon City,True,4.9
gss1,SLMT Coffee and Tea - Uranus Street,Milk Tea,5.0,15,Quezon City,True,5.0
gssx,Italianni's - Shangri La Plaza,Italian,5.0,13,Mandaluyong City,True,5.0
gsui,JC’s Pospas Hut - Gaisano Talamban,Rice Bowl,0.0,0,Cebu City,False,
gt2f,Fryday - Enriquez Street,Fries,0.0,0,Makati City,False,
gt67,Tea Empire - Banawe Main,Fried Chicken,0.0,0,Quezon City,False,
gt6i,Rice and Shine - Quezon Avenue,Silog,5.0,103,Quezon City,True,5.0
gtjd,Joee Real Yogurt - Unimart Capital Commons,Beverages,0.0,0,Pasig City,False,
gtyg,Tori Takoyaki - Puregold Makati,Takoyaki,5.0,303,Makati City,True,5.0
gtzc,Mr. Fried Noodles Express Bangkal,Noodles,0.0,0,Makati City,False,
gu02,Mo’ Cookies - SM North Edsa,Desserts,5.0,38,Quezon City,True,5.0
gu1g,Kraken Takoyaki - Market! Market!,Takoyaki,0.0,0,Taguig City,False,
gu26,The Good Burger - Cube Village Tisa,Burgers,4.9,86,Cebu City,True,4.9
gu6x,Mango Series - San Miguel Road,Beverages,0.0,0,Quezon City,False,
gu92,Hangout Café - Quezon City,Coffee,0.0,0,Quezon City,False,
gu9b,Bistro Bowlstar - Pasig,Sisig,0.0,0,Pasig City,False,
gue1,Baker’s Cafe,Unknown,0.0,0,Quezon City,False,
gugn,Yummy Chai Tea - Vicente Cruz,Beverages,4.7,200,Manila,True,4.7
gujc,Pizza Planet - Greenhills,Pizza,0.0,0,San Juan,False,
guk7,Burger Beast - Uptown Mall,Burgers,5.0,56,Taguig City,True,5.0
gunl,Pastilan ni insan,Chicken Wings,0.0,0,Quezon City,False,
gunp,Go Bento - UP Technohub,Japanese,4.9,448,Quezon City,True,4.9
guss,Marugame Udon - The Podium,Japanese,5.0,2095,Mandaluyong City,True,5.0
guu1,Don Franco's Lechon Manok & Liempo - Kinasang An Pardo,Liempo,0.0,0,Cebu City,False,
gv0k,Kokorro Curry - Double Dragon,Japanese,0.0,0,Pasay City,False,
gv3v,Uncle John's - PTT Marikina,Chicken,4.9,243,Marikina,True,4.9
gv9d,BreadTalk - Greenhills,Sandwiches,5.0,20,San Juan,True,5.0
gva6,Good-Wings - Malingap Street Quezon City,Fried Chicken,3.9,11,Quezon City,True,3.9
gvdo,Chachago - Tandang Sora,Beverages,5.0,53,Quezon City,True,5.0
gvku,LOWCAL MARKET - Baseline,Salads,5.0,237,Cebu City,True,5.0
gvob,Lugaw Pilipinas - San Jose Mandaluyong,Filipino,5.0,161,Mandaluyong City,True,5.0
gvv1,Heavenly Desserts by Chef Jeng Sy Flores - Biak na Bato,Cakes,5.0,117,Quezon City,True,5.0
gvxw,Uncle John's - Escario,Fried Chicken,4.9,175,Cebu City,True,4.9
gvy8,Kopi-Noki,Coffee,5.0,15,Quezon City,True,5.0
gvzs,Nakamura Japanese Food - Bago Bantay Quezon City,Japanese,4.9,207,Quezon City,True,4.9
gw1n,Sonia's BBQ - MTS,BBQ,4.9,86,Davao City Davao Del Sur,True,4.9
gw4z,TREY CAFE,Filipino,5.0,11,Malolos Bulacan,True,5.0
gwc5,Fusion Ramen - Sampaloc,Ramen,5.0,27,Manila,True,5.0
gweo,SunRice - Buhangin,Chicken,4.6,29,Davao City Davao Del Sur,True,4.6
gwgm,Wildflour Burger - Podium,American,4.3,15,Mandaluyong City,True,4.3
gwhw,Caramelle's - Lucky Chinatown,Cakes,0.0,0,Manila,False,
gwlu,MA & TSUKI - KABUKI FOOD DECK,Fruit Shake,0.0,0,Makati City,False,
gwmx,Tagala Chicken Butterfly - Don Jose Avila Street,Chicken,5.0,260,Cebu City,True,5.0
gwoy,Boodle Inasal - Ermin Garcia,Filipino,4.9,641,Quezon City,True,4.9
gwp6,Nonong's Food Bowl - Koronadal City,Filipino,5.0,140,Koronadal South Cotabato,True,5.0
gwri,Angie's Milk Tea - Ballecer Street,Milk Tea,4.8,44,Taguig City,True,4.8
gwup,The Crunch - Vista Mall Lakefront,Fried Chicken,5.0,77,Muntinlupa City,True,5.0
gwxa,Barista Baker Cafe,Coffee,4.9,110,Manila,True,4.9
gxap,Family Bean Cafe - Fairview,Coffee,5.0,636,Quezon City,True,5.0
gxcf,Tagaytay Bulalo Specials - Comembo,Bulalo,4.9,227,Makati City,True,4.9
gxo1,Cafe Mary Grace - Lucky Chinatown Mall,Cakes,5.0,327,Manila,True,5.0
gxuk,Peri-Peri Charcoal Chicken & Sauce Bar - C Raymundo,Chicken,4.9,291,Pasig City,True,4.9
gxvb,Doughmain - SM North EDSA,Donut,4.8,31,Quezon City,True,4.8
gxyp,Ling Nam Fried Siopao - Festival Mall Alabang,Fruit Shake,0.0,0,Muntinlupa City,False,
gy0p,DOMKATSU - Rahmann Street,Japanese,5.0,128,Cebu City,True,5.0
gy3g,Panda Dumplings - Gladiola Street,Ulam,0.0,0,Davao City Davao Del Sur,False,
gy44,Smash It: Burgers & More - Makati,American,4.9,1931,Makati City,True,4.9
gy5r,Biryani Express - Lahug,Biryani,5.0,38,Cebu City,True,5.0
gycz,HB Milktea and Coffee Shop - Champaca Street,Coffee,0.0,0,Marikina,False,
gyuf,Be Coffee Today - Lilac Street,Filipino,0.0,0,Marikina,False,
gyxp,Trinity Jean Cabagan - F Cayco Street,Pancit,4.8,369,Manila,True,4.8
gyxt,EM&M Classic Breads - Diego Silang Street,Bread,4.9,133,Marikina,True,4.9
gyyo,BlackStem Tea & Coffee - Congressional,Milk Tea,0.0,0,Quezon City,False,
gyz6,The Sushi Box - Brique 38,Sushi,5.0,415,Davao City Davao Del Sur,True,5.0
gz2u,Binalot - Victory Mall Pasay,Filipino,4.9,162,Pasay City,True,4.9
gz56,Chaboba - LG Garden Walk,Milk Tea,5.0,169,Lapu-Lapu City Cebu,True,5.0
gz6o,Don Benito's - Pasig B,Cakes,5.0,271,Pasig City,True,5.0
gzda,Body Fit X JustKitchen - Malate,Healthy,5.0,16,Manila,True,5.0
gziy,Selecta Ice Cream - Twin River Nangka,Ice Cream,5.0,162,Marikina,True,5.0
gzk8,KAPEMOKO,Beverages,0.0,0,Pasig City,False,
gzkj,Chooks to Go - Pinagbakahan 2,Chicken,5.0,626,Malolos Bulacan,True,5.0
gzm7,Pad Thai Goong - F. Cabahug,Thai,5.0,160,Cebu City,True,5.0
gzmn,Ice Cream House - Ever Mall,Ice Cream,0.0,0,Quezon City,False,
gzos,Pearl & Twist - Tandang Sora Avenue,Burgers,5.0,41,Quezon City,True,5.0
gzp7,Manam - Opus,Filipino,5.0,138,Quezon City,True,5.0
h003,Max Mango - Escarlata,Milk Tea,5.0,741,Makati City,True,5.0
h026,Melts And Drips - Novaliches,Cakes,5.0,421,Quezon City,True,5.0
h07h,Nanay Oning's Everlasting - C&B Circle Mall,Filipino,5.0,54,Marikina,True,5.0
h07r,Koomi - Double Dragon,Beverages,5.0,422,Pasay City,True,5.0
h08d,Iwantcofi - Chino Roces Avenue,Coffee,0.0,0,Makati City,False,
h0bt,Peri-Peri Charcoal Chicken & Sauce Bar - Glorietta,Chicken,4.9,418,Makati City,True,4.9
h0cz,True Chicken - Bayani Road,Fried Chicken,4.9,117,Taguig City,True,4.9
h0ga,Sisig & Sizzling - Cochera Strip,Filipino,5.0,382,Quezon City,True,5.0
h0gr,ChicNok Lechon Manok And Liempo - Obrero,Lechon,4.8,1043,Davao City Davao Del Sur,True,4.8
h0jb,Milkplus Studio - Banawe,Beverages,0.0,0,Quezon City,False,
h0kv,Llamado by Sabong Fried Chicken - Poblacion,Fried Chicken,0.0,0,Makati City,False,
h0lo,Pitaholic - Malolos Bayan,Shawarma,4.9,63,Malolos Bulacan,True,4.9
h0nd,Samurai Bento and Sushi Bar - Talamban,Asian,5.0,511,Cebu City,True,5.0
h0us,Norikura Japanese Restaurant - Marikina Heights,Japanese,5.0,573,Marikina,True,5.0
h0vk,Kuya Warwar's - Dumlog Food Park,Fried Chicken,0.0,0,Cebu City,False,
h0zj,Yakoyaki - Toril,Takoyaki,4.9,25,Davao City Davao Del Sur,True,4.9
h18t,Denny's - Robinsons Midtown,American,5.0,22,Manila,True,5.0
h1bh,Kanto Freestyle Breakfast - Avida Towers Cityflex,Filipino,4.9,1939,Taguig City,True,4.9
h1ec,Deli by Chele - McKinley Parkway,Sandwiches,0.0,0,Taguig City,False,
h1fn,Sugarbee - Paseo,Cakes,5.0,352,Makati City,True,5.0
h1lj,Tu Do Quan (Freedom Bar) - Kamagong,Asian,4.9,34,Makati City,True,4.9
h1mq,Ty - An's Pigar Pigar - Galvan Street,Filipino,4.9,311,Dagupan Pangasinan,True,4.9
h1or,Boodels Lutong Bahay - Poblacion,Filipino,5.0,1333,Davao City Davao Del Sur,True,5.0
h1qx,Ramen Hoshi - Ilocos St.,Ramen,5.0,757,Quezon City,True,5.0
h1us,Mang Inasal - Edsa Guadalupe,Chicken,5.0,5538,Makati City,True,5.0
h1vp,Famous Belgian Waffles - Gaisano Mall Bajada,Pancakes & Waffles,4.9,108,Davao City Davao Del Sur,True,4.9
h1vx,Ulam Mama - Bulalakaw Street,Filipino,4.4,41,Mandaluyong City,True,4.4
h1yj,De Original Jamaican Pattie Shop and Juice Bar - Ayala Malls Marikina,Filipino,5.0,684,Marikina,True,5.0
h22p,Saraaap Silogan,Chicken,0.0,0,Quezon City,False,
h22y,King Jade Food and Beverage Stall - E. Rodriguez Avenue,Chinese,0.0,0,Quezon City,False,
h23f,Super Uncle Claypot - Poblacion,Chinese,0.0,0,Makati City,False,
h2ae,RBX Rice in a Box - Puregold FTI,Fast Food,5.0,56,Taguig City,True,5.0
h2be,Nanette's Pancit Malabon - Puregold Makati,Pancit,4.8,143,Makati City,True,4.8
h2bp,Chariya's Authentic Thai Kitchen - 168 Mall,Thai,5.0,56,Manila,True,5.0
h2dg,Tagz Deli Express Shop - Owak,Siomai,5.0,1099,Ormoc Leyte,True,5.0
h2dr,E & E Takuyaki - Citymall Koronadal,Takoyaki,4.9,263,Koronadal South Cotabato,True,4.9
h2hg,Greenwich - KCC Marbel,Pizza,5.0,3590,Koronadal South Cotabato,True,5.0
h2hq,TINE TINE CASSAVA CAKE - BARLIS BUILDING,Seafood,5.0,25,Muntinlupa City,True,5.0
h2hx,Giligan's - SM Center Muntinlupa,Filipino,4.9,435,Muntinlupa City,True,4.9
h2id,Zark's Burgers - SM East Ortigas,American,5.0,707,Pasig City,True,5.0
h2ig,KFC - Newport,Fast Food,5.0,2141,Pasay City,True,5.0
h2nx,Baker J - Alabang,Cakes,5.0,113,Muntinlupa City,True,5.0
h2pd,Ahok’s Food Corner - Inigo,Snacks,4.9,115,Davao City Davao Del Sur,True,4.9
h2ps,Maui Teriyaki + Mamo's Fried Chicken - Taboan,Filipino,4.9,131,Davao City Davao Del Sur,True,4.9
h2ri,Dixie's Food Haus -  VSC Building,Filipino,4.9,454,Manila,True,4.9
h2td,Super Chicken Tenders - Malolos,Chicken,5.0,1333,Malolos Bulacan,True,5.0
h2vt,Bevy Cakes Bread And Pastries - Puan,Bread,4.9,114,Davao City Davao Del Sur,True,4.9
h2wi,Muron Republik - Bambang,Desserts,0.0,0,Pasig City,False,
h2ww,Serenitea - Matalino Street,Milk Tea,5.0,209,Quezon City,True,5.0
h2yf,MarinaTuna - Pampanga,Seafood,5.0,126,Davao City Davao Del Sur,True,5.0
h32i,Purple Yam - M.L Quezon National Highway,Cakes,5.0,306,Lapu-Lapu City Cebu,True,5.0
h32y,La Ragazza - BGC,Pizza,4.7,116,Taguig City,True,4.7
h3cw,Coffee & trEATs - Nangka,Coffee,4.9,39,Marikina,True,4.9
h3gl,J.CO Donuts & Coffee - Abreeza,Donut,5.0,2281,Davao City Davao Del Sur,True,5.0
h3il,Chizmozza - Market Market,American,5.0,237,Taguig City,True,5.0
h3ji,Merc's Cafe - Alunan Avenue,Sushi,4.9,145,Koronadal South Cotabato,True,4.9
h3lg,Teacup Time 奶茶 - Matina NCCC Centerpoint Plaza,Milk Tea,4.9,223,Davao City Davao Del Sur,True,4.9
h3n0,Bayani Busog Bowls - Chino Roces Oriental Gardens,Filipino,0.0,0,Makati City,False,
h3ou,Maroush Maher Contemporary Cuisine - Road 13,Biryani,5.0,103,Quezon City,True,5.0
h3s8,Sabroso Lechon - N Domingo,Snacks,0.0,0,Quezon City,False,
h3sk,Kalsada Burger - Kapasigan,Burgers,5.0,252,Pasig City,True,5.0
h3x7,Coffee Avenue - The One Torre,Rice Bowl,4.9,28,Manila,True,4.9
h42o,Wildfire Asian Fusion - Banawa,Sushi,5.0,103,Cebu City,True,5.0
h4b4,Kaburi Co. - Quezon City,Korean,0.0,0,Quezon City,False,
h4b8,Lattelicious - Makati,Coffee,0.0,0,Makati City,False,
h4bk,One Zo Tapioca - SM North Edsa,Milk Tea,5.0,1170,Quezon City,True,5.0
h4eg,Haro Haro - Lilac Marikina,Milk Tea,5.0,60,Marikina,True,5.0
h4ep,Classic Savory - SM Lightmall,Chicken,5.0,1004,Mandaluyong City,True,5.0
h4fg,Reyes Barbecue - Shangri-La Plaza,Chicken,5.0,261,Mandaluyong City,True,5.0
h4fp,Giovanni's Bar Ristorante - General Malvar Ave,Pizza,5.0,87,Quezon City,True,5.0
h4if,J&A Homemade Pizza - Sampaguita Street,Ulam,4.5,34,Davao City Davao Del Sur,True,4.5
h4me,Zander's Fried Cravings - Poblacion Market Central,Fried Chicken,5.0,26,Davao City Davao Del Sur,True,5.0
h4o0,Jaokiks 1 Chinese Food Counter - Santan Street,Pancit,4.9,204,Davao City Davao Del Sur,True,4.9
h4od,Quickly - LG Garden Walk,Beverages,0.0,0,Lapu-Lapu City Cebu,False,
h4q9,Chooks! - Gmall Davao,Chicken,4.9,268,Davao City Davao Del Sur,True,4.9
h4qp,Moonleaf Tea Shop - Tektite Tower,Milk Tea,2.9,32,Pasig City,True,2.9
h4rw,MatTEAu's Fairview - Buick Street,Beverages,5.0,1040,Quezon City,True,5.0
h4si,Crisostomo - Ayala Malls Feliz,Filipino,5.0,149,Pasig City,True,5.0
h53n,The Public Cafe - Pusok,Western,4.9,108,Lapu-Lapu City Cebu,True,4.9
h57g,The Wholesome Table - Shangri-La Plaza,Filipino,4.9,14,Mandaluyong City,True,4.9
h5e8,"Corndog 28 - Road 3, Project 6",Corndogs,5.0,1110,Quezon City,True,5.0
h5gg,Gong cha - Festival Mall,Milk Tea,5.0,534,Muntinlupa City,True,5.0
h5i3,Quadrato Pizza - Obrero,Pizza,4.9,92,Davao City Davao Del Sur,True,4.9
h5kx,Riverwalk Cafe by Aroma Brew - Acqua Private Residences,Filipino,4.9,95,Mandaluyong City,True,4.9
h5lh,Veggie Guys - Malingap,Healthy,4.9,231,Quezon City,True,4.9
h5nu,Churchills Chicken Robinsons Cybergate,Lechon,5.0,291,Cebu City,True,5.0
h5of,Max Mango - Merville,Milk Tea,5.0,664,Pasay City,True,5.0
h5pi,Classic Savory - Tutuban,Chicken,5.0,772,Manila,True,5.0
h5pj,Super Bowl of China - SM Fairview,Chinese,5.0,243,Quezon City,True,5.0
h5pp,UMMI CAFE - HALAL FOOD RESTAURANT,Asian,4.9,67,Manila,True,4.9
h5qg,Mang Tomas Pinoy Sorbetes - Vicente Cruz,Ice Cream,5.0,104,Manila,True,5.0
h5xh,Kazuwa Cloud Kitchen - Makati,Sushi,5.0,226,Makati City,True,5.0
h5zl,Nutrify - Maple Tower,Milk Tea,5.0,16,Manila,True,5.0
h5zv,Chopstix Fried Noodles - LRT 2 Araneta Center Cubao Station,Noodles,5.0,488,Quezon City,True,5.0
h61o,Mango Royal Milkshake - South Signal Taguig,Fruit Shake,5.0,545,Taguig City,True,5.0
h69v,iSkin Cafe - Air Mall,Coffee,0.0,0,Makati City,False,
h6ag,Beurre Patisserie And Atelier - Eco Commercial Complex,Cakes,5.0,721,Malolos Bulacan,True,5.0
h6fb,Pizza Hut - Robinsons Galleria,Pizza,5.0,427,Pasig City,True,5.0
h6gj,Kompares - Pag Asa Village,Filipino,5.0,148,Davao City Davao Del Sur,True,5.0
h6k6,B1T1 Takeaway Coffee - Robinsons Novaliches,Coffee,0.0,0,Quezon City,False,
h6lc,Jamba - Tomas Morato,Beverages,5.0,1559,Quezon City,True,5.0
h6li,Pearl 101 Cafe - Buaya,Milk Tea,5.0,70,Lapu-Lapu City Cebu,True,5.0
h6qg,Gongcha - Ever Gotesco Mall,Milk Tea,5.0,14,Quezon City,True,5.0
h6sf,Chatime - SM Dagupan,Milk Tea,5.0,799,Dagupan Pangasinan,True,5.0
h6tc,Well Winged - Pagasa Village,Chicken Wings,5.0,1783,Davao City Davao Del Sur,True,5.0
h6tf,Eden's Vegan Food Hub - General Aviation Road Lapu Lapu,Fruit Shake,4.8,14,Lapu-Lapu City Cebu,True,4.8
h6uj,Don Benito's - Consolacion B,Cakes,5.0,178,Cebu City,True,5.0
h6vm,Cafe France -  SM Megamall,Pasta,5.0,323,Mandaluyong City,True,5.0
h6x1,Marinduquenos Litson Manok - South Super Market Amang Rodriguez Pasig City,Chicken,0.0,0,Pasig City,False,
h6xb,Jayjay's Chix Wings & Silog - Paco,Chicken Wings,4.1,330,Manila,True,4.1
h6zo,Tah-Mee - SM City Markina,Desserts,4.9,16,Marikina,True,4.9
h705,Deep Indian Restaurant - Matina,Biryani,4.9,226,Davao City Davao Del Sur,True,4.9
h76k,Duobrew Goodwill 1,Coffee,0.0,0,Quezon City,False,
h77s,Mango Avocado Temptations - Bago Bantay,Fruit Shake,4.9,1956,Quezon City,True,4.9
h78a,BKK Express - Glorietta 2,Thai,4.9,628,Makati City,True,4.9
h7av,Chowking - Nepomall Dagupan,Fast Food,5.0,2044,Dagupan Pangasinan,True,5.0
h7db,Clean Cafe by SKCO - Torres,Healthy,5.0,97,Davao City Davao Del Sur,True,5.0
h7ej,Flinders Lane Cafe - St. Patrick's Square,Coffee,5.0,128,Cebu City,True,5.0
h7fn,Chicago Flame Dog - Chinatown,American,5.0,71,Manila,True,5.0
h7g5,One Zo Tapioca - Glorietta 2,Milk Tea,5.0,939,Makati City,True,5.0
h7kg,Coffeebay - Fairview Terraces,Coffee,0.0,0,Quezon City,False,
h7nk,Samurai Foods - SM Fairview,Takoyaki,5.0,113,Quezon City,True,5.0
h7nx,BreadTalk - SM Center Dagupan,Sandwiches,5.0,178,Dagupan Pangasinan,True,5.0
h7on,Piggy Papa - Victory Pasay Mall,Filipino,4.9,30,Pasay City,True,4.9
h7ul,Red Ribbon -  Puregold Commonwealth,Cakes,5.0,963,Quezon City,True,5.0
h7uq,Libertea Milktea - Dela Rosa Solaris,Milk Tea,5.0,427,Makati City,True,5.0
h7xl,Taste Brew Cafe - Daylily Street,Coffee,0.0,0,Quezon City,False,
h802,Daily by Bo's Coffee - San Juan,Coffee,5.0,2105,San Juan,True,5.0
h803,Lyn's Cafeteria,Unknown,0.0,0,Makati City,False,
h86y,Cheese on Dough - Quezon City,Pizza,0.0,0,Quezon City,False,
h88m,Papangss Lechon House - San Antonio Village,Lechon,0.0,0,Davao City Davao Del Sur,False,
h8a3,Mitchylicious Pancit Malabon - South Supermarket,Pancit,5.0,22,Muntinlupa City,True,5.0
h8bo,Kuroneko Cafe - Malingap Street,Japanese,5.0,150,Quezon City,True,5.0
h8dc,Salmon HQ - The Podium,Ulam,5.0,54,Mandaluyong City,True,5.0
h8ft,Players Kitchen and Bar - Alabang Town Center,American,4.5,17,Muntinlupa City,True,4.5
h8jo,Mister Donut - Caruncho Avenue,Donut,5.0,337,Pasig City,True,5.0
h8jt,Potato Corner - Puregold Agora,Fries,5.0,616,San Juan,True,5.0
h8jz,Infinitea - Arellano,Milk Tea,5.0,526,Koronadal South Cotabato,True,5.0
h8sa,Habit Food Group Mix - Sampaloc,Rice Bowl,5.0,103,Manila,True,5.0
h8se,Sisig Hooray - SM City East Ortigas,Sisig,5.0,618,Pasig City,True,5.0
h8uw,Thirsty Fresh Fruit Juices and Shakes - Gaisano Riverside,Fruit Shake,5.0,58,Ormoc Leyte,True,5.0
h8wm,Chooks to Go - FB Harrison 2 Pasay,Chicken,5.0,237,Pasay City,True,5.0
h8xj,Polland Hopia - SM Megamall,Desserts,4.5,100,Mandaluyong City,True,4.5
h8zm,Wing Side - Juna,Chicken Wings,4.9,44,Davao City Davao Del Sur,True,4.9
h919,Renz Silogan - Talamban,Silog,5.0,179,Cebu City,True,5.0
h96w,Ca Phe Street Thai Coffee - C Raymundo Avenue,Coffee,0.0,0,Pasig City,False,
h9as,Good Neighbor - BGC,American,5.0,10,Taguig City,True,5.0
h9bc,Zagu - Paco,Beverages,5.0,695,Manila,True,5.0
h9cw,The Roasters - Matina Aplaya,Lechon,5.0,31,Davao City Davao Del Sur,True,5.0
h9ew,Mamastill Atbp. - España,Rice Bowl,0.0,0,Manila,False,
h9ga,Muvanz Pocherohan & Seafoods - Tambayan ni Filemon,Seafood,5.0,242,Cebu City,True,5.0
h9kn,Brothers Burger - Robinsons Magnolia,Burgers,5.0,35,Quezon City,True,5.0
h9ko,Healthy Lemon - Robinsons Galleria Cebu,Beverages,4.9,25,Cebu City,True,4.9
h9lo,Cafe Ta Ta たた,Coffee,0.0,0,Marikina,False,
h9pm,Shawarma Shack - Isetann Ground Floor,Shawarma,5.0,565,Manila,True,5.0
h9q7,Dahun Cafe - Kasambagan,Coffee,4.9,72,Cebu City,True,4.9
h9qr,Mang Inasal - Metroplaza Dagupan,Chicken,4.9,2608,Dagupan Pangasinan,True,4.9
h9sa,Savory Chicken PH - Masangkay Street,Fried Chicken,5.0,496,Manila,True,5.0
h9t3,NANAY-ASA RESTAURANT,Kare Kare,5.0,146,Pasig City,True,5.0
h9uf,Fast and Fresh-Foods Depot - Cabantian,Asian,5.0,608,Davao City Davao Del Sur,True,5.0
h9xf,1128 Tea & Cafe and JKorrea Ramyeon - Hobart Village,Coffee,0.0,0,Quezon City,False,
ha03,The BNB Cafe - Dona Luisa,Coffee,0.0,0,Davao City Davao Del Sur,False,
ha37,Cocina Mondo Delivery by the Romulo - Quezon City,Asian,0.0,0,Quezon City,False,
hacw,Soi Chicken - Estancia Mall,Thai,4.8,18,Pasig City,True,4.8
hag4,"Cookies, Rolls, Pizzeria & Pasta by Chill Chow",Pasta,4.9,30,Manila,True,4.9
hag4,Angel's Pasta - Biak na Bato,Pasta,4.9,30,Manila,True,4.9
hahp,Matsunoya Japanese Restaurant - Esys Building,Japanese,4.9,20,Cebu City,True,4.9
hakz,Kenshin Japanese Izakaya - Beacon,Japanese,5.0,389,Makati City,True,5.0
has0,Heavenly Desserts by Chef Jeng -  SM Center Muntinlupa,Cakes,5.0,31,Muntinlupa City,True,5.0
havo,Tuding's - Maysilo Circle,Rice Dishes,4.9,16,Mandaluyong City,True,4.9
havt,Khao Khai Thai Chicken House - Del Monte,Thai,5.0,665,Quezon City,True,5.0
hawn,SaladStop! - Glorietta 4,Salads,5.0,210,Makati City,True,5.0
haww,Yayoi Japanese Teishoku Restaurant - Greenhills,Snacks,0.0,0,San Juan,False,
hay3,Mama Lou's Italian Kitchen - Venice Grand Canal Mall,Italian,4.8,38,Taguig City,True,4.8
hb26,Minute Burger - St. Dominic 3,Burgers,4.5,14,Quezon City,True,4.5
hb3e,Jollibee - ML Quezon Taguig,Burgers,5.0,627,Taguig City,True,5.0
hb58,Dolor's Kakanin - Cash & Carry,Filipino,5.0,668,Makati City,True,5.0
hb6s,Tongara Ramen - Escario,Ramen,0.0,0,Cebu City,False,
hb75,Buenas Sausage and Fries - Manila,Sandwiches,0.0,0,Manila,False,
hbbt,KYO Coffee - Bago Aplaya,Coffee,5.0,23,Davao City Davao Del Sur,True,5.0
hbe8,Ambient Bar & Restaurant - 3663 Bautista Street,Filipino,0.0,0,Makati City,False,
hbn2,Silog Express Atbp. - Marikina,Filipino,5.0,442,Marikina,True,5.0
hbpy,Mr.k,Korean,5.0,12,Pasay City,True,5.0
hbqu,Paotsin - Unimart Greenhills,Dumpling,4.9,161,San Juan,True,4.9
hbt9,Pan De Manila - Persimmon Plus,Bread,5.0,217,Cebu City,True,5.0
hbun,Grilled Chicken - Marfori,Fried Chicken,3.6,35,Davao City Davao Del Sur,True,3.6
hccu,Everyday Coffee and Tea - SRP,Beverages,0.0,0,Cebu City,False,
hchu,Tatut’s - Sampaloc,Desserts,5.0,18,Manila,True,5.0
hci7,"Diner Daddy: Burgers, Chicken & More - Manila",Burgers,5.0,567,Manila,True,5.0
hciy,Aling Tonang's Pancit Palabok - Boni Avenue,Filipino,5.0,932,Mandaluyong City,True,5.0
hcnj,ICha Corndog - Ayala Malls Central Bloc,Corndogs,5.0,148,Cebu City,True,5.0
hco8,Beef Street Burgers - Kapitolyo,American,5.0,78,Pasig City,True,5.0
hcob,First Brew,Coffee,0.0,0,Makati City,False,
hctn,Acacia Lane Coffee Shop - Juna,Coffee,5.0,29,Davao City Davao Del Sur,True,5.0
hcy8,Cheerful Brews - Concepcion Aguila Street,Coffee,4.7,11,Manila,True,4.7
hd0i,The Green Menu - Makati,Healthy,5.0,397,Makati City,True,5.0
hd1e,RJ-Ben's Pizza - Guillermo E. Torres Street,Pizza,4.9,273,Davao City Davao Del Sur,True,4.9
hd2p,Buffalo's Wings N' Things - SM City Sta Mesa,Chicken Wings,5.0,294,Quezon City,True,5.0
hd65,Strasse Burger House - Payapa Street,Burgers,5.0,38,Mandaluyong City,True,5.0
hd8r,Irasshai - Malolos Central Terminal UV Express,Japanese,0.0,0,Malolos Bulacan,False,
hdc0,Ongpin Express - Victory Pasay Mall,Dim Sum,5.0,29,Pasay City,True,5.0
hdoi,NellyChon - Malolos,Lechon,4.6,56,Malolos Bulacan,True,4.6
hdpv,Dragon Dumplings - Cabaguio,Siomai,0.0,0,Davao City Davao Del Sur,False,
hdqc,Japanese Pancake and Food Fuwari - Apas,Pancakes & Waffles,4.9,90,Cebu City,True,4.9
hdt5,Taters - Acacia Estates,Snacks,5.0,146,Taguig City,True,5.0
hduu,Zip 'N Sip - Mercato de Mactan Food Park,Fruit Shake,4.9,49,Lapu-Lapu City Cebu,True,4.9
hdvu,Mr. Liempo - Commonwealth,Rice Bowl,0.0,0,Quezon City,False,
hdwh,Junior khiel and zeiger Takoyaki snack house,Filipino,4.9,36,Taguig City,True,4.9
he2a,Master Siomai - Puregold Doroteo Jose,Siomai,0.0,0,Manila,False,
he8r,Bayan Eats 24/7 (Mix and Match) - Marikina,Ulam,0.0,0,Marikina,False,
hea0,Yabby Snacks - New Manila,Desserts,0.0,0,Quezon City,False,
heel,SamgyupKart - Plaza Ni Goerge Talisay,Korean,5.0,723,Cebu City,True,5.0
heer,Jade Express by Fly Kitchen - Katipunan Avenue,Snacks,0.0,0,Quezon City,False,
hefg,Buko ni Fruitas - SM City Santa Mesa,Fruit Shake,4.8,72,Quezon City,True,4.8
hegv,Kuya Korea - Fiesta Carnival Arcade,Korean,5.0,13,Quezon City,True,5.0
hepa,Mr. Tea Authority - Liamzon Subdivision,Desserts,4.9,45,Pasig City,True,4.9
hequ,The Original Boat Noodle - Bench Tower Food Hall,Thai,4.9,61,Taguig City,True,4.9
hesq,Smoke & Spice - Juna,American,4.9,100,Davao City Davao Del Sur,True,4.9
hey5,CoCo Fresh Tea & Juice - Vista Mall Malolos,Beverages,5.0,3584,Malolos Bulacan,True,5.0
hey7,"Maxie's Wings, Fried Chicken House - Dollar Street, Fairview",Chicken Wings,4.9,99,Quezon City,True,4.9
hf3y,Papa Dhomz Food House - Batasan-San Mateo Road,Ulam,4.6,35,Quezon City,True,4.6
hfl0,Fish & Co - Robinsons Magnolia,American,0.0,0,Quezon City,False,
hfmu,Fish2Go - Ususan,Seafood,5.0,16,Taguig City,True,5.0
hfmx,KaziKazi Taiwan Fried Chicken - Mile Long Building,Chicken,0.0,0,Makati City,False,
hfpa,RBX Rice in a Box - Puregold Taguig,Rice Bowl,5.0,38,Taguig City,True,5.0
hfpk,The Bev Bar at Public Eatery - Robinsons Magnolia,Filipino,4.8,10,Quezon City,True,4.8
hfpv,Chooks To Go - Wilson Street,Chicken,5.0,271,San Juan,True,5.0
hfq1,Saffron Sips - Authentic Indian Restaurant,Indian,4.9,363,Cebu City,True,4.9
hfs4,Gavva! Pansit Batil Patung - Amang Rodriguez,Ulam,4.8,38,Pasig City,True,4.8
hfso,La Casita Bistro - Malolos,Filipino,4.9,21,Malolos Bulacan,True,4.9
hfue,Koomi - IKEA,Beverages,4.9,26,Pasay City,True,4.9
hfxk,Gotobox - Times Plaza,Filipino,4.9,713,Manila,True,4.9
hg0b,Olenna - Scout Rallos,Coffee,5.0,78,Quezon City,True,5.0
hg1d,AURELIA COFFEE and TEA,Sandwiches,5.0,68,Pasig City,True,5.0
hg69,Cafe Predo - Toril,Coffee,5.0,21,Davao City Davao Del Sur,True,5.0
hgcv,La Parillada - SM City Fairview,Rice Bowl,5.0,70,Quezon City,True,5.0
hgd7,Dadas Litson - Pinalad,Filipino,0.0,0,Pasig City,False,
hgg5,Bayani Busog Bowls - Putatan Muntinlupa,Filipino,0.0,0,Muntinlupa City,False,
hgi1,Tori Kraze - Manila,Japanese,5.0,534,Manila,True,5.0
hgly,Coffee Clock - Sayre Highway,Coffee,5.0,361,Valencia Bukidnon,True,5.0
hgm7,Fat Daddy - Robinsons Galleria,Chicken,0.0,0,Quezon City,False,
hgo9,Common Man Coffee Roasters - Ayala Triangle,Coffee,0.0,0,Makati City,False,
hgr8,Chotto Matcha - Chino Roces Avenue,Beverages,5.0,76,Makati City,True,5.0
hgrx,Hangout Resto Espana Manila,Burgers,0.0,0,Manila,False,
hgu6,Coffee Nook - Maginahawa,Coffee,0.0,0,Quezon City,False,
hgus,Hen Lin - Tutuban,Siomai,0.0,0,Manila,False,
hgvt,Tata Pino's - Morato Street,Filipino,4.9,672,Quezon City,True,4.9
hh34,Kumokuro Ramens - Bonny Serrano Quezon City,Ramen,5.0,54,Quezon City,True,5.0
hhi7,David's Tea House Express - Puregold QI,Chinese,4.8,33,Quezon City,True,4.8
hhit,D'Guitara 8610 Grill & Restobar - Dona Vicenta,Filipino,4.8,61,Davao City Davao Del Sur,True,4.8
hhkh,Busan Korean Restaurant - Banilad Road,Korean,4.9,44,Cebu City,True,4.9
hhp0,Honyaki Itamae Sushi - ASV Townhouse,Japanese,5.0,42,Valencia Bukidnon,True,5.0
hhsw,Baliwag Lechon Manok at Liempo - F Manalo Street,Chicken,5.0,335,San Juan,True,5.0
hhzy,99 Peso Rice Bowls To Go - Ortigas,Rice Bowl,0.0,0,Mandaluyong City,False,
hid4,Twistea - Halcon Branch,Milk Tea,0.0,0,Mandaluyong City,False,
hij6,Daniel's Diet - Cataag,Filipino,5.0,171,Ormoc Leyte,True,5.0
hikf,El Vici Cafe - Alunan Avenue,Coffee,4.9,59,Koronadal South Cotabato,True,4.9
hith,We've Cocreate Cafe Banawa,Coffee,0.0,0,Cebu City,False,
hitw,Victoria Bites - Hillcrest Drive,Filipino,5.0,1792,Pasig City,True,5.0
hiu8,A Batter Cafe - 70a JP Rizal,Desserts,4.0,14,Makati City,True,4.0
hix9,Heavenly Takoyaki - Gaisano Cordova,Takoyaki,0.0,0,Lapu-Lapu City Cebu,False,
hizw,Taiwan Kitchen 小台北下午茶 (Dela Rosa),Asian,5.0,1235,Makati City,True,5.0
hj3v,Nuts About Candy - Vertis North,Desserts,0.0,0,Quezon City,False,
hj4n,Quady’s Bar - Time Square Talamban,Fast Food,4.8,13,Cebu City,True,4.8
hjcu,Tummy Time,Silog,0.0,0,Mandaluyong City,False,
hjgf,Happilee Korean Kitchen - Commonwealth,Korean,5.0,218,Quezon City,True,5.0
hjho,The Cafeteria by Deliqueen,Filipino,5.0,43,Davao City Davao Del Sur,True,5.0
hji1,Primo’s Unlimited Bucket Wings  - Kapitolyo,Chicken Wings,0.0,0,Pasig City,False,
hji4,Uling Roasters - Burgos Street Ormoc,Chicken,5.0,34,Ormoc Leyte,True,5.0
hjq5,Bon Pho & Roll Vietnamese - Makati,Chinese,0.0,0,Makati City,False,
hjtt,Baraks Food House - Magat Street,Filipino,4.9,122,Quezon City,True,4.9
hk2m,Tropical Hut - Shoppesville,Burgers,5.0,1233,San Juan,True,5.0
hk6q,The Secret Base Cafe - Rivera,Beverages,4.8,26,Dagupan Pangasinan,True,4.8
hkhl,Avocadoria.ph - SM Light Mall,Ice Cream,5.0,60,Mandaluyong City,True,5.0
hki9,Bevy Cakes Bread and Pastries - Mintal,Milk Tea,4.9,23,Davao City Davao Del Sur,True,4.9
hkit,YOBE Barbeque House - Wilson Street,Chinese,4.7,15,San Juan,True,4.7
hkj2,House of Fruitas - West Mckinley,Fruit Shake,5.0,100,Taguig City,True,5.0
hkl3,Lil' Orbits Mini Donuts - Robinsons Galleria,Donut,0.0,0,Quezon City,False,
hkn5,"Big Mama's Pizza - Gil Fernando, Marikina",Pizza,5.0,172,Marikina,True,5.0
hknp,Dot Coffee - W City Center,Coffee,5.0,654,Taguig City,True,5.0
hkps,Oh My Goose Roast - The Hub,Chinese,4.7,11,Mandaluyong City,True,4.7
hksi,Annyeong Corndog - Marbel,Corndogs,5.0,635,Koronadal South Cotabato,True,5.0
hkvs,Tuna Republik - Cogon Combado Ormoc,Fish,4.8,21,Ormoc Leyte,True,4.8
hkvt,Mr. Toppings - Robinsons Cybergate,Filipino,4.9,19,Cebu City,True,4.9
hl9a,LOTUS Tea & Coffee - Fairview,Coffee,0.0,0,Quezon City,False,
hlai,All-Nighter Coffee - Cuangco Street,Coffee,5.0,740,Makati City,True,5.0
hlb0,Wings Club - Koronadal,Chicken,4.9,291,Koronadal South Cotabato,True,4.9
hlhl,Cupi. - McKinley West,Coffee,0.0,0,Taguig City,False,
hlnl,Alishan at The Alley - Taft East Gate,Milk Tea,5.0,1060,Cebu City,True,5.0
hlsj,BreadTalk - Opus Mall,Bread,0.0,0,Quezon City,False,
hlwh,K-Street - The Outlets Cebu,Rice Bowl,0.0,0,Lapu-Lapu City Cebu,False,
hm12,Kanoffee Coffee Bar - Toril,Coffee,5.0,192,Davao City Davao Del Sur,True,5.0
hm34,"But First, Coffee - Avida Cityflex Tower",Beverages,5.0,441,Taguig City,True,5.0
hm50,Koomi - Ayala Malls Feliz,Beverages,5.0,389,Pasig City,True,5.0
hm5v,Lawson Cup & Go - University Tower1,Coffee,0.0,0,Manila,False,
hmc7,Zark's Burgers - SM City Davao,American,4.9,220,Davao City Davao Del Sur,True,4.9
hmcz,EyesBlast Super Slushy - Doña Imelda,Beverages,0.0,0,Quezon City,False,
hmfw,Sorpresa Buko Pie & Bakeshop - Makati,Bread,5.0,159,Makati City,True,5.0
hmlb,Kasa Kebab - Holy Spirit Drive,Middle Eastern,0.0,0,Quezon City,False,
hmmy,Tori Kraze - Fairview,Japanese,4.9,151,Quezon City,True,4.9
hmth,Balai Pandesal - Dela Rosa Street,Snacks,5.0,113,Makati City,True,5.0
hmup,Buko Choice - Balingasa,Beverages,0.0,0,Quezon City,False,
hmuq,Snack Habits - Vergara,Cakes,5.0,106,Mandaluyong City,True,5.0
hmv7,PITZU-BOO CAFE- Vincent Heights,Coffee,0.0,0,Davao City Davao Del Sur,False,
hmxr,KyuKyu Ramen 99 - SM Center Dagupan,Ramen,5.0,147,Dagupan Pangasinan,True,5.0
hmyc,Minante Pizzeria - 88th Avenue,Pizza,4.9,215,Cebu City,True,4.9
hn04,Dot Coffee - Greenhills,Coffee,5.0,230,San Juan,True,5.0
hn3c,Xeo And Roll Snack House - Ponte Street,Coffee,0.0,0,Makati City,False,
hn60,Shifu Master Chef - Granada,Ulam,5.0,140,Quezon City,True,5.0
hn6q,An'dale BTC - Banilad Town,Chicken,5.0,451,Cebu City,True,5.0
hnc7,Urbanica Milk Coffee - SM Center Ormoc,Coffee,5.0,781,Ormoc Leyte,True,5.0
hndg,Oh My Lugaw - Mayor Tanyag Avenue,Filipino,4.9,438,Taguig City,True,4.9
hndh,Takoboba - Quezon Avenue,Japanese,5.0,21,Quezon City,True,5.0
hne4,Marugame Udon - Ayala Malls Circuit,Japanese,5.0,2333,Makati City,True,5.0
hngd,Wow Food Hall - Kamagong,Rice Bowl,0.0,0,Makati City,False,
hngw,Taters - Greenhills,Snacks,5.0,32,San Juan,True,5.0
hnke,Kalye Worldwide - Navarra Street,Rice Bowl,0.0,0,Manila,False,
hnkt,YoCoco - Molito Lifestyle Center,Ice Cream,5.0,19,Muntinlupa City,True,5.0
hnlr,Nuts About Candy - SM Seaside,Desserts,0.0,0,Cebu City,False,
hnoh,Coffee Project - All Home Koronodal,Coffee,5.0,190,Koronadal South Cotabato,True,5.0
hnu2,"Tokyo Tokyo - Maceda, Sampaloc Manila",Japanese,5.0,4775,Manila,True,5.0
hnuo,Samgyup on the GO - Kalayaan Avenue,Korean,5.0,758,Makati City,True,5.0
hnwy,Straight-UP Cafe - Mandaluyong,Coffee,5.0,18,Mandaluyong City,True,5.0
hnyr,Oh Mango - Visayas,Fruit Shake,5.0,1452,Quezon City,True,5.0
ho8x,Bigby's Cafe and Restaurant - SM Center Ormoc,Asian,5.0,24,Ormoc Leyte,True,5.0
ho9g,Du Hsiao Yueh - SM MOA,Asian,0.0,0,Pasay City,False,
hoeq,Tori Kraze - Marikina Heights,Japanese,5.0,339,Marikina,True,5.0
hohp,Darling's Artisan,Unknown,0.0,0,Manila,False,
hom3,Ulam Delights - Pasig,Filipino,4.8,123,Pasig City,True,4.8
houm,The Hungry Bar - San Andres,Fast Food,4.9,12,Manila,True,4.9
howk,Cinnabon - SM Lanang Premier,Desserts,5.0,351,Davao City Davao Del Sur,True,5.0
hp2n,Buko ni Fruitas - SM City San Lazaro,Fruit Shake,4.9,95,Manila,True,4.9
hp3t,Max's Corner Bakery - Festival Mall,Cakes,0.0,0,Muntinlupa City,False,
hp9x,Mitasu Yakiniku - Ayala Vertis North,Japanese,3.2,3,Quezon City,True,3.2
hpaz,Siomai House - One Ayala Tower,Siomai,5.0,225,Makati City,True,5.0
hpc3,Sourdough Cafe - Rockwell Drive,Western,0.0,0,Makati City,False,
hpcw,Daily by Bo's Coffee - SM City Cebu,Coffee,4.9,406,Cebu City,True,4.9
hpgr,Doña Merci' Halo-Halo & Treats,Halo-Halo,0.0,0,San Juan,False,
hpgy,BURGHUB - MANILA,Burgers,0.0,0,Manila,False,
hpht,COASTAL GROUNDS COFFEE,Coffee,0.0,0,Quezon City,False,
hpm6,Chambee Milktea - Mandaluyong,Milk Tea,4.8,110,Mandaluyong City,True,4.8
hpn0,Johnn Lemon - SM Seaside City Cebu,Beverages,5.0,103,Cebu City,True,5.0
hpnl,Farron Cafe - Lilac Street,Beverages,5.0,95,Marikina,True,5.0
hpu2,Su Lat Gan Restaurant – The Greenery,Ulam,0.0,0,Cebu City,False,
hpuv,Manoy - Puregold Blumentritt,Filipino,4.1,26,Manila,True,4.1
hpzh,TAKEOUT,Asian,0.0,0,Manila,False,
hpzu,Duck Donuts - Poblacion Makati,Donut,0.0,0,Makati City,False,
hq0g,Joe's Pizza Station - Quimpo Boulevard,Pizza,4.9,60,Davao City Davao Del Sur,True,4.9
hq13,Nanyang - SM City Cebu,Chicken,5.0,30,Cebu City,True,5.0
hq28,Lagrima - San Juan,Filipino,0.0,0,San Juan,False,
hq9q,Lugaw Pilipinas - Rosario Pasig,Filipino,5.0,1514,Pasig City,True,5.0
hqej,BigBrew - Don Antonio Ave,Milk Tea,5.0,60,Quezon City,True,5.0
hqem,Mang Tomas Ganado Express by Cloudeats - Marikina Heights,Rice Bowl,4.9,14,Marikina,True,4.9
hqes,Yuem's Chicken and Ice - New Frontier Village,Asian,5.0,1724,Cebu City,True,5.0
hqgg,Perugia Bistro - Davao City,Pasta,4.8,68,Davao City Davao Del Sur,True,4.8
hqhc,The Queen Citea - Talamban,Milk Tea,0.0,0,Cebu City,False,
hql1,食百味 Shi Bai Wei Food Corporation,Chinese,0.0,0,Taguig City,False,
hqpo,Tasty & Healthy Bowls - Mercedes Avenue,Filipino,0.0,0,Pasig City,False,
hr89,Halo Halo of the Year - Industria Street,Coffee,4.9,731,Pasig City,True,4.9
hrgg,La’ Salsa Fil-Mex Cantina - Lahug Cebu,Filipino,5.0,11,Cebu City,True,5.0
hrj4,Banh Mi Kitchen - Axis,Asian,5.0,918,Cebu City,True,5.0
hrl6,Overdoughs Cafe + Elait - Greenhills,Cakes,4.9,26,San Juan,True,4.9
hrn7,Don Macchiatos - TGlobal Elite Residences Branch,Asian,5.0,32,Manila,True,5.0
hrnt,Minute Burger - Alabang Central,American,5.0,265,Muntinlupa City,True,5.0
hrxl,Prettea Delicious Milktea - Diliman,Milk Tea,4.9,80,Quezon City,True,4.9
hry7,Brothers' Pizza Hauz - Malibay,Pizza,5.0,218,Pasay City,True,5.0
hrz8,Dal Moro's Fresh Pasta to Go,Italian,0.0,0,Makati City,False,
hs25,Takotime PH - Puregold Jr. Kalayaan,Takoyaki,4.9,40,Quezon City,True,4.9
hs4a,Bob & Scott - Cardones Street,American,4.5,150,Taguig City,True,4.5
hsb9,Caldero't Kawali - The Grand Towers Manila,Filipino,5.0,31,Manila,True,5.0
hsba,Snackeats - Punta,Shawarma,0.0,0,Cebu City,False,
hsdk,Tuk Tuk Thai Cuisine - Mayor Gil Fernando Avenue,Thai,5.0,281,Marikina,True,5.0
hsit,Burger Smash Snack Shack - Tandang Sora,Burgers,4.5,63,Quezon City,True,4.5
hskw,The Coffee Bean & Tea Leaf - Fishermall,Coffee,5.0,19,Quezon City,True,5.0
hslb,Kobi Bayan 24/7 - Fairview QC,Sisig,5.0,143,Quezon City,True,5.0
hsmj,Spicy Mama - Banilad,Rice Dishes,4.9,81,Cebu City,True,4.9
hsnq,Scrambowl - SM Fairview,Desserts,0.0,0,Quezon City,False,
hspd,Nine Fresh - PBCom Makati,Desserts,4.9,64,Makati City,True,4.9
hst8,B1T1 Takeaway Coffee - Evangelista,Coffee,0.0,0,Makati City,False,
hstl,Karabella Dairy - Cubao,Ice Cream,0.0,0,Quezon City,False,
hsu3,Sulit Shawarma! - Manila,Shawarma,4.8,742,Manila,True,4.8
hsv7,PICKUP COFFEE - Glorietta 4 Dolphin Park,Coffee,4.9,891,Makati City,True,4.9
hsva,Andy's Crunchicken - Ayala Feliz,Fried Chicken,0.0,0,Pasig City,False,
hsyy,Chooks to Go - Alunan Koronadal,Chicken,5.0,378,Koronadal South Cotabato,True,5.0
ht2j,Takoyaki Sensei - Taft (Vito Cruz),Takoyaki,5.0,497,Makati City,True,5.0
ht2m,LOVE COFFEE - Victoria Stations,Beverages,5.0,26,Quezon City,True,5.0
ht7c,"But First, Coffee - Eton Centris",Coffee,5.0,204,Quezon City,True,5.0
hti3,Lugaw Daddy - Manila,Porridge,4.9,407,Manila,True,4.9
htk0,Chachago - Bayani Road,Milk Tea,5.0,117,Taguig City,True,5.0
htye,1871 Cafe - Sampaloc,Filipino,0.0,0,Manila,False,
hu40,You Are Well - Canley Road,Rice Bowl,0.0,0,Pasig City,False,
hu6l,RNC Eats-Pasig City,Filipino,0.0,0,Pasig City,False,
hu9e,Tealive Philippines (pandago),Asian,0.0,0,Makati City,False,
hua5,RibSarap - Malolos,Filipino,5.0,84,Malolos Bulacan,True,5.0
hub5,The Pollo Family: Loaded Chicken - Marikina Heights,Fried Chicken,5.0,72,Marikina,True,5.0
huce,R. Lapid's Chicharon and Barbecue - Super 8 Ortigas Extension,Snacks,5.0,42,Pasig City,True,5.0
hufo,Mang Inasal - South Station,Chicken,4.9,455,Muntinlupa City,True,4.9
hul7,Sevi Coffee - Rongo Street,Sandwiches,0.0,0,Taguig City,False,
hup4,Gavino's Food House - Garcia Heights,Noodles,4.8,304,Davao City Davao Del Sur,True,4.8
huvd,Kim's Ramyun - Cloverleaf,Chicken,0.0,0,Quezon City,False,
huwc,Brisbane Street Ramen and Takoyaki - Sampaloc,Beverages,0.0,0,Manila,False,
hv41,Potato Corner - Strata 2000 Food Court,Fries,4.7,207,Pasig City,True,4.7
hv9q,J Cafe - Rizal Street,Coffee,0.0,0,Dagupan Pangasinan,False,
hvdj,Dc Cakes And Pastries - V. Ranudo Street,Cakes,5.0,1020,Cebu City,True,5.0
hvj2,Cheesecake - Granite Street,Cakes,0.0,0,Marikina,False,
hvnw,Cafe Spice - Sasa,Coffee,0.0,0,Davao City Davao Del Sur,False,
hvpv,Gourmet Silog - Fairlane,Silog,4.8,118,Quezon City,True,4.8
hvsf,Burrito MNL - Riverbanks Mall,Snacks,0.0,0,Marikina,False,
hvut,Coffy Pages - Banilad,Coffee,4.9,10,Cebu City,True,4.9
hvvp,OH MY CHICKEN - SM North EDSA Annex,Chicken,0.0,0,Quezon City,False,
hvyp,Ongpin Express - Robinsons Manila,Dim Sum,4.7,12,Manila,True,4.7
hvz4,Dude Cafe Coffee and Tea - Mandaluyong,Asian,0.0,0,Mandaluyong City,False,
hvzi,Good Bowl - Robinsons Cyberscape,Filipino,0.0,0,Pasig City,False,
hvzn,World Coffee - Espanya Manila,Coffee,0.0,0,Manila,False,
hvzt,Egg Stop - SM East Ortigas,Sandwiches,5.0,59,Pasig City,True,5.0
hw13,Chef Jhang Sizzling Steakhouse - Toril,Ulam,0.0,0,Davao City Davao Del Sur,False,
hw4h,Blvck Cafe - Puregold FTI,Beverages,5.0,66,Taguig City,True,5.0
hw5g,Potato Corner - NCCC Main Magsaysay,Fries,5.0,54,Davao City Davao Del Sur,True,5.0
hw8m,Fruitas - Luckygold Plaza,Fruit Shake,5.0,84,Pasig City,True,5.0
hwax,Maker and Made - BGC,Coffee,5.0,21,Taguig City,True,5.0
hwbz,Chooks! - South Park Center,Fried Chicken,4.9,44,Muntinlupa City,True,4.9
hwd8,Lech Go Baka At Baboy - Concha Street,Lechon,4.8,43,Manila,True,4.8
hwi9,Giligan's - Vista Mall Malolos,Filipino,4.9,1379,Malolos Bulacan,True,4.9
hwk0,Siomai King  - MegaONE Building,Asian,4.8,242,Quezon City,True,4.8
hwko,Don Macchiatos - Largo Quezon City,Coffee,0.0,0,Quezon City,False,
hwl9,Pierre Marco Fruit Shake Stand - Pembo,Fruit Shake,4.9,729,Makati City,True,4.9
hx0s,Arch Shawarma & SmooTEA'S - San Francisco del Monte,Shawarma,4.8,706,Quezon City,True,4.8
hx4b,Hatid Pinoy - C Palanca,Filipino,5.0,3535,Makati City,True,5.0
hx95,HOUR CAFE - BMDK Bldg,Beverages,4.9,22,Davao City Davao Del Sur,True,4.9
hxoc,Arch Shawarma & SmooTEA'S - Bago Bantay,Shawarma,4.7,1356,Quezon City,True,4.7
hxwe,1914 Coffee - Alabang,Coffee,5.0,14,Muntinlupa City,True,5.0
hy1g,Barcelona Food Hub - Barangay Olympia,Western,0.0,0,Makati City,False,
hy4u,Black Betty Diner - Maginhawa Street,Burgers,5.0,149,Quezon City,True,5.0
hy7q,Honey Carenderia - Rd 20,Ulam,0.0,0,Quezon City,False,
hy87,ab 81 Cafe,Beverages,0.0,0,Manila,False,
hym4,Sisig Master - Tulip Drive,Filipino,4.7,149,Davao City Davao Del Sur,True,4.7
hyop,Claire’s Kitchen + Cafe - West Rembo,Filipino,0.0,0,Taguig City,False,
hysq,Cafe Mary Grace - Arcovia,Cakes,5.0,115,Pasig City,True,5.0
hyvj,Boo Koh - Robinsons Magnolia,Filipino,0.0,0,Quezon City,False,
hz3m,Happy Ice Scramble - Lagro,Ice Cream,5.0,70,Quezon City,True,5.0
hz53,DKD Noventa Burger kiosk - 026 San pedro street,Burgers,0.0,0,Quezon City,False,
hzj5,Cheesecapes Milktea - NIA Village,Milk Tea,4.8,85,Quezon City,True,4.8
hzjb,NYFD (New York Fries and Dips) - The Capital Towers,Fries,4.9,34,Quezon City,True,4.9
hzlu,Vita Bella Bubble Tea and Coffee Stop - Ormoc,Beverages,5.0,58,Ormoc Leyte,True,5.0
hzn0,Rafa's Kitchen - Baler St,Silog,5.0,25,Quezon City,True,5.0
hzr8,Cora's Tapsilog - Delpan,Silog,4.9,175,Manila,True,4.9
hzus,Chicken Poppin' Wings and Snacks - Manila,Chicken Wings,0.0,0,Manila,False,
hzwc,COZY-COFFLES CAFE,Unknown,5.0,92,Taguig City,True,5.0
hzxx,Lamikayu - Lapu Lapu,Wraps,0.0,0,Lapu-Lapu City Cebu,False,
hzyn,Lamian Litson Manok x Expressotea - Mañalac,Milk Tea,4.7,94,Taguig City,True,4.7
hzzf,Leaves & Lattes,Coffee,5.0,26,Cebu City,True,5.0
i0bn,Almon Marina - SM Megamall,Sandwiches,5.0,142,Mandaluyong City,True,5.0
i0bp,TEAs ME Milk Tea and Snackbar - PLDT Tayuman,Milk Tea,5.0,866,Manila,True,5.0
i0bs,Don's Original Spanish Churros - Fisher Mall,Desserts,5.0,294,Quezon City,True,5.0
i0eg,Explosive Burger - Sikatuna,American,5.0,205,Quezon City,True,5.0
i0hj,Pan De Manila - Market Market,Bread,5.0,305,Taguig City,True,5.0
i0ip,KFC - Nepomall Dagupan,Fast Food,4.9,2536,Dagupan Pangasinan,True,4.9
i0km,Merry Mango - SM Center Ormoc,Beverages,5.0,664,Ormoc Leyte,True,5.0
i0mr,La Casa Vieja by KKD STK + BBQ - J Fortich Street,BBQ,5.0,50,Cebu City,True,5.0
i0mw,Urban Pizza - Mintal,Pizza,5.0,300,Davao City Davao Del Sur,True,5.0
i0ow,Pancake House - Ayala Feliz,American,4.9,145,Marikina,True,4.9
i0po,Elixir Roastery And Cafe - Mplace Mall,Coffee,0.0,0,Quezon City,False,
i0ps,Tasty and Healthy Bowls - Leon Guinto,Filipino,0.0,0,Manila,False,
i0q9,The Green Menu - Marikina Heights,Healthy,5.0,213,Marikina,True,5.0
i0qm,Bacolod Chicken Inasal - Metrowalk,Filipino,4.9,482,Pasig City,True,4.9
i0r4,CHICKLYNNES BONELESS CHICKEN - Aguilar Street,Asian,5.0,109,Valencia Bukidnon,True,5.0
i0u3,Bacolod Chicken Inasal - Robinsons Gamma,Filipino,4.9,441,Pasig City,True,4.9
i0vb,Hokkie Coffee,Coffee,0.0,0,Makati City,False,
i0vp,Buffalo Wild Wings - Conrad,Japanese,0.0,0,Pasay City,False,
i12e,Chicken Proven D' Original - Lahug Cebu,Fried Chicken,5.0,41,Cebu City,True,5.0
i12v,The Fryers Fried Chicken House - Silver St,Chicken Wings,0.0,0,Davao City Davao Del Sur,False,
i18z,Cafe Mafia - Cordova,Burgers,5.0,51,Lapu-Lapu City Cebu,True,5.0
i1d0,TJ Smash Burger - Cirma Foodtrip,Burgers,5.0,36,Marikina,True,5.0
i1fy,Pancit Ng Taga Malabon - Shaw Blvd,Pancit,5.0,954,Mandaluyong City,True,5.0
i1i3,Phoebe Cakes,Unknown,5.0,11,Quezon City,True,5.0
i1j5,Ka-Kuta Unlimited Wings - Alabang,Filipino,0.0,0,Muntinlupa City,False,
i1kb,Giligan's - SM City North Edsa,Filipino,4.9,511,Quezon City,True,4.9
i1lj,Cafe Zero - Dagupan Diversion Road,Coffee,0.0,0,Dagupan Pangasinan,False,
i1lv,Sangkalan Restaurant - Dagupan,Filipino,5.0,367,Dagupan Pangasinan,True,5.0
i1qv,Uncle Brew - Basak,Coffee,4.9,35,Lapu-Lapu City Cebu,True,4.9
i1se,Salvatore Cuomo Cafe - Uptown Parade,Pasta,4.8,18,Taguig City,True,4.8
i1sr,Ramen Nagi - Greenbelt,Ramen,4.9,168,Makati City,True,4.9
i1vw,Seattle's Best Coffee - Mercedes Pasig,Coffee,5.0,45,Pasig City,True,5.0
i1vy,Rice Rocket - Abreeza Mall,Asian,4.9,157,Davao City Davao Del Sur,True,4.9
i1wl,Giligan's - Festival Mall Extension,Filipino,5.0,469,Muntinlupa City,True,5.0
i23k,Cotti Coffee - Gaisano mall of Davao,Coffee,0.0,0,Davao City Davao Del Sur,False,
i24s,Long Time Ago Chinese Restaurant - Alphaland Makati Place,Rice Bowl,0.0,0,Makati City,False,
i25c,Miss Wa Noodles and Rice - Dapitan,Asian,5.0,557,Manila,True,5.0
i29p,Chizmozza - Ayala Malls Southpark,Snacks,5.0,53,Muntinlupa City,True,5.0
i2at,Bake My Day - All Home Libis,Bread,4.9,15,Quezon City,True,4.9
i2bs,Rossopomodoro - SM East Ortigas,Italian,0.0,0,Pasig City,False,
i2cv,K-Chicken House Korean Fried Chicken - TSL Building,Fried Chicken,4.9,2379,Quezon City,True,4.9
i2d6,Bibsy Pig - Katipunan Extension,Filipino,5.0,53,Marikina,True,5.0
i2ec,Terickfic Pies - Koronadal,Cakes,5.0,104,Koronadal South Cotabato,True,5.0
i2gb,Seafood Mix - Makati,Seafood,4.6,188,Makati City,True,4.6
i2lj,MOS Burger - Robinsons Place Manila,Burgers,5.0,239,Manila,True,5.0
i2vn,Hong Kong Noodles & Dimsum - Paco 5th District,Chinese,5.0,3307,Manila,True,5.0
i2wc,Krispy Kreme - SM Cebu,Donut,5.0,831,Cebu City,True,5.0
i2wq,Happy Birthday Food Center - Marius Acropoli Building,Fried Chicken,0.0,0,Quezon City,False,
i2yh,Burgoo - Gateway,Seafood,4.8,83,Quezon City,True,4.8
i2yy,Kurimi Milk Tea Bar - New Panaderos,Beverages,5.0,13,Manila,True,5.0
i2z6,B1T1 Takeaway Coffee - Parklea,Coffee,0.0,0,Mandaluyong City,False,
i2zi,Pancake House - Uptown Mall Place,American,4.9,305,Taguig City,True,4.9
i301,Tambay Food House - Deca Talomo,Chicken,0.0,0,Davao City Davao Del Sur,False,
i30p,Nine Fresh - Makati Avenue,Desserts,5.0,317,Makati City,True,5.0
i32z,Bulgogi Brothers - Shangri-La,Korean,0.0,0,Mandaluyong City,False,
i33i,Tiktilaok - Island Central Mall,Chicken,4.9,127,Lapu-Lapu City Cebu,True,4.9
i399,Sugarhouse - Malamig Street,Chicken,0.0,0,Mandaluyong City,False,
i3ai,Saige - BGC,Rice Bowl,5.0,79,Taguig City,True,5.0
i3cr,Melonpan Ice - SM Aura,Ice Cream,4.8,26,Taguig City,True,4.8
i3dt,Big Chill - SM Megamall,Fruit Shake,5.0,99,Mandaluyong City,True,5.0
i3fb,Patrick's Restaurant and Bar - Magnolia Place,Filipino,4.9,107,Quezon City,True,4.9
i3i4,Seafoodies - Quezon City,Seafood,0.0,0,Quezon City,False,
i3k0,Greek Chef's Pasta and Pizza - Mabolo,Pizza,0.0,0,Cebu City,False,
i3m7,MIGAG Korean Restaurant - Talamban Times Square,Korean,4.8,24,Cebu City,True,4.8
i3r5,Sulit Shawarma! - Fairview,Shawarma,4.9,366,Quezon City,True,4.9
i3tt,Sumis Food Crafts - Putatan,Milk Tea,0.0,0,Muntinlupa City,False,
i42s,24/7 Eats - Malolos,Fast Food,5.0,750,Malolos Bulacan,True,5.0
i44r,Patricia's Seafood Kitchen - Liberty Avenue,Seafood,5.0,175,Quezon City,True,5.0
i47y,Paksabaw Eatery - Caranglaan,Soups,4.6,119,Dagupan Pangasinan,True,4.6
i4d1,Minnano Supermarket - Japanese Deli Station,Japanese,4.9,190,Makati City,True,4.9
i4hr,Hom - Mall of Asia,Thai,5.0,2567,Pasay City,True,5.0
i4ib,Go Bento - Clean Fuel Pioneer,Japanese,5.0,2817,Mandaluyong City,True,5.0
i4jc,Obento Ko & Osaka Takoyakido - Lilac,Japanese,5.0,1196,Marikina,True,5.0
i4ki,Hen Lin - The Landmark,Siomai,4.5,49,Makati City,True,4.5
i4kl,Nikkei Robata - Greenbelt 3,Japanese,5.0,31,Makati City,True,5.0
i4lf,8Pi RESTOBAR,Filipino,0.0,0,Taguig City,False,
i4lq,Cabalen Plus - Mall of Asia,Ulam,4.9,21,Pasay City,True,4.9
i4ml,Tokyo Tokyo - 168 Mall,Japanese,4.9,360,Manila,True,4.9
i4o2,Cuppremo - Granada Street,Coffee,5.0,230,Quezon City,True,5.0
i4t3,Manong Inasal - Marfori,Soups,4.2,157,Davao City Davao Del Sur,True,4.2
i4t7,Manduca Taberna - One Ayala Mall,Ulam,0.0,0,Makati City,False,
i4u9,Fat Skillet Food Services - Sct De Guia Street,Burgers,5.0,187,Quezon City,True,5.0
i4wt,Tendon Kohaku - Uptown,Rice Dishes,5.0,88,Taguig City,True,5.0
i53u,Kimbob1004 - Puregold Jr. Don Antonio,Korean,5.0,1112,Quezon City,True,5.0
i5bj,REENLAND SUSHI BAR,Sushi,5.0,46,Pasay City,True,5.0
i5dc,PORCHETTA EXPRESS - Mandaluyong,Filipino,4.9,205,Mandaluyong City,True,4.9
i5ht,Kitchen Sakura - Puregold,Japanese,5.0,591,Muntinlupa City,True,5.0
i5k5,Prestea Hulo Milktea Shop - Estrella Pantaleon Street,Milk Tea,5.0,256,Mandaluyong City,True,5.0
i5l1,Pinoy Bento - Ermin Garcia,Rice Bowl,5.0,69,Quezon City,True,5.0
i5mm,Jollibee - Lianas Alabang,Fast Food,5.0,2122,Muntinlupa City,True,5.0
i5mo,RR Seafoods - Taguig,Seafood,0.0,0,Taguig City,False,
i5mw,The Kofi Co -  Tres De Abril,Coffee,4.5,23,Cebu City,True,4.5
i5rl,The Green Menu - San Juan,Healthy,5.0,423,San Juan,True,5.0
i5ry,Quickly - SM City Fairview,Milk Tea,5.0,117,Quezon City,True,5.0
i5ti,Atheline Food Hub - Toril,Chicken,0.0,0,Davao City Davao Del Sur,False,
i5vh,EMS Pasta and Rolls - F Torres Street,Pasta,5.0,1524,Davao City Davao Del Sur,True,5.0
i5xy,Macarose Fine Foods Inc,Unknown,0.0,0,Quezon City,False,
i6bl,Buddy’s Pancit Lucban at Longganisang Lucban - Araneta,Filipino,5.0,1182,Quezon City,True,5.0
i6c8,Mad Crab Seafood Restaurant - 173 Orchids,Seafood,0.0,0,Quezon City,False,
i6dt,Cafe Ben A Bien - Nicanor Domingo Street,Filipino,3.0,12,San Juan,True,3.0
i6ee,Newgen Facebuko & Fruit Shakes - Rey Marketing Compound,Fruit Shake,5.0,336,Pasig City,True,5.0
i6f7,Taco Bell - SM MOA,American,5.0,101,Pasay City,True,5.0
i6gh,Gelightfull Food To Go - Kinalumsan,Filipino,4.9,723,Lapu-Lapu City Cebu,True,4.9
i6gv,Ramen Keisuke Tori King - Corporate Plaza,Japanese,5.0,369,Taguig City,True,5.0
i6hv,Brothers Burger - WH Taft,Burgers,5.0,446,Manila,True,5.0
i6jq,Sa Balai Bistro Pizza -  Jose Abad Santos Street,Pizza,5.0,2011,Koronadal South Cotabato,True,5.0
i6kw,Tokyo Tokyo - Rufino,Japanese,5.0,2773,Makati City,True,5.0
i6oe,Tinuhog Ni Benny Barbecue House - Leon Guinto,Korean,5.0,5354,Pasay City,True,5.0
i6qe,Bacolod Chicken Inasal - One E-Com,Filipino,5.0,836,Pasay City,True,5.0
i6tk,Kusina Comfort Foods - Arzo Hotel Manila,Filipino,0.0,0,Manila,False,
i6uk,Lawson Cup & Go - Panay Ave,Coffee,5.0,89,Quezon City,True,5.0
i6v6,Peri-Peri Charcoal Chicken & Sauce Bar - Malolos,Chicken,4.9,208,Malolos Bulacan,True,4.9
i6vv,The Cafe Amigos,Beverages,4.9,67,San Juan,True,4.9
i6vz,Hey Charlie - Greenhills,Halo-Halo,0.0,0,San Juan,False,
i6vz,Hey Charlie - Palanca Street,Halo-Halo,0.0,0,Makati City,False,
i738,La Brasserie Philippines,Desserts,0.0,0,Makati City,False,
i73b,FIC (Fruits in Ice Cream) - Hagonoy Taguig,Ice Cream,5.0,132,Taguig City,True,5.0
i73m,Late Night Bowls - Longos Malolos,Rice Bowl,5.0,883,Malolos Bulacan,True,5.0
i73m,Late Night Bowls -Bulihan Mac Arthur Highway,Rice Bowl,5.0,855,Malolos Bulacan,True,5.0
i73t,Wrap Eat Cebu Pizza & Chicken - Bulacao,Pizza,0.0,0,Cebu City,False,
i79i,Basta Pasta - Kapitolyo,Pasta,4.9,175,Pasig City,True,4.9
i7ai,Lola's Ilocos Empanada - H Ventura Street,Western,5.0,615,Manila,True,5.0
i7j5,The Coffee Bar - GMall Toril,Coffee,4.8,39,Davao City Davao Del Sur,True,4.8
i7tv,Marina Seafood- Cubao,Fish,5.0,336,Quezon City,True,5.0
i7yz,Tapa King - Cardinal,Filipino,5.0,851,San Juan,True,5.0
i8co,Commonbrew Legarda Cafe - 2214 Legarda,Coffee,0.0,0,Manila,False,
i8cv,Mama Bing's Balbacua - Gensan Drive,Fast Food,4.9,466,Koronadal South Cotabato,True,4.9
i8ii,JDelicious - Mamay Road,Asian,4.5,493,Davao City Davao Del Sur,True,4.5
i8lx,Umai Shawarma - National Road,Shawarma,0.0,0,Muntinlupa City,False,
i8pb,Cinco Niñas Filipino Cuisine - P.A. Shell Station,Filipino,5.0,257,Koronadal South Cotabato,True,5.0
i8rn,J.CO Donuts & Coffee - Alabang Town Center,Donut,5.0,334,Muntinlupa City,True,5.0
i8ss,Jollibee - Robinsons Valencia,Fast Food,5.0,3129,Valencia Bukidnon,True,5.0
i8sz,My Thai Kitchen - Gateway Mall,Chicken,4.9,179,Quezon City,True,4.9
i8xu,i Darts DASH - BGC,Unknown,0.0,0,Taguig City,False,
i8y8,Smashed - Poblacion Makati,Burgers,5.0,59,Makati City,True,5.0
i8zq,Zagu - Ayala Malls Feliz,Beverages,5.0,250,Pasig City,True,5.0
i8zv,Wurma Shawarma - San Antonio Village,Indian,4.9,1183,Makati City,True,4.9
i8zz,Royaltea - South of Market,Beverages,5.0,502,Taguig City,True,5.0
i94g,3 Pizza Station - Raintree Mall,Pizza,4.9,126,Cebu City,True,4.9
i961,Drip Kofi - Concepcion,Coffee,5.0,193,Marikina,True,5.0
i9al,Libertea Milktea - Greenhills,Milk Tea,5.0,150,San Juan,True,5.0
i9b1,KaTea Milktea Hub - Bukidnon Street,Milk Tea,4.9,2182,Quezon City,True,4.9
i9f1,Rossopomodoro - Festival Mall,Italian,0.0,0,Muntinlupa City,False,
i9kf,Cold Sip,Beverages,0.0,0,Quezon City,False,
i9lv,Dampa Express - Britanny Square Building,Seafood,4.5,31,Quezon City,True,4.5
i9m5,Tokyo Tempura - Rolex St.,Japanese,4.7,10,Quezon City,True,4.7
i9qu,The Happy Chef - Makati,Filipino,0.0,0,Makati City,False,
i9s6,Amaga's Kitchen - Marikina,Filipino,0.0,0,Marikina,False,
i9sz,Brown Sugar Milk Tea - P. Rosales Street,Milk Tea,4.8,108,Manila,True,4.8
ia2c,Cha Tuk Chak - C5 Taguig,Milk Tea,5.0,2235,Taguig City,True,5.0
ia2x,Wendy's - Jemco Building C. Raymundo,Burgers,5.0,6693,Pasig City,True,5.0
ia76,Leo Pizza - Robinsons Place Manila,Pizza,5.0,78,Manila,True,5.0
iabu,Quickly - Market! Market!,Milk Tea,5.0,495,Taguig City,True,5.0
iac4,Starbucks - BPI Corporate Center,Coffee,5.0,642,Cebu City,True,5.0
iah7,Pink Heaven Bakeshop and Bistro - Villanueva Street,Cakes,0.0,0,Cebu City,False,
iahn,CNC Coffee,Coffee,4.9,14,Makati City,True,4.9
iaiv,Dadas Litson - Signal,Filipino,0.0,0,Taguig City,False,
iajr,Dosirakuya - Diliman,Fried Chicken,5.0,175,Quezon City,True,5.0
iao5,Milk Tea Safari - San Isidro,Milk Tea,4.9,297,Makati City,True,4.9
iao7,The Hull's Craft - Bocobo Commercial Center,Coffee,0.0,0,Manila,False,
iayi,Angel's Pizza - Avida Davao,Pizza,5.0,399,Davao City Davao Del Sur,True,5.0
ib16,Seoul Snack - Gyud Food Market at UP Food Hub,Rice Bowl,0.0,0,Quezon City,False,
ib1g,Don Robert Café,Coffee,0.0,0,Manila,False,
ib25,Juan Cafe - Project 6,Beverages,0.0,0,Quezon City,False,
ib29,Blendicious Cafe by Brisbane Street - Santan Street,Beverages,0.0,0,Marikina,False,
ib2b,Purple Cake Shop - Capitol Site,Cakes,5.0,754,Cebu City,True,5.0
ib2q,D' Original Pares - Zabarte,Filipino,5.0,1483,Quezon City,True,5.0
ib4d,Nono's - Arcovia,Sandwiches,4.8,18,Pasig City,True,4.8
ib5g,Cha Tuk Chak - Cebu IT Park,Milk Tea,5.0,809,Cebu City,True,5.0
ib5z,Habhab - Bulacao,Ulam,0.0,0,Cebu City,False,
ib9c,Txoya Taqueria - One Paseo,Wraps,0.0,0,Cebu City,False,
ibgw,Mangotap Dessert House,Fruit Shake,0.0,0,Lapu-Lapu City Cebu,False,
ibic,DEKADA 8090 RESTO BAR - 1 BANSALANGIN ST.,Ulam,0.0,0,Quezon City,False,
ibji,Potato Corner - Lab 2,Fries,4.9,305,Taguig City,True,4.9
ibjr,Healthy To Go - Ortigas,Healthy,0.0,0,Mandaluyong City,False,
ibk8,Pizza Sisters - Shangrila  BGC,Pizza,5.0,41,Taguig City,True,5.0
ibpd,Mexican Taqueria - Enriquez Street,Snacks,0.0,0,Makati City,False,
ibr7,Waku Waku - Poblacion Makati,Sushi,4.8,15,Makati City,True,4.8
ibti,Dolora’s Hauz Of Pancit Malabon - Leveriza,Pancit,5.0,312,Pasay City,True,5.0
ibu0,Fruitas - Robinsons Place Ormoc,Fruit Shake,5.0,30,Ormoc Leyte,True,5.0
ibvi,Jack's Fresh Lemonade - Market Market,Milk Tea,5.0,50,Taguig City,True,5.0
ibww,CoCo Fresh Tea & Juice - Venice Grand Mall,Milk Tea,5.0,6616,Taguig City,True,5.0
ica6,TIFFIN Delivery and Takeout - Capitol Site,Ulam,0.0,0,Cebu City,False,
icne,Causeway Seafood Restaurant - Banawe Street,Chinese,5.0,697,Quezon City,True,5.0
icpx,Ramenboi and Steakhouse - Batitinan,Japanese,5.0,289,Ormoc Leyte,True,5.0
icv8,Nixx Food and Drink - Bangkal,Fruit Shake,4.0,1,Davao City Davao Del Sur,True,4.0
icvy,Siomai House - Puregold Guguinto,Siomai,5.0,113,Malolos Bulacan,True,5.0
icw9,Farmery Cafe – Glorietta 4,Western,4.1,63,Makati City,True,4.1
icx8,Cow Wow Sausage Haus - Noval,American,4.9,10,Manila,True,4.9
iczo,Gustoka Coffee - Talamban Times Square,Coffee,5.0,49,Cebu City,True,5.0
id0s,Dencio's - Maria Orosa,Rice Bowl,0.0,0,Manila,False,
id5w,Zark's Burgers - SM Megamall,American,5.0,238,Mandaluyong City,True,5.0
id5y,Koomi - Sun Mall,Beverages,5.0,311,Quezon City,True,5.0
id8u,SUPERDAX 24/7 - Scout Ybardolaza,Filipino,4.8,61,Quezon City,True,4.8
ida4,Hobby Stadium - Dona Hemady,Filipino,0.0,0,Quezon City,False,
idbi,Yeah Chao Fan - Trium Square,Rice Dishes,5.0,186,Pasay City,True,5.0
idey,Bliss Place,Asian,4.8,382,Ormoc Leyte,True,4.8
idl6,Blvck Cafe - SM by the Bay,Beverages,4.8,11,Pasay City,True,4.8
idu9,Master Don X JustKitchen - Commonwealth,Japanese,5.0,237,Quezon City,True,5.0
idxx,Gang Gang Boneless Fried Chicken - Holy Spirit,Fried Chicken,5.0,299,Quezon City,True,5.0
idy7,MOONLOVE - E Rodriguez,Pizza,4.9,26,Quezon City,True,4.9
ie0p,Cafe Felisa - Aloha Hotel,Asian,5.0,24,Manila,True,5.0
ie7k,Osep colet tapisilogan,Asian,0.0,0,Manila,False,
ie7p,Dot Coffee - Podium Mall,Coffee,5.0,290,Mandaluyong City,True,5.0
ie87,Mixue Ice Cream & Tea - Arnaiz Libertad,Milk Tea,5.0,138,Pasay City,True,5.0
ie8e,Gong cha - SM Dagupan,Beverages,5.0,413,Dagupan Pangasinan,True,5.0
iees,Kape'2Go Tea House - A T Reyes,Coffee,0.0,0,Mandaluyong City,False,
ieqa,Mabini BBQ Haus - Kilometer 5 Buhangin,BBQ,0.0,0,Davao City Davao Del Sur,False,
if6a,Izakaya Est. 2024 - Dr Alejos Street,Ramen,5.0,16,Quezon City,True,5.0
if84,Rocco's Pizza - Quezon City,Pizza,4.9,10,Quezon City,True,4.9
ifd1,CLYDE'S ICE CREAM ROLL,Desserts,0.0,0,Cebu City,False,
iffn,Show My Siomai - V1be City,Siomai,0.0,0,Cebu City,False,
ifh1,Mixue Ice Cream & Tea - Boni Avenue,Milk Tea,5.0,434,Mandaluyong City,True,5.0
ifka,Next Drink Detox - Cubao,Beverages,0.0,0,Quezon City,False,
ifm8,Caffè Difffy - Molina Street,Coffee,5.0,12,Marikina,True,5.0
ifrv,Mom's Ube & Triple Chocolate Champorado - Gaisano Country Mall Cebu,Filipino,4.9,15,Cebu City,True,4.9
ifzk,Enteng Cheese'desal - Zamora,Bread,5.0,35,Dagupan Pangasinan,True,5.0
ig1c,Popeyes Chicken - Vista Mall Taguig,Chicken,5.0,2401,Taguig City,True,5.0
ig3e,Soul Good - Noah and Eve Center,Coffee,0.0,0,Pasig City,False,
igaj,Greyhound - SM MOA (pandago),Thai,0.0,0,Pasay City,False,
igcw,Lugaw Pilipinas - San Roque Marikina,Filipino,4.9,128,Marikina,True,4.9
iggf,Taho Story - Ayala Malls Feliz,Filipino,0.0,0,Pasig City,False,
iggq,RYU - Project 6,Fried Chicken,0.0,0,Quezon City,False,
igpg,Wright Wings - Conneticut,Chicken Wings,0.0,0,Mandaluyong City,False,
igpp,Sushi 101 Kitchen  - Remerville,Sushi,4.9,116,Quezon City,True,4.9
igv9,Bossing Kambal Pizza A C Herrera - Manila,Pizza,0.0,0,Manila,False,
igwm,Lé Reale Caffé,Coffee,0.0,0,Pasay City,False,
igzc,PAPAS Chicken Pork - Kapitolyo,Chicken,0.0,0,Pasig City,False,
igzd,Draft Coffee by Lew's - Bel Air,Beverages,5.0,10,Makati City,True,5.0
ih1x,Vhine's Kitchenette - Peter Street,Cakes,0.0,0,Davao City Davao Del Sur,False,
ihbl,Malou's Indian Food Counter - Nasipit,Indian,4.7,233,Cebu City,True,4.7
ihbu,Manam's Pancit Pancitan - Katipunan,Filipino,5.0,32,Quezon City,True,5.0
ihfn,Taco Boy - SPMC,Pasta,5.0,312,Davao City Davao Del Sur,True,5.0
ihkp,PAUL Boulangerie and Patisserie - Robinsons Opus Mall,Italian,0.0,0,Quezon City,False,
ihrk,Milktea Central - Karangalan Village,Milk Tea,5.0,114,Pasig City,True,5.0
ihv1,Gyu-Kaku Japanese BBQ - GH Mall,BBQ,0.0,0,San Juan,False,
ihy4,Wings Counter - Malate,Chicken Wings,4.6,19,Pasay City,True,4.6
ihzz,Kuta Balwarte - Alabang,Chicken Wings,5.0,224,Muntinlupa City,True,5.0
iia0,Banapple - Shangri-la,Cakes,4.9,57,Mandaluyong City,True,4.9
iilm,The Sundry Food Hall (Mx and Match) - España,Asian,0.0,0,Manila,False,
iimn,Go Coffee - Katarungan Village,Coffee,0.0,0,Muntinlupa City,False,
iir7,Ok Bob - Mall Of Asia,Shawarma,0.0,0,Pasay City,False,
iisr,Noodle House - Shaw Center Mall,Asian,0.0,0,Mandaluyong City,False,
ij0c,BOK Korean Fried Chicken – California Garden Square,Chicken Wings,5.0,48,Mandaluyong City,True,5.0
ij15,SharEat Davao (Samgyupsal Store) -  Matina Aplaya Road,Rice Bowl,4.9,262,Davao City Davao Del Sur,True,4.9
ij1v,Acapulco's Mexican grill - Mabolo,Wraps,4.8,217,Cebu City,True,4.8
ij72,MOMOYO - Ortigas Saint Francis Square,Ice Cream,4.8,39,Pasig City,True,4.8
ij7q,Kumori - SM Mall of Asia,Snacks,0.0,0,Pasay City,False,
ijdm,Providore - Serendra,Kare Kare,0.0,0,Taguig City,False,
ijeo,Master’s Zushi Food Store - Bonny Serano,Sushi,5.0,14,Quezon City,True,5.0
ijkd,Tako Za - Limay St,Sushi,5.0,39,Manila,True,5.0
ijt9,Purple Yam Cebu - Punta Princesa,Cakes,5.0,286,Cebu City,True,5.0
ijul,The Hungry Pita - Cubao Call Out Food Hub,Asian,0.0,0,Quezon City,False,
ijwu,Taho Story - Century City Mall,Filipino,0.0,0,Makati City,False,
ik0j,Wicked Wings - Granada Street,Chicken Wings,0.0,0,Quezon City,False,
ik0x,Brownies Unlimited - SM City Cebu,Desserts,5.0,357,Cebu City,True,5.0
ik10,Kuyang Coffee Shop - J. Alcantara Street,Coffee,4.9,86,Cebu City,True,4.9
ik1a,Daily Grind Cafe - Boulevard,Coffee,0.0,0,Davao City Davao Del Sur,False,
ik2y,Pan De Manila - California Garden Square,Bread,5.0,92,Mandaluyong City,True,5.0
ikan,Paradize Restaurant and Bar - Verve Point Talamban,Thai,0.0,0,Cebu City,False,
ikc0,De Original Jamaican Pattie Shop and Juice Bar & Johnn Lemon - RCBC Plaza,Fruit Shake,5.0,38,Makati City,True,5.0
ikfa,Tagpuan - Bagbag,Pizza,4.5,287,Quezon City,True,4.5
ikm4,Purefoods TJ Hotdog - Paco Market Mall,Filipino,0.0,0,Manila,False,
iko8,"But First, Coffee - Tondo",Coffee,5.0,703,Manila,True,5.0
ikom,Anyhow Inasal - San Marcelino,BBQ,5.0,45,Manila,True,5.0
ikpo,Mr & Mrs Baker - Bohol st.,Coffee,0.0,0,Manila,False,
ikvl,Tagala Chicken Butterfly - Opon,Fried Chicken,4.8,87,Lapu-Lapu City Cebu,True,4.8
ikxf,E & E's Takuyaki - Gaisano Capital,Takoyaki,5.0,221,Cebu City,True,5.0
ikxt,Happy N' Healthy - Quezon City,Salads,4.9,279,Quezon City,True,4.9
il63,EPEP's & JP's FOOD STORE - Sampaloc Manila,Rice Bowl,5.0,38,Manila,True,5.0
il85,Chicky Bites - Pres. Quirino,Fried Chicken,5.0,30,Cebu City,True,5.0
ild4,Porchetta Express - Taguig,Filipino,5.0,35,Taguig City,True,5.0
ilif,Grill Shack Barbecue - ML Quezon National Highway,Asian,4.7,17,Lapu-Lapu City Cebu,True,4.7
ilj8,Potato Giant - Makati,Fries,4.9,13,Makati City,True,4.9
ilj8,Kambal Patatas Food Stall,Fries,0.0,0,Makati City,False,
ilkj,LGBT - Paombong,Filipino,5.0,1419,Malolos Bulacan,True,5.0
ilm8,Cocopan - Gastambide,Coffee,5.0,290,Manila,True,5.0
ilop,Bicho Bites Cafe - Remedios Street,Coffee,0.0,0,Manila,False,
ilpr,Taters - SM MOA Gamepark,Snacks,0.0,0,Pasay City,False,
ilrh,The Daily Habit - Maginhawa Street,Coffee,5.0,102,Quezon City,True,5.0
iltp,XNY events place unli wings & restaurant - Cabantian La Verna Hill,Filipino,0.0,0,Davao City Davao Del Sur,False,
ilv3,Eleanor's Bakeshop,Unknown,0.0,0,Taguig City,False,
ily3,Fiesta Inasal - Ususan,Ulam,4.9,178,Taguig City,True,4.9
im0f,The HOB: The House Of Bagnet - Makati,Filipino,5.0,924,Makati City,True,5.0
im5u,Shawarma Buddies A.C. Herrera - Manila,Shawarma,0.0,0,Manila,False,
im89,Max's Corner Bakery - Muntinlupa,Cakes,5.0,29,Muntinlupa City,True,5.0
imdc,MASHITA 24 - Banilad,Korean,5.0,1456,Cebu City,True,5.0
imdc,Myeongdong 24 - Banilad,Korean,5.0,1370,Cebu City,True,5.0
imgf,Lemonemo - Urgello Street,Snacks,0.0,0,Cebu City,False,
immo,Golden Fortune Seafood Restaurant - Kalaw,Filipino,4.3,39,Manila,True,4.3
imql,Daylight Sushi,Sushi,0.0,0,Manila,False,
imsb,Wing Bomb Korean Chicken Wings - General Estrella,Fried Chicken,4.9,826,Makati City,True,4.9
imuu,Mang Domeng's Bibingka - Puregold Shaw Blvd,Cakes,4.9,22,Mandaluyong City,True,4.9
imxa,Hen Lin - Medical City,Siomai,0.0,0,Pasig City,False,
in52,Haydee's KTV and Restobar - MsMe Arcade,Japanese,0.0,0,Lapu-Lapu City Cebu,False,
in9o,Sulit Shawarma! - Marikina Heights,Shawarma,4.8,451,Marikina,True,4.8
inak,Brooklyns New York Pizza -  Pasig,Pizza,5.0,61,Pasig City,True,5.0
indm,Doppio Coffee - Cebu Yacht Club,Coffee,5.0,121,Lapu-Lapu City Cebu,True,5.0
indo,BigBrew - Maybunga Pasig,Beverages,4.9,50,Pasig City,True,4.9
ingn,JRC Famous Fishball - Concepcion Uno,Snacks,4.8,25,Marikina,True,4.8
ini7,LowCal Salad + Wraps - City Times Square Mactan,Salads,5.0,382,Lapu-Lapu City Cebu,True,5.0
inj6,Saige - Malolos,Rice Bowl,4.9,14,Malolos Bulacan,True,4.9
ink6,Bad Bird - The Grid Rockwell,Fried Chicken,4.8,119,Makati City,True,4.8
inlg,Jelly G Thai Milk Tea - Market Market,Milk Tea,4.9,58,Taguig City,True,4.9
ino3,Mers Paluto - Mactan Alfresco,Filipino,4.9,782,Lapu-Lapu City Cebu,True,4.9
inop,Farmery Resto - Estancia Mall at Capitol Commons,Western,5.0,64,Pasig City,True,5.0
inp5,Stella's Pizza - Centennial 2A,Pizza,5.0,70,Pasig City,True,5.0
inv5,Ling Nam Fried Siopao - Fishermall,Bread,0.0,0,Quezon City,False,
io03,Nono's - Gateway,Sandwiches,4.8,42,Quezon City,True,4.8
io5u,FR Coffee House - Davao,Coffee,0.0,0,Davao City Davao Del Sur,False,
io8g,Quickly - Ever Gotesco Commonwealth Center,Milk Tea,5.0,226,Quezon City,True,5.0
io92,Red Table - RCBC Plaza,Korean,5.0,1038,Makati City,True,5.0
iodl,Domino's Pizza - Greenfield District,Pizza,4.9,1342,Mandaluyong City,True,4.9
iofw,Cha Tuk Chak - Matina,Milk Tea,5.0,1985,Davao City Davao Del Sur,True,5.0
ioj8,Subway - MRT Ayala,Sandwiches,4.9,283,Makati City,True,4.9
iomn,Tip-Top Finest Yogurt Drink - Gaisano Mall,Fruit Shake,0.0,0,Davao City Davao Del Sur,False,
ion1,Arabian Wrap n Grill - Madison Galleries Lifestyle Mall,Shawarma,5.0,33,Muntinlupa City,True,5.0
ionk,Wicked Wings - Alabang Zapote Road,Chicken Wings,5.0,14,Muntinlupa City,True,5.0
iowf,Mario's - Tomas Morato,Western,4.2,107,Quezon City,True,4.2
ioww,The Millas Cafe - 48 Imperial Street,Filipino,0.0,0,Quezon City,False,
ip1m,MT'S Caffeine Connection coffee house,Unknown,0.0,0,Marikina,False,
ip47,Sinjeon Topokki - Skyrise 1,Korean,5.0,199,Cebu City,True,5.0
ip6a,Chixstar Grill House - North Signal Village,Chicken,5.0,158,Quezon City,True,5.0
ip6q,Boulanger by InstaBread - Juna,Ulam,0.0,0,Davao City Davao Del Sur,False,
ipaw,Juan Cafe - Old Sauyo Road,Beverages,0.0,0,Quezon City,False,
ipct,"Auntie's Bakery, Restaurant & More - Mayor Gil Fernando Ave",Desserts,0.0,0,Marikina,False,
ipfc,Halo-Halo Snack Bar - Deca Homes Indangan,Halo-Halo,5.0,16,Davao City Davao Del Sur,True,5.0
ipn9,Tito Rhem's Cafe - Quezon City,Coffee,0.0,0,Quezon City,False,
ipve,Garaje grill asturias,Italian,5.0,16,Manila,True,5.0
ipwf,Eggs & Sunrise - SM Light Mall,Korean,5.0,686,Mandaluyong City,True,5.0
iq38,HYGGE Coffee - Jacinto,Coffee,0.0,0,Davao City Davao Del Sur,False,
iq43,Starbucks - O Square,Coffee,5.0,1379,San Juan,True,5.0
iq7r,Kumori - Lucky Chinatown,Snacks,5.0,19,Manila,True,5.0
iq8r,Oishii Ramen Bai - Pasay City,Japanese,4.7,12,Pasay City,True,4.7
iqdb,Master Gaw 24/7 - Pasig,Filipino,5.0,817,Pasig City,True,5.0
iqez,Healthy Lemon - Robinsons Metro East,Fruit Shake,0.0,0,Pasig City,False,
iqfh,GoBento - Festival,Japanese,4.9,150,Muntinlupa City,True,4.9
iqhx,Chill Eat Cafe -Sun Rise Ville,Beverages,0.0,0,Taguig City,False,
iqhy,Bao Bao Milk Tea - BGC,Milk Tea,4.9,147,Taguig City,True,4.9
iqim,Great Greens: Salad & Grains - Quezon Avenue,Salads,5.0,115,Quezon City,True,5.0
iqkm,Rice and Shine - BGC,Silog,5.0,1186,Taguig City,True,5.0
iqky,Master Gaw 24/7 - Marikina,Ulam,5.0,251,Marikina,True,5.0
iqlr,The Aristocrat Restaurant - Jupiter Street,Filipino,5.0,1654,Makati City,True,5.0
iqml,Ladylynx Food & Milktea Hub - Savemore Market Sikatuna,Milk Tea,4.8,156,Quezon City,True,4.8
iqpm,Fiamma Pizza & Cookie Jar - Sampaloc Street,Pizza,5.0,294,Davao City Davao Del Sur,True,5.0
iqqv,"FARMHAUS KITCHEN AND MEATSHOP - Magallanes St., Makati",Filipino,4.7,49,Makati City,True,4.7
iqqy,POPS Wings and Ribs - Russet Street,Silog,0.0,0,Marikina,False,
iqu7,816 Coffee & Milktea - Goodwill Homes,Coffee,5.0,110,Quezon City,True,5.0
iqun,Moai Tai Nai Foodhouse - Project 4,Snacks,0.0,0,Quezon City,False,
ir0n,Rose Topokki - Circuit Makati,Desserts,5.0,188,Makati City,True,5.0
ir1j,JOE-SA PARES & SISIG -CARRETA,Filipino,0.0,0,Cebu City,False,
ir3m,Louie's Buko - Commonwealth,Fruit Shake,4.9,21,Quezon City,True,4.9
ir7t,Go Do - Lifehomes,Fruit Shake,4.1,38,Pasig City,True,4.1
ir88,New York Buffalo Brads' Hot Wings - SM City Cebu,Chicken,0.0,0,Cebu City,False,
ir8d,Meats & Deli Cafe - The Grove by Rockwell,Snacks,0.0,0,Pasig City,False,
ircu,Avrilaclair Café - Tree House,Filipino,5.0,287,Cebu City,True,5.0
ire0,Sarah's Bakehouse - SM Manila,Coffee,0.0,0,Manila,False,
irn5,Fish2Go - Putatan,Seafood,5.0,88,Muntinlupa City,True,5.0
irn7,Burrito MNL - Market Market,Wraps,0.0,0,Taguig City,False,
irx4,Señor Birria - Barangay Palatiw,Western,4.9,766,Pasig City,True,4.9
is08,Kaldi Coffee - P Campa,Coffee,4.9,14,Manila,True,4.9
is1i,M Bakery - Mitsukoshi BGC,Cakes,0.0,0,Taguig City,False,
is3b,Conti's Take Out Nook (Kiosk) - Festival Mall,Cakes,5.0,307,Muntinlupa City,True,5.0
is3j,S+W Cafe - Shaw Boulevard,Coffee,0.0,0,Mandaluyong City,False,
is6a,3M Pizza - Rosario Pasig,Pizza,0.0,0,Pasig City,False,
is7t,Sa Dahon - California Garden Square,Filipino,0.0,0,Mandaluyong City,False,
is8y,Liu Liu Milktea - Marikina,Milk Tea,5.0,352,Marikina,True,5.0
isgv,Gustaco - Champaca Street,Unknown,4.9,18,Marikina,True,4.9
isl2,Cbs Kitchen Homemade Food Retailing - Deca Homes,Wraps,5.0,86,Davao City Davao Del Sur,True,5.0
isms,Boomdogs - J.P. Rizal Tejeros,American,4.9,59,Makati City,True,4.9
istg,Panaderro - Greenbelt 5,Cakes,0.0,0,Makati City,False,
isvw,Milky Cakes & Sweets Commissary - Diliman,Cakes,5.0,80,Quezon City,True,5.0
iswm,Dadudz Unliwings Marikina - Lilac Street,Chicken Wings,4.9,162,Marikina,True,4.9
isz9,Sisig Hooray - Kaginhawaan Street,Sisig,5.0,278,Pasig City,True,5.0
it0s,Monster Wings - Waltermart Makati,Chicken Wings,4.8,35,Makati City,True,4.8
it4f,Family Fried Chicken - Tomas Morato,Chicken,5.0,483,Quezon City,True,5.0
itak,Mango Smootea - Project 8,Beverages,0.0,0,Quezon City,False,
itb1,"Uncle Bob Restaurant, Seafood BBQ and Grill - Shangs Mactan Town",Seafood,0.0,0,Lapu-Lapu City Cebu,False,
itfz,Mixue Ice Cream & Tea - Parklea Center Shaw,Milk Tea,5.0,225,Mandaluyong City,True,5.0
itm3,Fika Cafe - Buhangin,Coffee,5.0,198,Davao City Davao Del Sur,True,5.0
itmc,Coffee Buddy - Elysh Food Hub,Coffee,5.0,10,Makati City,True,5.0
itnq,Dampa Express  - Crossroad Park Restaurant,Seafood,5.0,17,Quezon City,True,5.0
iuaa,One Zo Tapioca - Festival Mall,Milk Tea,5.0,310,Muntinlupa City,True,5.0
iuld,Wright Wings – SM Lanang,Chicken Wings,4.8,79,Davao City Davao Del Sur,True,4.8
iuv5,Rico's Lechon - Greenhills,Filipino,0.0,0,San Juan,False,
iuvt,House of Fruitas - SM Center Ormoc,Fruit Shake,5.0,122,Ormoc Leyte,True,5.0
iuw4,Food Diaries - Lahug,Cakes,4.7,12,Cebu City,True,4.7
iuy6,Redbox Pizza - sct chuatoco,Pizza,4.9,77,Quezon City,True,4.9
iv3h,Dapogan - Pusok,Filipino,4.9,444,Lapu-Lapu City Cebu,True,4.9
iv3t,Sebu Cha - War Veterans,Asian,5.0,818,Ormoc Leyte,True,5.0
iv4h,CAFE SEVENTY SIX,Beverages,0.0,0,Makati City,False,
iv5e,Siomai House - Soldiers Hills,Siomai,4.9,24,Muntinlupa City,True,4.9
iv9h,Happy Cup - Lucky China Town Mall,Milk Tea,5.0,183,Manila,True,5.0
ivej,Kingsum - LG Garden,Chinese,0.0,0,Lapu-Lapu City Cebu,False,
ivo9,Dejabrew Coffee Shop - Masangkay Street,Coffee,5.0,57,Manila,True,5.0
ivpf,Daylight Cafe - CEU Malolos Branch,Coffee,5.0,151,Malolos Bulacan,True,5.0
ivph,Happy Chooks - Pasay,Fried Chicken,4.7,26,Pasay City,True,4.7
ivw1,Mangan - Robinsons Galleria,Ulam,4.9,129,Quezon City,True,4.9
ivxh,Chatime - Landmark Food Center,Milk Tea,5.0,260,Makati City,True,5.0
ivym,The Lost Bread - Pasig Main Branch,Ice Cream,0.0,0,Pasig City,False,
ivze,Cha Tuk Chak - Nova Plaza Mall,Milk Tea,5.0,48,Quezon City,True,5.0
iw26,B1T1 Takeaway Coffee - 6 E.Rod,Coffee,5.0,36,Quezon City,True,5.0
iw4i,Calle Jose - Malolos,Filipino,4.4,11,Malolos Bulacan,True,4.4
iw7h,Fryed - Don B Benedicto Road,Chicken,5.0,19,Cebu City,True,5.0
iwcm,Coffee Tiffany - Barangay Guadalupe,Coffee,5.0,19,Cebu City,True,5.0
iwf1,Tea Heaven - Mintal,Milk Tea,5.0,521,Davao City Davao Del Sur,True,5.0
iwgr,Goto Topps - Ayala Malls Marikina,Filipino,4.9,10,Marikina,True,4.9
iwi9,Tubo Sugarcane Juice Shop - NCCC Mall VP,Fruit Shake,0.0,0,Davao City Davao Del Sur,False,
iwj5,Fusion Ramen - Sta. Ana,Ramen,5.0,20,Manila,True,5.0
iwkr,Cha Cha Milktea - Enriquez Street,Milk Tea,0.0,0,Makati City,False,
iwmh,Gungjeon Cafe - Signal Village,Korean,0.0,0,Taguig City,False,
iwph,LEMON CRUSH 手打柠檬 - Chino Rocess,Filipino,0.0,0,Makati City,False,
ix18,Bulalo World - Timog Avenue,Soups,5.0,709,Quezon City,True,5.0
ix4m,Army Navy - Connecticut,Burgers,0.0,0,Mandaluyong City,False,
ix80,Mukbang Korean Chicken & Topokki - Sampaloc Street,Korean,5.0,237,Makati City,True,5.0
ixb0,Ikkoryu Fukuoka Ramen - SM Megamall,Ramen,4.9,301,Mandaluyong City,True,4.9
ixf5,Seattle's Best - Trium Square,Coffee,5.0,87,Pasay City,True,5.0
ixfo,Brew Ridge Cafe - Blue Ridge B,Beverages,0.0,0,Quezon City,False,
ixmn,The Lobby MNL,Filipino,0.0,0,Makati City,False,
ixva,Koomi - SM City East Ortigas,Beverages,5.0,254,Pasig City,True,5.0
ixw3,Urbanica Milk Coffee - Marikina,Beverages,5.0,287,Marikina,True,5.0
iy0h,Jenny's Restaurant - F. Torres st,Filipino,4.6,16,Davao City Davao Del Sur,True,4.6
iy2b,Bo's Coffee - San Juan,Coffee,5.0,1077,San Juan,True,5.0
iy4m,Sisig Sa Wrap - Sampaloc,Sisig,5.0,520,Manila,True,5.0
iy9z,Heavenly Desserts By Chef Jeng Sy Flores - Midtown Marikina,Cakes,5.0,161,Marikina,True,5.0
iyfw,BeanThere.,Desserts,0.0,0,Davao City Davao Del Sur,False,
iyi0,Ben Mozzarella - Sampaloc,Pizza,4.9,203,Manila,True,4.9
iyie,Ate Rica's Bacsilog - Ayala Fairview Terraces,Silog,5.0,56,Quezon City,True,5.0
iz0k,24/7 Eats - Marikina Heights,Shawarma,5.0,1660,Marikina,True,5.0
izag,Chimmy x Giga Takoyaki - CEU Malolos,Milk Tea,5.0,266,Malolos Bulacan,True,5.0
ize0,Safe Place Cafe - Lorega,Coffee,0.0,0,Cebu City,False,
izj9,Chicken GoGo- Quezon City,Fried Chicken,0.0,0,Quezon City,False,
izms,Alial Kabab Halal Food Restaurant - Guinhawa,Indian,4.9,1241,Malolos Bulacan,True,4.9
izot,Ice Monkees - SM Seaside,Ice Cream,0.0,0,Cebu City,False,
izqv,Don Benito's - Loyola,Cakes,5.0,171,Manila,True,5.0
izyc,Rita's - Uptown Mall BGC,Desserts,0.0,0,Taguig City,False,
j05a,Cake Me Home Pastry Shop - Tres de Abril Street,Bread,5.0,196,Cebu City,True,5.0
j09y,Lugaw Daddy - BGC,Porridge,4.9,216,Taguig City,True,4.9
j0a5,Rice and Shine - Fairview,Silog,5.0,587,Quezon City,True,5.0
j0ab,Shanelle Shawarmaa - Diliman,Filipino,4.5,342,Quezon City,True,4.5
j0au,Tokyo Tokyo - SM Marikina,Japanese,4.9,567,Marikina,True,4.9
j0en,Master Siomai - Victory Mall Pasay,Siomai,5.0,108,Pasay City,True,5.0
j0gq,HODUPOPS - Poblacion,Korean,0.0,0,Makati City,False,
j0hb,My Thai Kitchen - Netpark,Chicken,4.9,370,Taguig City,True,4.9
j0hz,King Sisig - Metropoint Mall,Sisig,4.9,1240,Pasay City,True,4.9
j0it,TK Takoyaki - Victory Pasay Mall,Takoyaki,1.5,42,Pasay City,True,1.5
j0iw,Corazon - Shangri-La Plaza,Filipino,4.9,101,Mandaluyong City,True,4.9
j0js,Seoul Train Korean BBQ - Sergeant Esguerra,Korean,4.9,206,Quezon City,True,4.9
j0kv,Little India Healthy Cuisine - Diliman,Indian,5.0,835,Quezon City,True,5.0
j0n7,Sisig sa Rada - Barangay Mariana,Sisig,4.9,233,Quezon City,True,4.9
j0op,MRB Fruitshake - Pureza,Fruit Shake,5.0,3546,Manila,True,5.0
j0qa,Shawarma Avenue - Sitio Veterans,Shawarma,4.7,26,Quezon City,True,4.7
j0qh,Pho Chai - Juan Luna Street,Noodles,5.0,11,Manila,True,5.0
j0qv,Max Mango - Eusebio Avenue Kenneth Road,Milk Tea,5.0,1457,Pasig City,True,5.0
j0sv,Renxo's Coffee Shop - Emerald Street,Coffee,0.0,0,Makati City,False,
j0zx,AiCha Tea Station -  Bangkal,Milk Tea,5.0,886,Davao City Davao Del Sur,True,5.0
j106,Café 2628 - Tramo,Coffee,5.0,84,Pasay City,True,5.0
j19x,Manam's Pancit Pancitan - Lucky Chinatown,Filipino,5.0,47,Manila,True,5.0
j1bn,Wingboss - Matina,Filipino,4.9,232,Davao City Davao Del Sur,True,4.9
j1ef,Mang Inasal - SM Ormoc,Chicken,5.0,2572,Ormoc Leyte,True,5.0
j1ie,Cluck Sarap - Maguikay Mandaue,Chicken,5.0,22,Cebu City,True,5.0
j1r4,FOSS Coffee - Merville,Coffee,4.6,10,Pasay City,True,4.6
j1u2,Smokin Abby Cafe - Gaisano Mactan Parking,Coffee,0.0,0,Lapu-Lapu City Cebu,False,
j1um,Siomai House - Tutuban Center,Siomai,5.0,112,Manila,True,5.0
j1xt,Tokyo Tokyo - SM Lanang,Japanese,5.0,1314,Davao City Davao Del Sur,True,5.0
j22z,Open Kitchen To-Go - Banilad,Rice Bowl,5.0,150,Cebu City,True,5.0
j23o,TRANSIT BY SUVITA,Fried Chicken,0.0,0,Quezon City,False,
j24u,Paotsin - Robinsons Supermarket Acacia Escalades,Asian,0.0,0,Pasig City,False,
j25f,Mestizaje Cafe - Malolos,Corndogs,0.0,0,Malolos Bulacan,False,
j29e,Sundays Gelato - Shangri-La,Ice Cream,0.0,0,Mandaluyong City,False,
j2bs,Tokyo Tokyo - SM Dagupan,Japanese,4.9,1593,Dagupan Pangasinan,True,4.9
j2cp,Nonki Japanese Restaurant - A.S. Fortuna,Japanese,5.0,469,Cebu City,True,5.0
j2cw,Katherine's Cafe - ATC Muntinlupa,Healthy,0.0,0,Muntinlupa City,False,
j2d3,Buffalo's Wings N' Things - SM Center Pasig,Chicken Wings,5.0,110,Pasig City,True,5.0
j2ia,Frapatea - Balut,Milk Tea,4.9,1459,Manila,True,4.9
j2n2,Paris Baguette - SM North Edsa,Cakes,0.0,0,Quezon City,False,
j2o3,Black Pearl - Super Metro Mambaling,Milk Tea,5.0,135,Cebu City,True,5.0
j2s3,Old China Dimsum House  - Marikina,Dim Sum,5.0,383,Marikina,True,5.0
j2uj,Pixie's Sinugba - Xavierville Avenue,Seafood,5.0,596,Quezon City,True,5.0
j2wz,Nelmaris Pancit Cabagan - Batasan Hills,Filipino,0.0,0,Quezon City,False,
j2z3,DIMSUMZ2GO RESTAURANT- Sta Cruz Manila,Chinese,0.0,0,Manila,False,
j351,Mangoflix - Marikina,Fruit Shake,0.0,0,Marikina,False,
j39s,Zofi Fruit Shakes - Bago Bantay,Asian,4.8,454,Quezon City,True,4.8
j3a1,Cello's Doughnuts - Molito,Donut,5.0,117,Muntinlupa City,True,5.0
j3a7,Tokyo Tempura - Shell Cayetano Boulevard 2,Japanese,5.0,46,Taguig City,True,5.0
j3ci,Aling Banang - Vito Cruz,Filipino,4.8,1979,Makati City,True,4.8
j3hs,Master Siomai - Farmers Dampa,Filipino,5.0,19,San Juan,True,5.0
j3hu,HotCup,Asian,0.0,0,Marikina,False,
j3i1,Zestea Sips - Southgate Mall,American,0.0,0,Makati City,False,
j3lb,Red Ribbon - Robinsons Ormoc,Cakes,5.0,225,Ormoc Leyte,True,5.0
j3qt,The Assembly Bistro - Scout Rallos,Fast Food,0.0,0,Quezon City,False,
j3ss,Pancake House - Wilcon City Center,American,5.0,427,Quezon City,True,5.0
j3t9,Lechoneria - SM Seaside,Lechon,4.9,15,Cebu City,True,4.9
j3ul,La Chinesca - The Grid Food Market,Western,4.9,198,Makati City,True,4.9
j3vd,Samgyupsal and Chicken Korean Restaurant - Catalunan Grande,Korean,4.9,285,Davao City Davao Del Sur,True,4.9
j40q,BBQ Chicken - SM Megamall,Fried Chicken,4.7,55,Mandaluyong City,True,4.7
j429,Le Katsu Mnl - IT Park,Japanese,4.9,125,Cebu City,True,4.9
j431,Fifteenth Café -Holy Spirit Drive,Western,5.0,139,Malolos Bulacan,True,5.0
j4cb,Katsuyaki - Muntinlupa,Japanese,0.0,0,Muntinlupa City,False,
j4cr,Cheesu PH - Megamall,Snacks,4.7,29,Mandaluyong City,True,4.7
j4fm,Candy Corner - Glorietta 1,Desserts,4.8,14,Makati City,True,4.8
j4hm,MAFS Delivery -Pasay,Chicken Wings,4.8,227,Pasay City,True,4.8
j4lu,Pho Hoa - Shangri-La,Noodles,5.0,592,Mandaluyong City,True,5.0
j4n1,24 Chicken - Congressional,Fried Chicken,5.0,9586,Quezon City,True,5.0
j4rm,Max's Restaurant - Buting,Chicken,5.0,479,Pasig City,True,5.0
j4rx,Maktub Cafe - Maa,Coffee,0.0,0,Davao City Davao Del Sur,False,
j4vl,Misuzu Japanese Restaurant - Mabini Street,Japanese,4.9,217,Manila,True,4.9
j4xl,Almon Marina - Robinsons Place Manila,Sandwiches,5.0,193,Manila,True,5.0
j52s,Pure & Simple Low Carb Coffeehouse - Congressional Ave,Coffee,0.0,0,Quezon City,False,
j53g,Kenny Rogers Roasters - Graceland Malolos,Chicken,5.0,798,Malolos Bulacan,True,5.0
j53q,Kambal Pares - Sta. Cruz,Filipino,0.0,0,Manila,False,
j5eu,Merienda by Pan de Manila - Rockwell Ortigas,Filipino,4.9,560,Pasig City,True,4.9
j5ft,Ramen Sekai - Sen Gil J Puyat Avenue,Japanese,4.9,54,Makati City,True,4.9
j5hv,Tenya Express - Mitsukoshi Mall,Japanese,5.0,403,Taguig City,True,5.0
j5oj,Onlypans Taqueria - Poblacion,Western,5.0,1164,Makati City,True,5.0
j5pp,Yaki Yaki - F Manalo,Japanese,5.0,1049,Taguig City,True,5.0
j5px,Mezmars & Mau's Chicken Inasal Haus - Plainview,Fried Chicken,5.0,356,Mandaluyong City,True,5.0
j5rf,Hatid Pinoy - GYY Building,Filipino,5.0,2067,San Juan,True,5.0
j5rf,Hatid Pinoy - N. Domingo,Filipino,5.0,2059,San Juan,True,5.0
j5sw,Sisig Hooray - McKinley,Sisig,4.9,1138,Taguig City,True,4.9
j5td,Johnn Lemon - Ayala Malls Cloverleaf,Beverages,5.0,104,Quezon City,True,5.0
j5u0,99 Peso Rice Bowls To Go - Pasay,Rice Bowl,5.0,860,Pasay City,True,5.0
j5u5,RED LIZARD in AbacaEats - Base Line Center,Western,4.9,28,Cebu City,True,4.9
j5uc,The Civet Coffee Roasters - IT Park,Coffee,5.0,219,Cebu City,True,5.0
j5vz,Red Ribbon - Gaisano Tisa,Cakes,5.0,703,Cebu City,True,5.0
j5y3,Happilee Korean Kitchen - Pasig,Korean,5.0,607,Pasig City,True,5.0
j61w,Dolor's Kakanin - K-6th,Filipino,5.0,1280,Quezon City,True,5.0
j667,Tora-san - Bluementritt,Ramen,4.9,217,Manila,True,4.9
j6jt,Peri-Peri Charcoal Chicken & Sauce Bar - Ayala Feliz Mall,Chicken,4.9,84,Marikina,True,4.9
j6kw,Augustus Pizza - Km 6,Pizza,5.0,1744,Davao City Davao Del Sur,True,5.0
j6lf,Escc Food Hub - Kaginhawaan,Filipino,0.0,0,Pasig City,False,
j6od,Best Bites Boneless Fried Chicken - Sto. Niño de Taguig Church,Fried Chicken,4.6,151,Taguig City,True,4.6
j6ps,Edna's Eatery - Apitong Street,Filipino,5.0,851,Ormoc Leyte,True,5.0
j6wg,Auntie Anne's - SM Seaside Cebu,Bread,5.0,213,Cebu City,True,5.0
j6xt,Jaz Rock Burger - F. Munoz,Burgers,4.7,634,Manila,True,4.7
j710,Pan De Manila - San Juan,Bread,5.0,77,San Juan,True,5.0
j742,Mang Domeng's Bibingka - Puregold Kanlaon,Cakes,0.0,0,Quezon City,False,
j747,Shakey's Pizza - Gaisano Basak Mactan,Pizza,5.0,1040,Lapu-Lapu City Cebu,True,5.0
j74v,Highlands Coffee -  CityMall Mayombo,Coffee,5.0,540,Dagupan Pangasinan,True,5.0
j78b,Taco Nacho & Buko Choice - Deca Mall,Snacks,0.0,0,Manila,False,
j78r,Kokos - Greenville,Milk Tea,0.0,0,Quezon City,False,
j79k,Nanyang - Gateway,Chicken,5.0,266,Quezon City,True,5.0
j7as,Lugaw Republic - South Station Terminal,Porridge,5.0,1353,Muntinlupa City,True,5.0
j7ca,B1T1 Takeaway Coffee - Isetann Mall Recto,Coffee,0.0,0,Manila,False,
j7cr,Sugarbee - BGC,Cakes,5.0,396,Taguig City,True,5.0
j7en,Sweet Leaf Tea Cafe - ML Quezon Street,Milk Tea,5.0,515,Valencia Bukidnon,True,5.0
j7fn,Totsy's Cakes & Pastries - Double M Hotel,Desserts,4.9,19,Valencia Bukidnon,True,4.9
j7g7,2nd Street Oysters - Cityland 3,Seafood,5.0,156,Makati City,True,5.0
j7gs,Pat Pat's Kansi - Taguig,Filipino,5.0,245,Taguig City,True,5.0
j7pc,Alzen's Food Station - Archbishop Reyes Avenue,Filipino,4.7,2428,Cebu City,True,4.7
j7ps,It Cakes by Jen,Unknown,0.0,0,Malolos Bulacan,False,
j7r7,Don Benito's - Maybunga,Cakes,5.0,128,Pasig City,True,5.0
j7ta,Melts Premium Cassava - Matina,Cakes,5.0,118,Davao City Davao Del Sur,True,5.0
j7x0,BBQ Bob x Minute Burger - Dapitan,Burgers,5.0,250,Manila,True,5.0
j7xh,Pizza Telefono - Visayas Avenue,Pizza,5.0,589,Quezon City,True,5.0
j803,MOMOYO - Gmall Bajada,Ice Cream,4.9,32,Davao City Davao Del Sur,True,4.9
j83v,Kobi Bayan 24/7 - Manila,Filipino,5.0,295,Manila,True,5.0
j866,Pizza Stop by Celo - KM 11,Pizza,4.9,112,Davao City Davao Del Sur,True,4.9
j89g,Paotsin - Robinsons Supermarket South Park Center,Asian,0.0,0,Muntinlupa City,False,
j8bc,Hi-Way Canteen - Lanuza Street,Filipino,4.3,499,Manila,True,4.3
j8c4,Chef J Restaurant - Pasay,Filipino,4.9,35,Makati City,True,4.9
j8dl,Hainanese Delights - Robinson Galleria,Rice Dishes,4.9,808,Quezon City,True,4.9
j8dy,Takoyaki  Mania - Bonifacio Street,Takoyaki,5.0,200,Manila,True,5.0
j8eo,Manmaru Japanese Restaurant - Makati Cinema Square,Japanese,5.0,9996,Makati City,True,5.0
j8f0,Tokaiya Japanese Food - Victory Mall Pasay,Rice Bowl,0.0,0,Pasay City,False,
j8hi,Viaje Plus - Bangkal (Makati),Filipino,4.9,1587,Makati City,True,4.9
j8i0,Manam - Estancia,Filipino,5.0,148,Pasig City,True,5.0
j8iz,Tokyo Tokyo - SM Seaside Cebu,Japanese,5.0,1125,Cebu City,True,5.0
j8k2,Tamis-Lamig Atbp,Filipino,0.0,0,Quezon City,False,
j8kt,Wagger Wagyu Burger- Shorthorn,Western,4.5,14,Quezon City,True,4.5
j8ll,Diaz Tapsilogan- Tondo Manila,Silog,0.0,0,Manila,False,
j8os,Pansit Sa Bilao - Buhangin,Asian,5.0,2051,Davao City Davao Del Sur,True,5.0
j8r9,King Sisig Express - Dian Emilia,Sisig,4.8,97,Makati City,True,4.8
j8tv,Nid's Balot 'n Bilao - Mabini Street,Filipino,5.0,3638,Manila,True,5.0
j8we,Pedal Cafe - Greenhills Mall,Coffee,5.0,27,San Juan,True,5.0
j8x9,Koomi - SM Lanang,Beverages,5.0,380,Davao City Davao Del Sur,True,5.0
j96s,Wildflour Cafe + Bakery - Opus,American,4.9,31,Quezon City,True,4.9
j98v,Don Lemon - Cordova,Filipino,0.0,0,Lapu-Lapu City Cebu,False,
j995,Mic 1 Family KTV - Acacia,Filipino,0.0,0,Davao City Davao Del Sur,False,
j9fk,Sweet Couple Bakeshop - Ilaya Street,Bread,4.9,92,Manila,True,4.9
j9hi,Manokhan Roasters - Sandawa,Chicken,5.0,523,Davao City Davao Del Sur,True,5.0
j9ii,Infinitea - Festival Mall,Milk Tea,4.6,55,Muntinlupa City,True,4.6
j9il,Samahang Nayon Hotel - Roxas Osmena Street,Filipino,0.0,0,Koronadal South Cotabato,False,
j9jd,Kouen Japanese Restaurant - Marikina,Japanese,0.0,0,Marikina,False,
j9ln,Kokorro Curry - Cash & Carry,Japanese,0.0,0,Makati City,False,
j9u4,The Chicken Haus - Marfori,Fried Chicken,3.2,54,Davao City Davao Del Sur,True,3.2
j9vq,Naning's Bacsilog Atbp - Kalayaan,Filipino,4.9,867,Makati City,True,4.9
j9yd,Turks - Ayala Circuit Makati,Shawarma,5.0,597,Makati City,True,5.0
ja0q,Panaderro - Robinsons Galleria,Cakes,0.0,0,Quezon City,False,
ja6y,Baa Baa Thai Tea - Poblacion,Milk Tea,5.0,355,Mandaluyong City,True,5.0
jabd,Takodeal - Gaisano Citygate,Takoyaki,4.9,18,Davao City Davao Del Sur,True,4.9
jaci,Peri-Peri Charcoal Chicken & Sauce Bar - Vista Mall,Chicken,4.9,428,Taguig City,True,4.9
jaej,Classic Savory - One Ayala,Fried Chicken,5.0,59,Makati City,True,5.0
jajn,Olah Halo Halo - Phoenix Landmark,Halo-Halo,4.8,50,Davao City Davao Del Sur,True,4.8
jaka,Cafe Luiza,Snacks,5.0,96,Valencia Bukidnon,True,5.0
jakq,Purple Treatscake Cakes Shop - Lapu-Lapu City Cebu,Unknown,4.8,25,Lapu-Lapu City Cebu,True,4.8
jam3,Kurimi Milk Tea Bar - Bonifacio Street,Milk Tea,5.0,84,Davao City Davao Del Sur,True,5.0
jaow,Dunkin' - Malibay,Donut,0.0,0,Pasay City,False,
jatc,24/7 Wings - Quirino Highway,Chicken Wings,4.9,208,Quezon City,True,4.9
javu,Tasty and Healthy Bowls - Evangelista,Filipino,0.0,0,Makati City,False,
jawi,Master Siomai Dagupan,Siomai,0.0,0,Dagupan Pangasinan,False,
jax5,Overdoughs - DM Rivera Street,Donut,5.0,66,Makati City,True,5.0
jayz,Donut Park - mandaluyong,Desserts,5.0,14,Mandaluyong City,True,5.0
jb5q,Unalom Coffee,Coffee,5.0,52,Makati City,True,5.0
jb6v,24/7 Eats - Pasay,Fast Food,5.0,1744,Pasay City,True,5.0
jb7c,Blessed Bhiestro - Malolos,Italian,5.0,96,Malolos Bulacan,True,5.0
jbam,Weemart Hungry Junction - C Padilla,Beverages,4.8,12,Cebu City,True,4.8
jbr8,K Town Food House - Central Park,Korean,4.1,77,Davao City Davao Del Sur,True,4.1
jbwa,Koryan-Koryan Davao Food Hub - Vinzon Street,Korean,4.4,39,Davao City Davao Del Sur,True,4.4
jbyz,Hey Siri Cafe - Quezon City,Coffee,4.8,68,Quezon City,True,4.8
jc04,Mactan Bunsik Dishes - Lapu Lapu,Rice Dishes,0.0,0,Lapu-Lapu City Cebu,False,
jc0d,Feta Mediterranean - BGC,Middle Eastern,4.8,73,Taguig City,True,4.8
jc3k,Porky Sisig - Proj 4 J. P. Rizal,Filipino,0.0,0,Quezon City,False,
jc4k,Ms Tanghulu - Festival Mall,Ice Cream,0.0,0,Muntinlupa City,False,
jcbe,Blessed Bhiestro - Kapitolyo,Italian,5.0,233,Pasig City,True,5.0
jceh,Bunny Banana - SM City Fairview,Ice Cream,0.0,0,Quezon City,False,
jck3,Green Pepper - Ortigas Avenue,Filipino,0.0,0,San Juan,False,
jcn6,Cafe Mary Grace - Resorts World Manila,Cakes,5.0,139,Pasay City,True,5.0
jcr7,Buko Juan - Ever Gotesco Mall Commonwealth Center,Beverages,0.0,0,Quezon City,False,
jcuh,Smash It: Burgers & More - Ortigas,American,0.0,0,Mandaluyong City,False,
jcx2,Amney Cafe - Davao Global Township,Snacks,0.0,0,Davao City Davao Del Sur,False,
jd3g,Eric Kayser - The Podium,Bread,5.0,264,Mandaluyong City,True,5.0
jd3h,Lugaw Pilipinas - Mindanao Avenue,Filipino,0.0,0,Quezon City,False,
jd46,Ninyo's Hot Pandesal,Unknown,5.0,38,Quezon City,True,5.0
jd5j,Lots'a Pizza - Super 8 Guadalupe,Pizza,5.0,72,Makati City,True,5.0
jddx,Starbucks - Cash & Carry,Coffee,5.0,2139,Makati City,True,5.0
jdez,Red Ribbon - Ace Centerpoint Koronadal,Cakes,5.0,288,Koronadal South Cotabato,True,5.0
jdhe,McDonald's - Robinsons Novaliches,Fast Food,5.0,586,Quezon City,True,5.0
jdls,HIMALAYAN DELIGHT CORPORATION,Middle Eastern,4.9,22,Mandaluyong City,True,4.9
jdnc,Suzhou Food Express - The Gallery,Chinese,4.9,133,Makati City,True,4.9
jdoi,The Hungry Pita - Alphaland Southgate Mall,Shawarma,4.8,71,Makati City,True,4.8
jdoi,The Hungry Pita - San Lorenzo Place Mall,Shawarma,4.8,64,Makati City,True,4.8
jdpp,Cucu Cloud Kitchen,Unknown,0.0,0,Manila,False,
jdrn,Happilee Korean Kitchen - Makati,Korean,5.0,474,Makati City,True,5.0
je4a,Absolutelyssushi,Sushi,0.0,0,Marikina,False,
je4i,Neneng's Kitchen - Buhangin,Ulam,0.0,0,Davao City Davao Del Sur,False,
je6d,Angie's Fruit Shake,Beverages,5.0,15,Quezon City,True,5.0
je8v,Lugaw Daddy - Ortigas,Porridge,0.0,0,Mandaluyong City,False,
jein,crEATiviTEA Hub - West Crame,Beverages,5.0,124,San Juan,True,5.0
jena,Gang Gang Boneless Fried Chicken - One Archer's Place,Fried Chicken,5.0,122,Manila,True,5.0
jes9,Takodeal - Cabantian,Takoyaki,5.0,357,Davao City Davao Del Sur,True,5.0
jetr,Antonio's Roadside Kitchen - Barangka Drive,Filipino,4.6,22,Mandaluyong City,True,4.6
jev4,Seafood Mix - Pasay,Seafood,4.7,371,Pasay City,True,4.7
jew0,Eat Sulit - Malolos,Chicken,5.0,242,Malolos Bulacan,True,5.0
jexv,Hearts and Bells - Lucky Chinatown Mall,Cakes,5.0,56,Manila,True,5.0
jezm,J & A Foodhub Milktea - Zamora,Milk Tea,4.9,239,Dagupan Pangasinan,True,4.9
jf7o,Jack's-29 Sizzling House,Fast Food,4.9,24,Manila,True,4.9
jf7z,JAGA's Maki Moko - Malibay,Sushi,5.0,365,Pasay City,True,5.0
jfa3,Popoy's Kapihan Express - R. Palma Street,Healthy,0.0,0,Makati City,False,
jfh2,Dog Days Coffee - Tres De Abril Street,Coffee,0.0,0,Cebu City,False,
jfhi,Wendy's - FTI Complex Taguig,Burgers,5.0,5187,Taguig City,True,5.0
jfui,Ate Lan's Eatery - Privodent Village,Filipino,0.0,0,Marikina,False,
jfym,Conti's Take Out Nook (Kiosk) - Ayala Mall Cloverleaf,Cakes,5.0,393,Quezon City,True,5.0
jg1n,Chili's - SM Seaside City Cebu,Seafood,0.0,0,Cebu City,False,
jg5v,Master Gaw 24/7 - Pablo Ocampo Makati,Ulam,5.0,837,Makati City,True,5.0
jgbi,TakeMe Coffee - Fiesta Carnival,Coffee,5.0,24,Quezon City,True,5.0
jgja,EBC - Festival Mall,American,5.0,131,Muntinlupa City,True,5.0
jgl5,Chimmy - The Shops at Alphaland Makati,Beverages,0.0,0,Makati City,False,
jgl8,Em Ha Noi - 32nd Street,Rice Noodles,5.0,168,Taguig City,True,5.0
jgpe,Peppa Pizza - High Pointe Medical Hub,Pizza,4.8,97,Mandaluyong City,True,4.8
jgqa,Tagaytay Bulalo Specials - Bayan-Bayanan Marikina,Bulalo,5.0,134,Marikina,True,5.0
jgt0,Buffalo's Wings N' Things - MAAX,Chicken Wings,4.9,42,Pasay City,True,4.9
jh4c,Sugbo Cocina - Deca Homes Mactan 5,Seafood,5.0,135,Lapu-Lapu City Cebu,True,5.0
jh53,Sizzlin' Steak - Medical City,American,0.0,0,Pasig City,False,
jh5f,Coco + - Waltermart EDSA,Milk Tea,0.0,0,Quezon City,False,
jh68,Goto King - Robinsons Novaliches,Filipino,4.5,57,Quezon City,True,4.5
jh8b,House of BBQ,BBQ,0.0,0,Cebu City,False,
jhcd,Banh Mi Kitchen - Mactan Cebu International Airport,Thai,5.0,80,Lapu-Lapu City Cebu,True,5.0
jhdo,Bayanihan Native Cuisine - Cebu Business Park,Filipino,4.9,19,Cebu City,True,4.9
jhl6,Lagrima - Salcedo,Filipino,0.0,0,Makati City,False,
jhmw,Jafar's Shawarma - Pueblo Verde,Middle Eastern,5.0,406,Lapu-Lapu City Cebu,True,5.0
jhq8,Portland Coffee Co.,Unknown,4.9,16,Taguig City,True,4.9
jhvp,Golden Empire Chinese Cuisine - Banawe Street,Chinese,5.0,319,Quezon City,True,5.0
jhya,Ted's La Paz Batchoy - SM Fairview,Filipino,5.0,125,Quezon City,True,5.0
jiby,Daily by Bo's Coffee - SM City Davao,Coffee,5.0,942,Davao City Davao Del Sur,True,5.0
jic6,K-STREET DAPITAN RESTAURANT,Korean,5.0,174,Manila,True,5.0
jiei,Kalutsok - Bolosan,Fried Chicken,5.0,25,Dagupan Pangasinan,True,5.0
jik5,Cadriels Snacks by Dindo's Ice Cream - Don Felipe,Ice Cream,4.8,32,Ormoc Leyte,True,4.8
jitd,Boba Milktea by Kowloon House - Pasig Blvd (formerly Maybunga),Milk Tea,4.9,64,Pasig City,True,4.9
jiww,Arnoks Fried Chicken House - Dagupan,Chicken,0.0,0,Dagupan Pangasinan,False,
jix1,The Pepperoni Pizzeria - Torres Street,Pizza,4.9,50,Davao City Davao Del Sur,True,4.9
jizn,Juan Takoyaki - Pearl Street,Japanese,0.0,0,Quezon City,False,
jj74,Cheng Du Hot Pot Restaurant - Century Mall,Chinese,5.0,36,Makati City,True,5.0
jj79,Queen and Princess Seafood House - The Plant Park,Filipino,4.9,446,Quezon City,True,4.9
jjds,Street 106 Restaurant,Sushi,0.0,0,Cebu City,False,
jjh2,Sukidesu Modern Japanese Restaurant - A Climaco Street,Japanese,5.0,264,Cebu City,True,5.0
jjjx,Daily by Bo's Coffee - SM Manila,Coffee,5.0,1245,Manila,True,5.0
jjmr,Tres Maria's Good Food - Muntinlupa,Filipino,0.0,0,Muntinlupa City,False,
jjnh,Dragon Takoyaki - TSL Building,Takoyaki,5.0,1274,Quezon City,True,5.0
jjnn,Pasta Sorpresa - Matina,Pasta,5.0,283,Davao City Davao Del Sur,True,5.0
jjqn,REFRESCO (SM Cherry Shaw),Fruit Shake,5.0,20,Mandaluyong City,True,5.0
jjy1,The Matcha Tokyo - Vertis North,Beverages,0.0,0,Quezon City,False,
jjyp,JAAM House of Sushi - Eton Centris,Japanese,5.0,161,Quezon City,True,5.0
jjyt,Icecreamhouse - San Andres,Ice Cream,5.0,281,Manila,True,5.0
jjzn,MEOKJA DOSIRAK KOREAN FOOD HOUSE,Rice Bowl,5.0,17,Makati City,True,5.0
jk3d,Chicken Pastil on the go,Filipino,0.0,0,Quezon City,False,
jk3j,Magic Cube Pizza,Pizza,0.0,0,Mandaluyong City,False,
jk3s,"But First, Coffee - Valencia",Coffee,4.9,11,Valencia Bukidnon,True,4.9
jk4d,Tim Hortons - PITX,Coffee,5.0,426,Pasay City,True,5.0
jke1,Marugame Udon - Alabang Town Center,Japanese,5.0,548,Muntinlupa City,True,5.0
jki3,Get Well Soup - Mandaluyong,Healthy,4.9,170,Taguig City,True,4.9
jkl9,Panda Express - Greenhills,Snacks,4.9,405,San Juan,True,4.9
jkoq,"24 Chicken - One Park Drive, BGC",Fried Chicken,5.0,2152,Taguig City,True,5.0
jkp5,Miss J Food Kiosk - Roemceville,Filipino,5.0,357,Koronadal South Cotabato,True,5.0
jl1p,Lemon Choice - Century Mall,Beverages,0.0,0,Makati City,False,
jl2u,Gavva! Pansit Batil Patung - Singkamas,Ulam,0.0,0,Makati City,False,
jl4s,DOSE Coffee and Pastries - Ilang Ilang Street,Coffee,0.0,0,Pasig City,False,
jl6k,Zyrian's Pizza - Deca Indangan,Pizza,5.0,198,Davao City Davao Del Sur,True,5.0
jl7g,Tasty & Healthy Bowls - Paco Mall,Filipino,0.0,0,Manila,False,
jl7s,Ms Tanghulu - Ayala Malls Vertis North,Ice Cream,0.0,0,Quezon City,False,
jlc3,Alab Firewood Lechon Manok - Bangkal Branch,Lechon,0.0,0,Davao City Davao Del Sur,False,
jlh0,Mango Twist - Aurora Boulevard Cubao,Beverages,4.8,401,Quezon City,True,4.8
jliu,Cafe France - Fisher Mall Quezon Avenue,Coffee,5.0,373,Quezon City,True,5.0
jlj0,Mooon Brew Cafe,Coffee,0.0,0,Lapu-Lapu City Cebu,False,
jllp,Master Siomai - Concepcion II Marikina,Siomai,0.0,0,Marikina,False,
jlsd,Cà Phê Ngon - Molo Street,Asian,5.0,14,Koronadal South Cotabato,True,5.0
jlz9,Ganso-Shabuway Japanese Style Hot Pot Restaurant - Rockwell,Japanese,5.0,15,Makati City,True,5.0
jm30,Mr. Mediterranean - BGC,Middle Eastern,4.9,219,Taguig City,True,4.9
jm5j,Kanzen Sushi Roll - Buting,Sushi,5.0,624,Pasig City,True,5.0
jmc2,Pasta Depot - Marikina,Pasta,4.9,167,Marikina,True,4.9
jmdv,Gourmet Manila - MT Kennedy Street,Seafood,5.0,88,Marikina,True,5.0
jmis,Kofi Gram - Bangkal,Coffee,5.0,1294,Davao City Davao Del Sur,True,5.0
jmkk,Relax N Brew Cafe - Cafe Mach 1 Building,Filipino,5.0,246,Marikina,True,5.0
jmkt,Selecta Ice Cream - Santo Cristo,Ice Cream,5.0,90,Malolos Bulacan,True,5.0
jmu3,Mr. Liempo - General Ordoñez,Liempo,0.0,0,Marikina,False,
jn0r,The Coffee Bar - GMall,Coffee,0.0,0,Cebu City,False,
jn21,Yongskie's Lechon Manok & Liempo House - Ecoland Subdivision,Lechon,5.0,378,Davao City Davao Del Sur,True,5.0
jn3n,Tokyo Milk Cheese Factory - SM Megamall,Cakes,5.0,60,Mandaluyong City,True,5.0
jn3q,Panero Pandesal - Robinsons Galleria,Bread,0.0,0,Quezon City,False,
jn80,Mr. Potato - Shangs Island Town Center,Snacks,0.0,0,Lapu-Lapu City Cebu,False,
jn8e,Marugame Udon - SM Lanang,Japanese,5.0,185,Davao City Davao Del Sur,True,5.0
jn9o,Zhahun Fried Chicken House - Quezon City,Chicken,5.0,24,Quezon City,True,5.0
jncc,Izakaya Ryoma - Carmelo Homes,Japanese,4.9,103,Davao City Davao Del Sur,True,4.9
jnch,Leylam - Gmall Toril,Shawarma,5.0,74,Davao City Davao Del Sur,True,5.0
jni4,Baliwag Grill & Restaurant - Bayan-Bayanan Avenue,Filipino,5.0,370,Marikina,True,5.0
jnox,Drip Kofi - Espana,Coffee,0.0,0,Manila,False,
jnxi,D'Grillmaster - Cabantian,Ulam,0.0,0,Davao City Davao Del Sur,False,
jo9z,Keopihan Cafe - New Era,Beverages,4.9,14,Quezon City,True,4.9
jobs,Master's JT Shawarma - Pasong Tamo,Middle Eastern,0.0,0,Quezon City,False,
jodu,The French Baker - SM Novaliches,Bread,0.0,0,Quezon City,False,
joet,Max's Restaurant - RPL Valencia Bukidnon,Chicken,4.7,39,Valencia Bukidnon,True,4.7
johf,Hearts and Bells - SM Fairview,Cakes,5.0,27,Quezon City,True,5.0
johv,Mad Kitchen - Bonifacio,Asian,4.7,54,Davao City Davao Del Sur,True,4.7
jon5,Sokiro Takoyaki & Milktea - Greenville Drive,Takoyaki,0.0,0,Quezon City,False,
joo9,Shrimp Station - Pasig,Seafood,0.0,0,Pasig City,False,
jop4,DAAB Cafe - Stonecast Residences,Beverages,0.0,0,Quezon City,False,
joqj,Selecta Ice Cream - Moonleaf Petron Katipunan,Ice Cream,5.0,47,Quezon City,True,5.0
jotj,Minute Burger - Gun-Ob,American,5.0,898,Lapu-Lapu City Cebu,True,5.0
joz8,Alejandro's Cafe,Coffee,0.0,0,Quezon City,False,
jozo,Hao Chi Wan Rice Bowl - Puregold Malolos,Chinese,5.0,35,Malolos Bulacan,True,5.0
jp04,Mothership - One Paseo,Wraps,0.0,0,Cebu City,False,
jp0q,Thai BBQ Restaurant - UP Town Center,Thai,0.0,0,Quezon City,False,
jp9a,Don Kukong's Pizza - Marikina,Pizza,5.0,2,Marikina,True,5.0
jppx,Morelli’s Gelato - GH Mall,Ice Cream,0.0,0,San Juan,False,
jq2m,Chick En Cheese - Panorama,Chicken,4.6,76,Davao City Davao Del Sur,True,4.6
jq3f,Balai Pandesal and Soy & Bean - Tayuman Street,Healthy,5.0,270,Manila,True,5.0
jq5d,Simatra Cafe - Sarrosa Hotel,Cakes,3.6,31,Cebu City,True,3.6
jqa4,Watami - Uptown,Japanese,0.0,0,Taguig City,False,
jqfg,wRestzlers Diner - Kaliraya Street,Silog,0.0,0,Quezon City,False,
jqkf,The Rage Room - Ayala Mall Circuit,Coffee,0.0,0,Makati City,False,
jqoz,Yummy Lugaw & Dimsum House,Asian,5.0,392,Pasay City,True,5.0
jqwg,MOMOYO - GMall Toril,Ice Cream,0.0,0,Davao City Davao Del Sur,False,
jrf6,Butterboy - SM City North Edsa,Cakes,5.0,34,Quezon City,True,5.0
jrsf,Cocopan - Buendia 1,Coffee,5.0,268,Pasay City,True,5.0
jrtm,Ice Monkees - North Escario Street,Ice Cream,4.9,16,Cebu City,True,4.9
jrzs,Foody Cafe - Aonan Building,Chicken Wings,4.7,25,Dagupan Pangasinan,True,4.7
js2e,Maison Takoyaki- Tejeros Makati,Takoyaki,0.0,0,Makati City,False,
js2s,Chicktastic - Marikina,Chicken Wings,0.0,0,Marikina,False,
js3b,ONIGIRIYA - KABUKI FOOD DECK,Filipino,0.0,0,Makati City,False,
js44,Mexi-ko: Fil-Mex Kitchen  - UST,Asian,4.9,381,Manila,True,4.9
js5i,Saad's Kitchenette - Banilad,Indian,0.0,0,Cebu City,False,
js6o,Mama Kim Store- Talamban,Korean,5.0,838,Cebu City,True,5.0
js8m,Goto Gusto - Gregorio Del Pilar Street,Filipino,4.9,720,Marikina,True,4.9
jse8,Apung Quintin - Antonio Maceda Street,Filipino,5.0,2248,Manila,True,5.0
jsef,Honey Jubu - Xavierville Avenue,Korean,0.0,0,Quezon City,False,
jsgy,K-Bites - Banilad,Desserts,0.0,0,Cebu City,False,
jsil,Pancake House - The Cabanas,American,4.9,378,Malolos Bulacan,True,4.9
jsm2,Koomi - SM San Lazaro,Beverages,4.9,643,Manila,True,4.9
jsne,Oishi Tea House - South Signal Village,Milk Tea,5.0,252,Taguig City,True,5.0
jsst,Chizmozza - SM Cherry Shaw,Snacks,4.9,58,Mandaluyong City,True,4.9
jt68,Jabroni’s NYC Pizza - Makati,Pizza,4.9,90,Makati City,True,4.9
jt6r,Angel's Pizza - Kalayaan,Pizza,5.0,273,Quezon City,True,5.0
jt7l,Pan De Manila - Rockwell Ortigas 2,Bread,0.0,0,Pasig City,False,
jthr,Chicken Chingu - The Medical City,Fried Chicken,5.0,114,Pasig City,True,5.0
jtn5,Uncle John's - Santol,Fried Chicken,4.5,21,Manila,True,4.5
jtri,Tapside,Filipino,4.8,19,Taguig City,True,4.8
jtv6,Lugaw Republic - Ayala Malls Manila Bay,Asian,5.0,16,Pasay City,True,5.0
jty1,Cha Tuk Chak - MRT Avenue,Milk Tea,5.0,1532,Taguig City,True,5.0
jtz5,Clarizah's Pizza - Area 7 Pasong Tamo,Pizza,5.0,230,Quezon City,True,5.0
jtzs,CO,Beverages,0.0,0,Taguig City,False,
ju5t,Overflow Cafe at Sandalwood - Sandalwood Street,Coffee,5.0,12,Marikina,True,5.0
ju7c,Ok kitchen Cafeteria - Uruguay Street,Chinese,0.0,0,Makati City,False,
ju9x,Alberto's Pizza - Ormoc,Pizza,5.0,1356,Ormoc Leyte,True,5.0
juc1,Seoul Korean Restaurant - Poblacion,Korean,4.9,353,Makati City,True,4.9
judc,Joe's Brew,Beverages,4.9,23,Malolos Bulacan,True,4.9
jugv,WouldULike Specialty Coffee - Light Mall,Coffee,5.0,337,Mandaluyong City,True,5.0
jujt,Indian Biryani Halal - DMSF,Ulam,0.0,0,Davao City Davao Del Sur,False,
july,Katsu Sama - Sheridan,Japanese,4.9,47,Mandaluyong City,True,4.9
juv8,Blake's Wings and Steaks - SM North EDSA,Chicken Wings,5.0,309,Quezon City,True,5.0
jv0a,OMG Milkshake - General Avenue Project 8,Coffee,0.0,0,Quezon City,False,
jv6s,Tealive - SM City Cebu,Beverages,5.0,1143,Cebu City,True,5.0
jv7c,Rumba - Shops at Ayala Triangle,American,0.0,0,Makati City,False,
jvav,Super Chicken Tenders - BGC,Chicken,5.0,1349,Taguig City,True,5.0
jve3,Davao's Food Avenue - Matina,Pizza,4.9,13,Davao City Davao Del Sur,True,4.9
jvmb,Modern Shanghai - Vista Mall Malolos,Chinese,5.0,11,Malolos Bulacan,True,5.0
jvng,Gourmet Silog - Russet Street,Silog,4.9,155,Marikina,True,4.9
jvq0,Saboten Express - SM Aura,Japanese,0.0,0,Taguig City,False,
jvr2,EACH Cookies - Base Line Drive,Desserts,5.0,105,Cebu City,True,5.0
jvzg,Dulcinea - Estancia Mall,Western,5.0,93,Pasig City,True,5.0
jw52,Original Bakery - SM City North EDSA,Cakes,5.0,81,Quezon City,True,5.0
jw67,Randy's Donuts - Uptown Parade,American,0.0,0,Taguig City,False,
jw9d,Everything Chicken - Artiaga,Chicken,4.9,705,Davao City Davao Del Sur,True,4.9
jwda,L.N.C Barbecue House - Love N' Care Resort,Filipino,3.5,21,Malolos Bulacan,True,3.5
jwhd,Singapore Chicken Rice - Double Dragon,Chicken,5.0,173,Pasay City,True,5.0
jwkd,Goldilocks - San Joaquin,Cakes,5.0,118,Pasig City,True,5.0
jwlh,Secret Kitchen - Glorietta 4,Filipino,4.9,89,Makati City,True,4.9
jwn1,Minute Burger - Times Beach,Burgers,4.8,17,Davao City Davao Del Sur,True,4.8
jwoe,Miokins Coffee - Loyola Heights,Coffee,0.0,0,Quezon City,False,
jwto,Bukit Bintang - Kamagong,Rice Bowl,0.0,0,Makati City,False,
jwx0,Super Challenger Adventure Park - JP Laurel,Ulam,0.0,0,Davao City Davao Del Sur,False,
jx9t,Magellan's Lechon - M Almeda,Filipino,0.0,0,Taguig City,False,
jxho,Papa Dudut Lechon Manok - 168 Mall,Chicken,0.0,0,Manila,False,
jxhy,"Manoy - A. Sandoval Avenue, Pasig",Filipino,5.0,397,Pasig City,True,5.0
jxl0,Huang's Cafe - J Fajardo,Chicken,0.0,0,Manila,False,
jxl3,Aboy's Fresh Lumpia - Festival Mall,Filipino,5.0,141,Muntinlupa City,True,5.0
jxl6,Mags Lechon Manok and Liempo- Flying Pig Park,Chicken,0.0,0,Cebu City,False,
jxni,ArmyNavy - Dela Rosa Carpark,Burgers,4.9,38,Makati City,True,4.9
jxvf,Teabound - J P Rizal Street,Milk Tea,0.0,0,Makati City,False,
jxxz,Zark's Burgers - SM Lanang,American,5.0,224,Davao City Davao Del Sur,True,5.0
jy10,Tikim Takam - Pioneer,Filipino,4.9,437,Pasig City,True,4.9
jy9d,Coffee For Peace Kiosks - Abreeza,Coffee,0.0,0,Davao City Davao Del Sur,False,
jyem,King Jjamppong Restaurant OPC - Lasema Building,Korean,5.0,265,Makati City,True,5.0
jyg9,Dr. Coffee - J. Llorente Street,Coffee,5.0,348,Cebu City,True,5.0
jyh2,SIMOT SARAP CHICKEN WINGS- Batasan Hills,Chicken,5.0,15,Quezon City,True,5.0
jyhb,Shaka Cafe - Makati,Healthy,5.0,132,Makati City,True,5.0
jymf,99 Peso Sulit Chicken - Market! Market!,Fried Chicken,0.0,0,Taguig City,False,
jyne,FIKA Fusion Cuisine - Sampaguita St,Biryani,4.9,65,Taguig City,True,4.9
jysu,El Pollo Loco - Alabang Town Center,American,0.0,0,Muntinlupa City,False,
jyvt,Tuna Choice Grill Incorporated - Cabantian,Seafood,5.0,33,Davao City Davao Del Sur,True,5.0
jyyg,Espesyaltea - Road 3,Milk Tea,5.0,967,Quezon City,True,5.0
jz7g,Klasmeyt's Bacsilog - Villamor Pasay,Silog,4.7,92,Pasay City,True,4.7
jz8p,Logang Pier - G.Y. Dela Serna,Milk Tea,4.6,292,Lapu-Lapu City Cebu,True,4.6
jzjl,Tamsilog Silogan - Bagong Pag - Asa,Filipino,5.0,97,Quezon City,True,5.0
jzjr,J.CO Donuts & Coffee - Promenade,Donut,5.0,928,San Juan,True,5.0
jzk3,Kita Cafe - Pasig,Coffee,0.0,0,Pasig City,False,
jzl3,Poco Deli - Kapitolyo,Pizza,4.9,154,Pasig City,True,4.9
jzml,Señor Pollo - Banawe Street,Chicken,5.0,402,Quezon City,True,5.0
jzp5,Jepoy's Grill House - Rasay Street,BBQ,4.9,461,Davao City Davao Del Sur,True,4.9
jzpj,TIPSY BOWL - San Francisco St.,Filipino,0.0,0,Davao City Davao Del Sur,False,
jzvh,Ramon's Filipino Kitchen by Chef Adam Tan - Choice Market Ortigas,Filipino,5.0,12,Pasig City,True,5.0
jzvq,Jade Express By Fly Kitchen - Malamig,Shawarma,4.9,163,Mandaluyong City,True,4.9
jzxj,Sisid Seafood Boil Shack,Seafood,4.9,14,Quezon City,True,4.9
k006,Casa Crawford: Modern Mexican Kitchen - Manila,Rice Bowl,4.9,1122,Manila,True,4.9
k03m,MOMOYO ICE CREAM & ICED COFFEE SM City East Ortigas,Ice Cream,5.0,59,Pasig City,True,5.0
k05w,Lutong Bahay - Bonifacio,Asian,2.5,22,Davao City Davao Del Sur,True,2.5
k0gd,Drip Coffee Shop - Dela Rosa Carpark,Coffee,5.0,67,Makati City,True,5.0
k0ie,Master Siomai - Marikina Sports Park,Siomai,0.0,0,Marikina,False,
k0j4,Olahla Davao Snack House - Mintal,Halo-Halo,5.0,26,Davao City Davao Del Sur,True,5.0
k0kr,Crispy Pata at Pulutan ATBP - Manila,Rice Bowl,0.0,0,Manila,False,
k0le,Ssrang Restaurant - Mervin Terraces,Korean,5.0,4683,Manila,True,5.0
k0o0,Matsuri Bento - South Triangle,Japanese,5.0,803,Quezon City,True,5.0
k0oc,Unit 1A Bakery & Cafe - Aviles,American,5.0,531,Ormoc Leyte,True,5.0
k0qg,Al Dente Pasta Bar - Forbestown,Italian,5.0,23,Taguig City,True,5.0
k0um,Remilly's Yema Cake - Roosevelt Avenue,Cakes,5.0,556,Quezon City,True,5.0
k0we,Al Jograts - Laong Laan,Middle Eastern,5.0,5502,Manila,True,5.0
k0xh,Lartizan - Opus Mall,Bread,0.0,0,Quezon City,False,
k0zo,Sip Up Coffee - Pansol,Coffee,0.0,0,Quezon City,False,
k125,Fatboy's Pizza Pasta - SM Hypermarket Taguig,Pizza,4.9,324,Taguig City,True,4.9
k18b,Manoy - Puregold Cubao,Filipino,4.9,503,Quezon City,True,4.9
k1eb,Reyes Barbecue - Alabang Town Center,BBQ,5.0,154,Muntinlupa City,True,5.0
k1eg,Persia Grill - Met Live,Middle Eastern,4.9,199,Pasay City,True,4.9
k1fp,Mang Jose - Palanan,Asian,4.9,708,Makati City,True,4.9
k1j7,De Original Jamaican Pattie Shop and Juice Bar -  WalterMart Malolos,Snacks,0.0,0,Malolos Bulacan,False,
k1kn,Katalina's Davao,Cakes,0.0,0,Davao City Davao Del Sur,False,
k1ln,Silog Express Atbp. - BGC,Silog,5.0,1153,Taguig City,True,5.0
k1lr,Jollibee - SM Center Ormoc,Fast Food,5.0,4440,Ormoc Leyte,True,5.0
k1td,KR Boodle Fight - Victory Mall,Rice Dishes,4.8,1060,Pasay City,True,4.8
k1tu,Balmores Grill & Feast - QC,Filipino,0.0,0,Quezon City,False,
k1w9,Kape Sa Kagubatan - Soliven Alvendia Avenue,Filipino,3.2,28,Muntinlupa City,True,3.2
k1wl,EBC - Fishermall Quezon Avenue,Snacks,5.0,182,Quezon City,True,5.0
k1x2,Sizzlin Steak - Shaw JRU,American,0.0,0,Mandaluyong City,False,
k1zx,Bountiful Sandwich Snack Corner - Lapu Lapu,Bread,5.0,25,Lapu-Lapu City Cebu,True,5.0
k259,1995 Studio Cafe - MacArthur Highway,Chicken Wings,5.0,193,Malolos Bulacan,True,5.0
k2by,Uling Roasters - Bancal,Chicken,5.0,37,Lapu-Lapu City Cebu,True,5.0
k2ia,Ramen Buri - Quezon City,Ramen,0.0,0,Quezon City,False,
k2ka,Pancake House -  Bonifacio High Street,American,5.0,921,Taguig City,True,5.0
k2l1,Carmen's Best - MOA,Ice Cream,0.0,0,Pasay City,False,
k2lo,Jollybear -  Ponce St.,Fried Chicken,3.7,557,Davao City Davao Del Sur,True,3.7
k2lx,Harbour City - SM Seaside,Rice Dishes,4.9,744,Cebu City,True,4.9
k2nd,Catchin ' Up Pub - Jupiter,Asian,0.0,0,Makati City,False,
k2nj,Cusina ni Ping - Pureza Street,Filipino,4.4,2137,Manila,True,4.4
k2tl,Aktiv Food - B. RODRIQUEZ STREET,Pasta,5.0,797,Cebu City,True,5.0
k2wa,IceCreamHouse - Marikina Bayan,Ice Cream,5.0,210,Marikina,True,5.0
k2ye,Loft Cafe by Unit 27 - Forbeswood,Filipino,4.8,29,Taguig City,True,4.8
k3fd,Da Rae Jung Korean Kitchen - BGC,Korean,5.0,837,Taguig City,True,5.0
k3gh,Comedor,Filipino,5.0,3770,Davao City Davao Del Sur,True,5.0
k3gp,Red Ribbon - Tuktukan,Cakes,5.0,1943,Taguig City,True,5.0
k3gu,Kanzen Sushi Roll - Padre Noval,Sushi,5.0,1641,Manila,True,5.0
k3gz,Dunkin Donuts - Gensan Drive,Donut,5.0,532,Koronadal South Cotabato,True,5.0
k3hd,Haveli King - DMSF,Indian,4.9,7521,Davao City Davao Del Sur,True,4.9
k3hg,Snack Habits - G Delpan Street,Cakes,5.0,307,Manila,True,5.0
k3qm,NamNam Flavored Sisig - The Medical City,Sisig,0.0,0,Manila,False,
k3tl,McDonald's - Maribago,Fast Food,5.0,11662,Lapu-Lapu City Cebu,True,5.0
k3xn,Brew Shots Milk Tea Shop - Cardinal Santos,Milk Tea,4.6,117,San Juan,True,4.6
k470,House of Kings Chicken - Festival Mall,Filipino,0.0,0,Muntinlupa City,False,
k480,The Aristocrat Restaurant - SM Fairview,Filipino,4.9,122,Quezon City,True,4.9
k48d,The Fat Seed Café + Roastery - One Maridien,American,5.0,777,Taguig City,True,5.0
k4hr,E & E's Takuyaki - Ace Centerpoint,Takoyaki,5.0,204,Koronadal South Cotabato,True,5.0
k4i7,Lugawan sa Tejeros - Leveriza Street,Porridge,5.0,5308,Pasay City,True,5.0
k4if,Sui Jiao Dumpling House - Malate,Dumpling,5.0,338,Manila,True,5.0
k4kp,Constell Cakes Bakeshop - Hiyas Subdivision,Cakes,5.0,1024,Malolos Bulacan,True,5.0
k4ng,Alejandro's - Alabang,Coffee,0.0,0,Muntinlupa City,False,
k4nv,Bueno Tapas & Wine Restaurant - The Grove,Dim Sum,4.9,29,Pasig City,True,4.9
k4qx,Texas Roadhouse - Ayala Malls Manila Bay,American,0.0,0,Taguig City,False,
k4rv,Modern Shanghai - Shangri-La,Chinese,0.0,0,Mandaluyong City,False,
k4sf,Urbanica Milk Coffee - Glorietta 5,Coffee,5.0,3673,Makati City,True,5.0
k4sq,Kowloon House - Visayas Avenue,Dim Sum,5.0,1851,Quezon City,True,5.0
k4xb,Suzhou Tea House - A Mabini Street,Chinese,5.0,1228,Manila,True,5.0
k562,Marjo's Pochero - Mactan Town Center,Bulalo,5.0,575,Lapu-Lapu City Cebu,True,5.0
k565,Dan Eric's Ice Cream- Marikina,Desserts,5.0,55,Marikina,True,5.0
k578,Slim Snacks - Doña Luisa Village,Cakes,5.0,92,Davao City Davao Del Sur,True,5.0
k5db,Palpitate Coffee - Malolos,Coffee,5.0,80,Malolos Bulacan,True,5.0
k5ek,Rice Rocket - Banawe,Asian,0.0,0,Quezon City,False,
k5ga,Tagaytay Bulalo Specials - Sto. Niño de Taguig Church,Bulalo,5.0,83,Taguig City,True,5.0
k5id,Famous Belgian Waffles - Makati Cinema Square,Pancakes & Waffles,5.0,574,Makati City,True,5.0
k5l5,Panadero Bakeshop - Mini Forest Boulevard,Bread,5.0,154,Davao City Davao Del Sur,True,5.0
k5nz,The Original Razon's Halo Halo and Palabok - Twin's Plaza,Halo-Halo,5.0,1384,Malolos Bulacan,True,5.0
k5oh,K-egg and Sip-Up Food Store,Asian,4.5,13,Quezon City,True,4.5
k5qf,Pancake House -  The Medical City,American,5.0,137,Pasig City,True,5.0
k5qm,Jade Express - N. Domingo,Chinese,4.9,846,San Juan,True,4.9
k5xt,Imperial Cuisine - Davao Street,Chinese,4.9,85,Quezon City,True,4.9
k5zc,Gourmet Silog - Bagong Ilog Pasig,Silog,4.9,322,Pasig City,True,4.9
k613,Boomdogs - Maysilo Circle,American,4.9,35,Mandaluyong City,True,4.9
k69h,Zark's Burgers - SM City Cebu,Burgers,4.9,16,Cebu City,True,4.9
k6gu,Samgyupsal & Chicken Korean Restaurant -  Aurora,Korean,4.6,1331,Davao City Davao Del Sur,True,4.6
k6nv,Burnt Bamboo - Uptown Mall,Filipino,5.0,341,Taguig City,True,5.0
k6oc,Del Mar Painitan - Marfori,Rice Dishes,4.9,1096,Davao City Davao Del Sur,True,4.9
k6po,Drip Kofi - Mariveles Street,Coffee,5.0,803,Mandaluyong City,True,5.0
k6ql,Johnn Lemon - Isetann Recto,Fruit Shake,4.6,43,Manila,True,4.6
k6r6,Coffee But Better - Roxas District,Coffee,0.0,0,Quezon City,False,
k6tb,Potato Giant - Tapuac,Fries,4.9,52,Dagupan Pangasinan,True,4.9
k6wj,Atarah's Homemade Maki - Marikina Heights,Sushi,5.0,568,Marikina,True,5.0
k6xk,Sukidesu Modern Japanese Cuisine  - Aurora,Japanese,5.0,6630,Davao City Davao Del Sur,True,5.0
k6xm,Saige - Marikina Heights,Rice Bowl,5.0,31,Marikina,True,5.0
k6y2,Hooray Chicken - Marikina,Chicken,5.0,1609,Marikina,True,5.0
k6yl,Kain Baboy - Estanislao Street,Filipino,0.0,0,Muntinlupa City,False,
k76y,Corndog 28 - AIC Grande Tower,Corndogs,5.0,936,Pasig City,True,5.0
k771,Go Gourmand - Russet Street,Silog,4.9,60,Marikina,True,4.9
k7aa,Wing Bomb Korean Chicken Wings - Visayas,Fried Chicken,5.0,1786,Quezon City,True,5.0
k7c1,Joniel's Cakes and Pastries - Matina,Cakes,0.0,0,Davao City Davao Del Sur,False,
k7gy,Gotcha Fresh Tea - SM North Tower,Milk Tea,5.0,161,Quezon City,True,5.0
k7hg,Txanton - Alegria Alta,Coffee,5.0,2,Makati City,True,5.0
k7if,Binalot - Robinson Otis,Filipino,4.9,138,Manila,True,4.9
k7jc,Ma. Lina Catering Services - F Llamas Street,Filipino,5.0,6523,Cebu City,True,5.0
k7jt,Olive Garden - Verve,American,0.0,0,Taguig City,False,
k7la,Red Ribbon - EDSA Malibay,Cakes,5.0,1657,Pasay City,True,5.0
k7ow,McDonald's - Koronadal,Fast Food,4.9,7836,Koronadal South Cotabato,True,4.9
k7p8,Daniel's Pasta Salad and Sandwich - St. Luke's - QC.,Pasta,5.0,493,Quezon City,True,5.0
k7pj,Seattle's Best Coffee - Makati Medical Center,Coffee,5.0,850,Makati City,True,5.0
k7r6,Mabini BBQ Haus - Cabantian,BBQ,0.0,0,Davao City Davao Del Sur,False,
k7wr,Yi Fang Taiwan Fruit Tea -  Century Mall,Milk Tea,5.0,448,Makati City,True,5.0
k7zl,Lugaw Republic - Starmall EDSA,Filipino,0.0,0,Mandaluyong City,False,
k7zm,Coffeebay - IT Park,Coffee,5.0,958,Cebu City,True,5.0
k82a,Macaron Citea - Quezon City,Desserts,0.0,0,Quezon City,False,
k86a,Kape Kristiano - Banilad,Beverages,5.0,15,Cebu City,True,5.0
k8ab,Manang Flor's Panciteria - Barangay Pineda,Filipino,4.9,675,Pasig City,True,4.9
k8ac,KFC - Ever Commonwealth,Fast Food,4.9,2801,Quezon City,True,4.9
k8am,Aunt Mango - Marquinton Residences,Desserts,4.9,250,Quezon City,True,4.9
k8cf,Chopstix Fried Noodles - Puregold Parco,Noodles,4.9,538,Marikina,True,4.9
k8ea,Katsu Curry House - Unlad Condominium,Milk Tea,4.7,776,Manila,True,4.7
k8fr,Auro Chocolate Cafe - Fabtech Building,Desserts,5.0,20,Makati City,True,5.0
k8ka,Whisk Salad Dressings and Dips - Santo Domingo,Salads,5.0,298,Quezon City,True,5.0
k8og,Johnn Lemon - Food Choices Alabang Town Center,Fruit Shake,0.0,0,Muntinlupa City,False,
k8qg,The Coffee Bean & Tea Leaf - Laperal Apartments,Coffee,4.9,460,Manila,True,4.9
k92q,Titahoo Foods and Refreshments - Conclair Point,Snacks,0.0,0,Koronadal South Cotabato,False,
k95b,R. Lapid's Chicharon and Barbecue - Farmers Market,Snacks,5.0,18,Quezon City,True,5.0
k992,PABLO ESCAFE - Quezon City,Beverages,0.0,0,Quezon City,False,
k9gu,Mexicano Bueno - Timog,Rice Bowl,2.8,13,Quezon City,True,2.8
k9k0,Mano Chicken - Fairview,Fried Chicken,5.0,37,Quezon City,True,5.0
k9kd,Roxsies Sinugba - Holy Spirit,Filipino,5.0,753,Quezon City,True,5.0
k9pa,Taters - SM City San Lazaro,Snacks,5.0,25,Manila,True,5.0
k9pf,Kens Grill And Restaurant - Bonifacio Street,Asian,5.0,1295,Koronadal South Cotabato,True,5.0
k9qu,KD Food Services - Gen Malvar Street,Korean,0.0,0,Makati City,False,
k9rk,Greenwich - Starmall Shaw,Pizza,5.0,2811,Mandaluyong City,True,5.0
k9rz,Nitro 7 Coffee & Tea Bar - Northgate,Coffee,4.9,382,Muntinlupa City,True,4.9
k9si,McDonald's - Shaw MG Tower,Fast Food,5.0,8798,Mandaluyong City,True,5.0
k9xj,Ate Rica's Bacsilog - Shell Sto. Domingo,Silog,5.0,31,Quezon City,True,5.0
ka3x,Popeyes Chicken - Kroma,Chicken,5.0,4587,Makati City,True,5.0
ka5r,Snack Attack - Tigatto,Fast Food,4.7,23,Davao City Davao Del Sur,True,4.7
kal2,Samgyupsarap Korean Grill House - Sampaloc,Japanese,4.3,447,Manila,True,4.3
kato,CHICHA San Chen - Robinsons Magnolia,Milk Tea,0.0,0,Quezon City,False,
kau2,A LITTLE TEA,Asian,0.0,0,Quezon City,False,
kav1,FR Coffee House - Festival Mall,Coffee,0.0,0,Muntinlupa City,False,
kava,"SANRISE: Lutong Bahay, Bulalohan, Tapsihan atbp - North Signal Village",Filipino,4.9,38,Taguig City,True,4.9
kb2r,Chaboba - NCCC Mall Victoria Plaza,Beverages,0.0,0,Davao City Davao Del Sur,False,
kb5k,Buffalo's Wings N' Things - Glorietta 3,Chicken Wings,4.9,86,Makati City,True,4.9
kbga,Gentleman Korean Restaurant - Polaris Center Building,Korean,5.0,297,Makati City,True,5.0
kbi7,Ramen Nagi - Robinsons Place Malolos,Ramen,5.0,137,Malolos Bulacan,True,5.0
kbjp,Coffee Chapters - Burgos St.,Coffee,5.0,616,Pasay City,True,5.0
kbpt,Lechoneria - Robinson's Galleria,Lechon,0.0,0,Quezon City,False,
kbro,Nine Fresh - Lucky Chinatown Mall,Desserts,5.0,99,Manila,True,5.0
kbrs,New York Buffalo Brads Hot Wings - Garden Bloc,Chicken Wings,5.0,2632,Cebu City,True,5.0
kbw2,Aling Pinang Halo-Halo Sa Ugbo Food Store - 2203 F. Varona Street Barangay 96,Halo-Halo,4.9,127,Manila,True,4.9
kbxv,Dulcinea - SM Marikina,Western,5.0,39,Marikina,True,5.0
kc0o,The HongKong Fried Noodles Original - Manila,Rice Noodles,0.0,0,Manila,False,
kc4i,Pares Retiro Kalye Express - Shaw,Pares,4.9,765,Pasig City,True,4.9
kc53,Bulalo World - Makati Avenue,Soups,5.0,1473,Makati City,True,5.0
kcio,HE-CHA MILKTEA PASAY,Milk Tea,4.3,30,Pasay City,True,4.3
kclb,Sol’s Halohalo & Desserts - Katipunan Street,Halo-Halo,5.0,252,Cebu City,True,5.0
kcn1,OH MY CHICKEN - Youniversity Suites,Snacks,4.9,86,Manila,True,4.9
kcn5,Manny's Lutong Bahay - San Roque Street,Filipino,5.0,2847,Quezon City,True,5.0
kcqx,Wright Wings - Holy Spirit,Chicken Wings,0.0,0,Quezon City,False,
kcse,Mama Lou's Italian Kitchen - Madison Galeries,Italian,4.9,151,Muntinlupa City,True,4.9
kcsi,Mango Project Milkshakes and Waffles - Merville,Pancakes & Waffles,4.9,11,Pasay City,True,4.9
kctl,Waffle Haus - Fisher Mall 325 Quezon Avenue,Pancakes & Waffles,4.9,35,Quezon City,True,4.9
kd1m,Taste of HongKong Cafe - Poblacion,Chinese,5.0,317,Makati City,True,5.0
kd23,Baguio - Sagada Iced Coffees by Humble Bee - Lacson Street,Coffee,0.0,0,Koronadal South Cotabato,False,
kd2r,Namaste by Van Raj - Pajo,Indian,5.0,185,Lapu-Lapu City Cebu,True,5.0
kd64,Daily Shawarma Station  - Colonnade Colon,Snacks,0.0,0,Cebu City,False,
kdao,Master Siomai - MCF Lifestyle Hub,Siomai,5.0,139,Malolos Bulacan,True,5.0
kdec,The Bistro Rooftop - Hallare Building,Coffee,0.0,0,Pasig City,False,
kdee,The Sandwich Guy - Avida BGC,Sandwiches,5.0,310,Taguig City,True,5.0
kdem,Namit Lechon Manok,Chicken,5.0,23,Davao City Davao Del Sur,True,5.0
kdjs,Cafe Tiji,Unknown,5.0,18,Mandaluyong City,True,5.0
kdkf,Hanami Japanese Restaurant - Maginhawa Street,Japanese,5.0,38,Quezon City,True,5.0
kdm6,Goto King - Kapitolyo,Filipino,4.9,803,Pasig City,True,4.9
kdmo,Fruits-in-Cup - Ulas,Snacks,5.0,28,Davao City Davao Del Sur,True,5.0
kdmr,Bo's Coffee - MOA,Coffee,5.0,119,Pasay City,True,5.0
kdnw,Healthy Lemon - 500 Shaw,Fruit Shake,0.0,0,Mandaluyong City,False,
kdpc,Bulalo Sa Kahilom - Beata Street,Bulalo,4.9,650,Manila,True,4.9
kdud,PICKUP COFFEE - Caltex Wilson,Coffee,0.0,0,San Juan,False,
kdx8,Sentro 8 - Sugbo Sentro IT Park,Coffee,0.0,0,Cebu City,False,
kdzi,Turks - Puregold Tuktukan,Shawarma,5.0,260,Taguig City,True,5.0
ke1u,Harlan + Holden Coffee  - 28th St & 3rd BGC ( Because Coffee ),Coffee,5.0,233,Taguig City,True,5.0
ke84,Sukiya - Festival Mall,Japanese,0.0,0,Muntinlupa City,False,
ked9,926 - Tomas Pinpin Street,Filipino,5.0,200,Manila,True,5.0
kedm,Villa Tuna Restaurant - Sayre Highway,Seafood,5.0,612,Valencia Bukidnon,True,5.0
kefp,Silogan'treats by J&J - Marikina Heights,Silog,0.0,0,Marikina,False,
kem8,Food Trip Section - EE Viking Alaska,Lechon,0.0,0,Cebu City,False,
kep8,PICKUP COFFEE - Ayala Malls Central Bloc,Beverages,5.0,291,Cebu City,True,5.0
keuy,Pepa Wings - Shell Malolos Bulacan,Chicken,4.9,15,Malolos Bulacan,True,4.9
kevk,Tango Tandoor - BGC Corporate Center,Indian,3.5,13,Taguig City,True,3.5
kezq,Kumori - Sampaloc,Snacks,5.0,66,Manila,True,5.0
kf5e,Tealive - Tikay Malolos,Milk Tea,5.0,287,Malolos Bulacan,True,5.0
kf5s,Milez Bakeshop - Tinago,Bread,0.0,0,Cebu City,False,
kfam,Rhian Ramos' Healthy Appetite - Quezon Avenue,Chicken,5.0,74,Quezon City,True,5.0
kfdm,Dulce's Kakanin - Mamay Road,Snacks,5.0,257,Davao City Davao Del Sur,True,5.0
kfey,Wings 'n Chips - National Road,Chicken Wings,0.0,0,Muntinlupa City,False,
kfhn,Brew and Co,Snacks,4.9,15,Quezon City,True,4.9
kfiq,Hidden Vietnam - Pasig,Asian,5.0,19,Pasig City,True,5.0
kfix,Macrina Homemade food Retailing,Filipino,0.0,0,Taguig City,False,
kfts,"Ally Mango - The Outlets at Pueblo Verde, MEZ II",Fruit Shake,5.0,387,Lapu-Lapu City Cebu,True,5.0
kfx1,The Crunch - Binondo,Fried Chicken,5.0,103,Manila,True,5.0
kg07,Domino's Pizza - Chino Roces Avenue,Pizza,4.8,2403,Makati City,True,4.8
kg5d,Felmart Lechon - Cabantian,Lechon,4.9,389,Davao City Davao Del Sur,True,4.9
kgdx,Dadudz Unli Wings - MF Jhocson,Chicken Wings,4.5,312,Manila,True,4.5
kge7,Cafe Amazon - Project 4,Coffee,5.0,291,Quezon City,True,5.0
kgh4,Matsuya Na Japanese Restaurant - The Fort Strip,Japanese,4.9,375,Mandaluyong City,True,4.9
kgh8,Royal Panda Dimsum & Noodle House - Holy Spirit Drive,Chinese,5.0,260,Quezon City,True,5.0
kglm,Afterdark Restobar - Nueva Vizcaya,Snacks,0.0,0,Quezon City,False,
kgq1,TrueWin - SM City North Towers,Milk Tea,5.0,77,Quezon City,True,5.0
kh00,The Aristocrat Restaurant - Malolos,Filipino,5.0,361,Malolos Bulacan,True,5.0
kh36,E-Haws ATBP - Atlag,Filipino,4.9,211,Malolos Bulacan,True,4.9
kh92,Tomo Kopi - Emilio Jacinto Street,Coffee,5.0,274,Davao City Davao Del Sur,True,5.0
khno,"Mix & Match Jollibee, Mang Inasal, Chowking & Greenwich - CityMall North Town Davao",Fried Chicken,4.9,2528,Davao City Davao Del Sur,True,4.9
khno,"CityMall Mix & Match Jollibee, Mang Inasal, Chowking & Greenwich - North Town Davao",Fried Chicken,4.9,2379,Davao City Davao Del Sur,True,4.9
khnt,I Love Milktea - Tayuman,Milk Tea,5.0,1167,Manila,True,5.0
khs1,Da In Korean Restaurant - Salinas Drive,Korean,4.9,204,Cebu City,True,4.9
ki3d,Dulce Bakery by Mela - Taguig City,Desserts,5.0,49,Taguig City,True,5.0
kich,Don Benito's - Nangka,Cakes,5.0,111,Marikina,True,5.0
kidy,Pio's Cotton Candy - SM City Santa Mesa,Snacks,0.0,0,Quezon City,False,
kigq,Raffy's Coffee Crafts - D. Tuazon,Coffee,5.0,64,Quezon City,True,5.0
kihr,Gang Gang Boneless Fried Chicken - Maysilo Street,Fried Chicken,5.0,1142,Mandaluyong City,True,5.0
kiht,Chickboi Batasan,Filipino,0.0,0,Quezon City,False,
kilv,CAFE JUANCHO -  Dela Rosa Street,American,5.0,158,Makati City,True,5.0
kixq,Pepa Wings - SM Megamall Foodcourt,Chicken Wings,4.9,27,Mandaluyong City,True,4.9
kiya,Kanto Chix Biryani & Sizzlers - Lahug,Chicken,0.0,0,Cebu City,False,
kj3i,On The Side Cafe - Banilad,Beverages,5.0,28,Cebu City,True,5.0
kjbu,"But First, Coffee - Gen. Ordoñez Avenue",Asian,5.0,580,Marikina,True,5.0
kjcf,Panchitos - Eastwood,American,4.9,80,Quezon City,True,4.9
kjch,Siomai House - Ascension Lagro,Siomai,5.0,19,Quezon City,True,5.0
kjgx,Hoi Coffee - myStay BGC East,Coffee,5.0,46,Makati City,True,5.0
kji9,Bubba Brews - Sacred Heart Village,Filipino,0.0,0,Quezon City,False,
kjit,CAFE BARBERA - Greenhills Mall,Filipino,0.0,0,San Juan,False,
kjo5,Ta Ramen Na - San Andres,Japanese,4.9,167,Manila,True,4.9
kjq6,Snackboxx - MegaONE Building,Coffee,0.0,0,Quezon City,False,
kjqs,Elait! - Robinsons Galleria,Ice Cream,5.0,53,Pasig City,True,5.0
kjrp,TOMORO COFFEE - SM Sta Mesa,Beverages,0.0,0,Quezon City,False,
kjtk,B1T1 Takeaway Coffee - Gateway Mall,Coffee,0.0,0,Quezon City,False,
kju6,BBQ HOUSE,BBQ,0.0,0,Cebu City,False,
kk06,Smash It: Burgers & More - Marikina Heights,American,5.0,1039,Marikina,True,5.0
kk0e,Jones All Day - Serendra Piazza,Asian,4.8,23,Taguig City,True,4.8
kk0x,Sueno Coffee - Sunshine Boulevard,Coffee,0.0,0,Quezon City,False,
kk50,Random Cafe - L Gabuya Street,Coffee,5.0,129,Cebu City,True,5.0
kkax,Bigbrew - Mercedes Avenue,Coffee,5.0,140,Pasig City,True,5.0
kkb7,Jabroni’s NYC Pizza - Powerplant,Pizza,5.0,26,Makati City,True,5.0
kkpr,Botejyu - SM Center Dagupan,Japanese,4.9,84,Dagupan Pangasinan,True,4.9
kkxd,Hermanos Taco Shop - BGC,Western,5.0,31,Taguig City,True,5.0
kl85,Timplang Pinoy: Filipino Eats - Fairview,Filipino,4.9,49,Quezon City,True,4.9
kl8r,Rapto Burger - ML Quezon Ave,Filipino,0.0,0,Taguig City,False,
klk9,Ramyunini Bistro - Makati Executive Tower 1,Asian,4.8,22,Makati City,True,4.8
klov,Zubuchon - Mactan Marina Mall,Filipino,0.0,0,Lapu-Lapu City Cebu,False,
klox,Manang's Inasal - Timog Avenue,Ulam,5.0,12,Quezon City,True,5.0
klrt,74 Apartment Cafe - Malibay,Coffee,5.0,214,Pasay City,True,5.0
klv5,Le Katsu Mnl - Maligaya,Japanese,5.0,150,Quezon City,True,5.0
klyy,Mr. Happy Kebab - Ayala Malls Cloverleaf,Middle Eastern,0.0,0,Quezon City,False,
km01,Cocopan - Pinagsama,Coffee,4.9,204,Taguig City,True,4.9
km17,32 Italian Kitchen - The Bellavista Hotel,Pizza,5.0,32,Lapu-Lapu City Cebu,True,5.0
km4x,Master Chop,Chinese,0.0,0,Manila,False,
km9h,I Love Milktea - Wilcon City Center,Milk Tea,4.9,22,Quezon City,True,4.9
kmc5,The Second Cup Coffee - Wilson St. Lahug,Coffee,5.0,94,Cebu City,True,5.0
kmdq,King Sisig - Bagong Ilog C5,Sisig,4.9,673,Pasig City,True,4.9
kmhm,TOMO Coffee - Greenhills,Coffee,5.0,33,San Juan,True,5.0
kmjg,The Coffee Corridor by Brisbane Street - Rufino Plaza,Filipino,4.9,10,Makati City,True,4.9
kmkp,Coffee Gusto - Zinnia Towers,Coffee,5.0,10,Quezon City,True,5.0
kmnp,King Chef - Banawe,Chinese,5.0,41,Quezon City,True,5.0
kmrn,Gensan Seafoods and Grill - Cuatro De Julio,Japanese,4.8,13,Quezon City,True,4.8
kmvq,BEQAA in AbacaEats - Base Line Center,Rice Dishes,4.9,14,Cebu City,True,4.9
kn90,Kung Fu Chicken,Ulam,0.0,0,Pasay City,False,
knea,Selecta Ice Cream - Punta Ormoc,Ice Cream,5.0,373,Ormoc Leyte,True,5.0
knmv,AM Cafe - Molito,Filipino,0.0,0,Muntinlupa City,False,
knnq,TakoYari Mix - WalterMart The Junction,Asian,0.0,0,Quezon City,False,
kno2,Biryani Hub - Runway 3 Food Park,Filipino,4.8,219,Lapu-Lapu City Cebu,True,4.8
kno2,Boss Dan Pares and Sizzlers - Opon Airport Road,Filipino,4.8,217,Lapu-Lapu City Cebu,True,4.8
knqw,Sisig Cravers - Project 8,Filipino,0.0,0,Quezon City,False,
knzq,Burrito Loco - Dagupan,Filipino,4.8,40,Dagupan Pangasinan,True,4.8
ko9i,Turks - Metroplaza,Shawarma,5.0,265,Dagupan Pangasinan,True,5.0
kocl,Candy Corner - SM City San Lazaro,Desserts,0.0,0,Manila,False,
kocx,Five Star Chicken - Atherton North Fairview,Chicken,4.7,26,Quezon City,True,4.7
kok1,Common Ground - Ayala Central Bloc IT Park,Coffee,5.0,137,Cebu City,True,5.0
kokr,"GRACIAS TAPSILOGAN, SIZZLING AT IBA PA - Fernando Building",Silog,5.0,58,Malolos Bulacan,True,5.0
kokz,Cookies by the Bucket - Capitol Commons Park,Desserts,0.0,0,Pasig City,False,
koor,Randy's Donuts - Conrad,American,0.0,0,Pasay City,False,
kop1,#Thaii-Talk Milktea House - San Vicente,Milk Tea,1.6,2,Davao City Davao Del Sur,True,1.6
koqc,Hard Rock Cafe - Conrad,American,0.0,0,Pasay City,False,
koqv,Captain J Takoyaki - Urgello,Takoyaki,5.0,223,Cebu City,True,5.0
kovm,Test Account 2 - Milestone BGC,American,0.0,0,Taguig City,False,
kp2b,Balai Kaffa Cafe - Malugay Street,Filipino,0.0,0,Makati City,False,
kp39,Food Diaries - Lahug Christian School,Cakes,0.0,0,Cebu City,False,
kpee,Famous Belgian Waffles - Maybunga,Pancakes & Waffles,5.0,485,Pasig City,True,5.0
kphg,Samgyupsalamat - SM East Ortigas,BBQ,4.3,10,Pasig City,True,4.3
kpi0,Bo's Coffee - San Francisco Malolos Bayan,Coffee,5.0,240,Malolos Bulacan,True,5.0
kpi3,Sunburst Fried Chicken - Banawa Centrale,Chicken,5.0,265,Cebu City,True,5.0
kpl7,Saige - Manila,Rice Bowl,5.0,18,Manila,True,5.0
kpm0,101 Korean Sandwich x 101 Korean Hotdog - Estancia,Corndogs,5.0,63,Pasig City,True,5.0
kpmu,Ruizhong Chicken House and Restobar - P Sobrecarey Street,Chicken,0.0,0,Davao City Davao Del Sur,False,
kpq1,Out of Nowhere Kitchen - SM Manila,Japanese,0.0,0,Manila,False,
kpt9,Te'kila - BGC Corporate Center 2,Wraps,0.0,0,Taguig City,False,
kq1c,Piggy Wings - Holy Spirit,Chicken,4.9,248,Quezon City,True,4.9
kq1s,Baram Pizza - Mandaluyong,Pizza,4.9,312,Mandaluyong City,True,4.9
kq81,Ulam Delights - Alabang Zapote Road,Chicken,5.0,37,Muntinlupa City,True,5.0
kq8u,Lemonology - Bayanan,Fruit Shake,0.0,0,Muntinlupa City,False,
kqcw,AJ Street Thai Food - Pusok,Thai,4.6,66,Lapu-Lapu City Cebu,True,4.6
kqef,Ling Nam - The Link Carpark,Bread,4.9,51,Makati City,True,4.9
kqgo,MOMMA SHAWARMA - SHELL,Shawarma,3.5,285,Lapu-Lapu City Cebu,True,3.5
kqgs,Alab Firewood Lechon Manok- Maa,Lechon,0.0,0,Davao City Davao Del Sur,False,
kqj1,Jonet Snack Bar,Ulam,4.7,46,Davao City Davao Del Sur,True,4.7
kql9,RedCat Cafe and Restaurant - Marcos Highway,American,0.0,0,Quezon City,False,
kqmi,Masita Eatery Opc - Cartimar Shopping Center,Korean,4.8,42,Pasay City,True,4.8
kqog,Captain Calamares- Market Market,Asian,4.5,43,Taguig City,True,4.5
kqpp,KFC - Landmark Alabang,Fast Food,4.9,946,Muntinlupa City,True,4.9
kqsb,Persia Grill Express - Levi 2,Shawarma,4.9,73,Taguig City,True,4.9
kqsh,Monstakoyaki - Banlat Road,Snacks,0.0,0,Quezon City,False,
kr2m,Tonkatsuya Japanese Cuisine - Wilson Promenade Building,Japanese,5.0,98,San Juan,True,5.0
krcg,Beef Street Burgers - Malolos,American,5.0,62,Malolos Bulacan,True,5.0
krhd,Claire's Kitchen + Cafe - Sandoval Ave,Filipino,0.0,0,Pasig City,False,
krpx,Shrimp Bucket - Rockwell Business Center,Seafood,4.8,17,Mandaluyong City,True,4.8
krxl,Gata Eats - Hulo,Filipino,5.0,248,Mandaluyong City,True,5.0
ks7o,Veneziana Pizza - Avida Towers Riala,Pizza,4.8,265,Cebu City,True,4.8
ks90,Five Star Chicken - Mendez Street,Fried Chicken,4.9,335,Quezon City,True,4.9
ksc3,Cheesecake Signature - Bangkal,Cakes,0.0,0,Davao City Davao Del Sur,False,
ksjd,Dot Coffee - Landmark Trinoma,Coffee,5.0,20,Quezon City,True,5.0
kskv,TCC Beans & leaves - Batasan,Pizza,4.7,44,Quezon City,True,4.7
kslz,Kuku by Don Macchiatos Mabolo Persimmon - Mabolo,Ice Cream,0.0,0,Cebu City,False,
ksus,Bert's Brew - Mandaluyong,Coffee,0.0,0,Mandaluyong City,False,
kt04,Mang Tomas Ganado Express by Cloudeats - Maginhawa,Sisig,0.0,0,Quezon City,False,
kt0y,Fish & Co - My South Hall,American,0.0,0,Pasay City,False,
kt22,Friends Fries - C Palanca,Snacks,0.0,0,Makati City,False,
kt2l,Boba Bear Milk Tea - New Lower Bicutan,Milk Tea,4.9,86,Taguig City,True,4.9
kt7u,Bibingkinitan - Fisher Mall,Snacks,5.0,41,Quezon City,True,5.0
kt9k,Tokyo Tempura - Robinsons Manila,Japanese,4.9,50,Manila,True,4.9
ktb7,Jus & Jerry's - WalterMart E Rodriguez,Chicken,5.0,475,Quezon City,True,5.0
ktbi,Las Flores - Alabang Filinvest,American,0.0,0,Muntinlupa City,False,
ktjj,Kanzen Sushi Roll - Manggahan,Sushi,5.0,220,Pasig City,True,5.0
ktly,Zis Goods Halal - Boulevard,Silog,0.0,0,Davao City Davao Del Sur,False,
ktq4,Yogorino - SM Mall of Asia,Desserts,4.8,31,Pasay City,True,4.8
ktr1,SIZZLIG - Nepo Mall Dagupan,Filipino,0.0,0,Dagupan Pangasinan,False,
ktsz,Katsu Kitchen - Tondo,Japanese,4.9,29,Manila,True,4.9
ktuc,Chooks to Go - West Rembo,Chicken,5.0,367,Makati City,True,5.0
ktut,"Tapsulit - Putatan, Muntinlupa",Silog,5.0,146,Muntinlupa City,True,5.0
ktwo,Baliwag Lechon Manok at Liempo - Basak,Chicken,4.9,222,Lapu-Lapu City Cebu,True,4.9
ku0y,PRITO’S - Pasay,Asian,0.0,0,Pasay City,False,
ku14,Khit's Food - Buhangin-Cabantian,Silog,0.0,0,Davao City Davao Del Sur,False,
ku1z,Sabaw Manila Atbp - Sampaloc,Filipino,5.0,5844,Manila,True,5.0
ku81,298 Side Streat Waffle Food Kiosk - Muntinlupa,Pancakes & Waffles,0.0,0,Muntinlupa City,False,
ku9s,McDonald's - Parkwood Pasig,Fast Food,4.9,7077,Pasig City,True,4.9
kudm,Mabini BBQ Haus - Buhangin,BBQ,0.0,0,Davao City Davao Del Sur,False,
kujy,CHEF'S BOWL & RICE,Chicken,0.0,0,Quezon City,False,
kuk2,SH Food Catering - Obrero,Salads,4.9,11,Davao City Davao Del Sur,True,4.9
kukh,Yami’s Restobar - Odi Osmenia,Filipino,4.7,17,Koronadal South Cotabato,True,4.7
kumc,Feta Mediterranean - Rockwell,Curry,4.9,34,Makati City,True,4.9
kuoq,Korispy Fried Chicken - Bayani Road,Fried Chicken,0.0,0,Taguig City,False,
kuqy,Buenas Sausages & Fries - Robinsons Cybergate,American,4.7,10,Mandaluyong City,True,4.7
kv2o,Lugaw ni Bossing - IT Park,Porridge,5.0,1475,Cebu City,True,5.0
kv38,Cha Tuk Chak - Arnaiz Avenue,Milk Tea,5.0,3163,Pasay City,True,5.0
kv6t,Bermuda Drive Inn - Sultan Mandaluyong,Filipino,5.0,475,Mandaluyong City,True,5.0
kv86,TastyWeengs Chicken House - Countryside,Filipino,4.9,29,Pasig City,True,4.9
kvcu,Hime Japanese Resto Bar - Matina Crossing,Japanese,0.0,0,Davao City Davao Del Sur,False,
kvel,Mo' Cookies - Uptown BGC,Cakes,5.0,105,Taguig City,True,5.0
kvez,Onion Leeks - Sampaguita,Filipino,5.0,192,Makati City,True,5.0
kvg3,HOUSE OF TAK-OH-YAKI,Filipino,0.0,0,Quezon City,False,
kvl7,Eat Pizza - SM Mall of Asia,Pizza,0.0,0,Pasay City,False,
kvnu,Biriyani Hut Restaurant - TAPUAC,Filipino,2.8,20,Dagupan Pangasinan,True,2.8
kw1f,Hearts and Bells - Bagac Street,Cakes,5.0,68,Manila,True,5.0
kw69,Secret Kitchen - Uptown Mall,Filipino,5.0,149,Taguig City,True,5.0
kwc9,Lemon Square Bakery Treats - Taft Manila,Cakes,5.0,1244,Pasay City,True,5.0
kwdi,Eduardo's Pancit Malabon House - Richland Avenue,Filipino,5.0,76,Quezon City,True,5.0
kwgz,Cake Me Home Pastry Shop - Foodee Park,Cakes,3.6,15,Cebu City,True,3.6
kwm1,Tutong's Laksa - Domingo M. Guevara,Asian,4.8,159,Mandaluyong City,True,4.8
kwmn,1980 Blends & Brews - Jordan Plains IV Branch,Takoyaki,0.0,0,Quezon City,False,
kwos,Unlisted Burger - IT Park,Burgers,5.0,474,Cebu City,True,5.0
kwou,Chica's Bagnet Express - 17th Avenue Cubao,Liempo,4.3,42,Quezon City,True,4.3
kwpa,Hangout Mandaluyong Restaurant - Greenfield District,Burgers,4.6,21,Mandaluyong City,True,4.6
kwrc,POPS Wings and Ribs - Malate,Silog,0.0,0,Manila,False,
kwrc,POPS Wings and Ribs - Leveriza Street,Silog,0.0,0,Manila,False,
kwwy,Popeyes Chicken - Eton Centris,Chicken,4.9,2348,Quezon City,True,4.9
kwyd,Sugarhouse - N Domingo,Chicken,0.0,0,Quezon City,False,
kx01,Crazy Maki - Festival Mall,Japanese,5.0,58,Muntinlupa City,True,5.0
kx0y,Kaimasu - Dalupan Street,Sisig,4.7,60,Manila,True,4.7
kx4o,Oishi Ramen Bai - Davao,Japanese,0.0,0,Davao City Davao Del Sur,False,
kx5s,TLC Tender Loving Cakes - Dela Rosa Street,Cakes,5.0,1108,Makati City,True,5.0
kxaf,Beshie Burgers - Poblacion,Burgers,0.0,0,Makati City,False,
kxbq,Egg Bomb - General Estrella,Sandwiches,5.0,669,Makati City,True,5.0
kxc0,Beanleaf Coffee And Tea - One Paseo,Fruit Shake,5.0,17,Cebu City,True,5.0
kxd2,Happy Tumtum Dessert House - Labangon,Cakes,5.0,199,Cebu City,True,5.0
kxd3,Kanzen Sushi Roll - Congressional,Sushi,5.0,1544,Quezon City,True,5.0
kxd6,Saad's Kitchenette - City Time Square Mactan,Indian,5.0,182,Lapu-Lapu City Cebu,True,5.0
kxfn,Wingfinity And Beyond Food Ventures Inc - Roosevelt Avenue,Chicken Wings,5.0,442,Quezon City,True,5.0
kxh3,ROCCAT & JUICE,Chicken,4.9,18,Pasay City,True,4.9
kxja,Crumberries - 15th Avenue,Sandwiches,4.9,270,Quezon City,True,4.9
kxrv,Molave Kaffee & Bistro - Molave Street,Filipino,3.6,15,Cebu City,True,3.6
kxsi,Arroz Ecija - Robinsons Malolos,Filipino,4.7,57,Malolos Bulacan,True,4.7
kxtw,Bayani Busog Bowls - Shaw JRU,Filipino,0.0,0,Mandaluyong City,False,
kxz2,Texas Roadhouse - Estancia,American,0.0,0,Pasig City,False,
ky75,SSC Express - Salas,Middle Eastern,4.9,780,Manila,True,4.9
ky83,Mamita's Burger & Pizza - Diliman,Pizza,5.0,28,Quezon City,True,5.0
kyba,TBC CAFE - Commonwealth,Coffee,0.0,0,Quezon City,False,
kyfw,Marugame Udon - Uptown BGC,Japanese,5.0,2914,Taguig City,True,5.0
kygj,Sip Up Coffee - Sampaguita Street,Coffee,0.0,0,Taguig City,False,
kysh,MrBeast Burger X JustKitchen - Malate,Burgers,0.0,0,Manila,False,
kyt7,Yormenok - Pio del Pilar,Chicken,0.0,0,Makati City,False,
kyvi,Fluff: Sweet & Savory Stuff,Bread,5.0,206,Davao City Davao Del Sur,True,5.0
kz0l,Kola Tea - UNITOP Lapu-Lapu City,Milk Tea,4.8,18,Lapu-Lapu City Cebu,True,4.8
kz0p,Sulit Shawarma! - Maginhawa,Shawarma,4.8,321,Quezon City,True,4.8
kz1u,Max Mango - Ibo,Beverages,0.0,0,Lapu-Lapu City Cebu,False,
kz3u,Lemonzito - 1 Nito Tower Cebu,Beverages,4.7,31,Cebu City,True,4.7
kzh1,TO THE WOK - Palar Branch,Dim Sum,0.0,0,Taguig City,False,
kzjh,Tempukatsu,Japanese,5.0,12,Manila,True,5.0
kzks,Max's Corner Bakery - Shangrila,Cakes,0.0,0,Mandaluyong City,False,
kzo2,Randy's Donuts - Arcovia,American,0.0,0,Pasig City,False,
kzvp,Italianni's - Ayala North Exchange,Italian,0.0,0,Makati City,False,
kzvr,Ka Paeng Coffee Shop - Catalunan Grande,Filipino,0.0,0,Davao City Davao Del Sur,False,
kzxi,Chocolate Cakes by Nicole - Bulacao,Cakes,5.0,76,Cebu City,True,5.0
kzxu,The Aristocrat Bakeshop - Roxas Boulevard,Cakes,5.0,338,Manila,True,5.0
l00j,Rafa's Kitchen Gyud - Food UP Food Hub,Filipino,5.0,57,Quezon City,True,5.0
l01b,Yoboo by Chaboba - Robinsons Galleria,Beverages,5.0,95,Cebu City,True,5.0
l042,KK Burger - Espana BLVD,Burgers,0.0,0,Manila,False,
l07q,Pitalicious Shawarma - Kalentong,Asian,0.0,0,Taguig City,False,
l0id,Bacolod Chicken Inasal - Quezon City Circle,Filipino,5.0,1255,Quezon City,True,5.0
l0jf,Papa Burger - SB Diversion Branch,Burgers,5.0,12,Quezon City,True,5.0
l0my,Sen Lek Thai Noodle - Makati Central Square,Thai,5.0,996,Makati City,True,5.0
l0oe,Tatay’s Lechon - Sampaguita Street,Lechon,4.9,503,Makati City,True,4.9
l0py,Batchilog - Astrovillas,Filipino,4.9,342,Quezon City,True,4.9
l0ts,Toppiz - Panacan,Pizza,0.0,0,Davao City Davao Del Sur,False,
l0uq,Jasper's - Malolos,American,5.0,321,Malolos Bulacan,True,5.0
l0x4,Yellow Cab - Marikina,Pizza,5.0,351,Marikina,True,5.0
l0yl,Paluto by Trinity - Dampa  Seaside Market,Seafood,5.0,181,Pasay City,True,5.0
l17g,Little Italy - Promenade Greenhills,Pizza,4.5,16,San Juan,True,4.5
l1an,Bang Bang Special Crispy Bangus - Road 2,Seafood,5.0,151,Quezon City,True,5.0
l1eb,Baliwag Grill & Restaurant - Visayas Avenue,Filipino,5.0,590,Quezon City,True,5.0
l1fl,Crunch Time - Scout Borromeo,Fried Chicken,4.9,512,Quezon City,True,4.9
l1hq,Potato Corner - Shangri La Annex,Fries,4.9,176,Mandaluyong City,True,4.9
l1ic,Breads & Blends - Alba Street,Coffee,5.0,1841,Koronadal South Cotabato,True,5.0
l1ln,Remilly's Yema Cake - SM Center Pasig,Cakes,5.0,605,Pasig City,True,5.0
l1lv,Cochi Loco Cocina Mexicana - Makati City,Western,4.9,282,Taguig City,True,4.9
l1mu,Papsy's BBQ - Gaisano Grand Mall Cordova,Filipino,5.0,360,Lapu-Lapu City Cebu,True,5.0
l1mv,ChocoBeanTea - Ayala Central Bloc,Milk Tea,5.0,247,Cebu City,True,5.0
l1pf,Sunae Asian Cantina - BGC,Asian,4.0,33,Taguig City,True,4.0
l1ph,Hyderabad Dine In - Banilad,Indian,4.9,1576,Cebu City,True,4.9
l1pj,Carics Rice Tops - Agno,Ulam,0.0,0,Manila,False,
l1ql,DAKS Shawarma by Boys Night Out - Maginhawa,Shawarma,4.9,155,Quezon City,True,4.9
l1s7,Food Mania Paresan- Buhangin,Pares,5.0,100,Davao City Davao Del Sur,True,5.0
l1tf,Marinduquenos Litson Manok - Bagumbayan Taguig City,Chicken,0.0,0,Taguig City,False,
l1uk,Figaro Coffee - Trinoma,Coffee,0.0,0,Quezon City,False,
l1wb,Elsie's Bar-B-Que - 3rd Street,Chicken,5.0,1336,Manila,True,5.0
l1wf,Goto Panalo - Jabson Street,Filipino,4.9,555,Pasig City,True,4.9
l1wl,Anin's Bar & Grill - Indangan,Ulam,0.0,0,Davao City Davao Del Sur,False,
l1zg,Mister Donut -  The Marketplace Shopping Mall,Donut,5.0,89,Mandaluyong City,True,5.0
l209,Big Daddy - Il Corso,Burgers,5.0,158,Cebu City,True,5.0
l22g,KKD,Fast Food,4.8,30,Koronadal South Cotabato,True,4.8
l23g,Overload Avenue - The Food Camp,Seafood,0.0,0,Lapu-Lapu City Cebu,False,
l28i,Shawraaap The Best Shawarma - Santa Ignacia Street,Shawarma,0.0,0,Quezon City,False,
l28p,Yaki Yaki Sumo - San Antonio,Japanese,4.7,222,Makati City,True,4.7
l28p,Yaki Yaki Sumo San Antonio,Japanese,4.8,195,Makati City,True,4.8
l29y,"But First, Coffee - Katipunan",Beverages,4.9,27,Quezon City,True,4.9
l2ao,Fastazee - Bahay Toro,Pizza,5.0,217,Quezon City,True,5.0
l2da,Starbucks - Eton Centris Walk,Coffee,5.0,2774,Quezon City,True,5.0
l2el,Vasso - Pardo,Milk Tea,5.0,1080,Cebu City,True,5.0
l2ft,Fruitas House of Desserts - SM Supermarket Podium,Beverages,5.0,478,Mandaluyong City,True,5.0
l2g8,Le Katsu Mnl - Pardo,Japanese,5.0,153,Cebu City,True,5.0
l2j2,Sooshie Zan Sushi - Fabie Street,Sushi,5.0,49,Manila,True,5.0
l2kd,Mang Inasal - XRC Malolos,Chicken,4.9,4908,Malolos Bulacan,True,4.9
l2le,Three J Lugawan - Earnshaw Street,Porridge,4.9,6736,Manila,True,4.9
l2nb,Abuhan Restaurant - Mango Square,Asian,4.9,798,Cebu City,True,4.9
l2of,The Teacup - Banawa,Asian,4.9,152,Cebu City,True,4.9
l2og,Mumbai Indians Resto,Biryani,5.0,387,Cebu City,True,5.0
l2q7,Bakerite Bakery - AFPCES V. Luna,Cakes,4.8,48,Quezon City,True,4.8
l2qc,"Pidong’s Batangas Lomi, Goto, at Bulalo - Concepcion Uno",Lomi,5.0,1695,Marikina,True,5.0
l2sb,Tastes from the Greens - Katipunan,Milk Tea,5.0,751,Quezon City,True,5.0
l2tt,Lugaw Republic - Leveriza Street,Porridge,5.0,7194,Pasay City,True,5.0
l2ui,Sabroso Lechon - Marikina,Snacks,0.0,0,Marikina,False,
l2ui,Sabroso Lechon - Concepcion Uno,Snacks,0.0,0,Marikina,False,
l2xp,Mama Lou's Italian Kitchen - Ayala North Exchange,Italian,4.9,336,Makati City,True,4.9
l2y7,Deli By Chele - Power Plant Mall,Sandwiches,0.0,0,Makati City,False,
l2ym,Jinshangluosifen - City Times Square,Chinese,0.0,0,Lapu-Lapu City Cebu,False,
l37d,La Ragazza - Glorietta 4,Pizza,4.7,104,Makati City,True,4.7
l37y,SushiKen - Regalado Avenue,Sushi,4.9,25,Quezon City,True,4.9
l38q,Ice Monkees - Mactan,Ice Cream,0.0,0,Lapu-Lapu City Cebu,False,
l3aa,Chili's - Ayala Center Cebu,Seafood,5.0,110,Cebu City,True,5.0
l3b1,Ongpin Express - Shangri La Plaza Annex,Dim Sum,4.9,46,Mandaluyong City,True,4.9
l3bt,Munchies DGP,American,5.0,23,Dagupan Pangasinan,True,5.0
l3da,KFC - Starmall Edsa Shaw,Fast Food,5.0,2127,Mandaluyong City,True,5.0
l3dx,HK Little Kitchen - Sonema Square,Chinese,4.9,547,Quezon City,True,4.9
l3if,Lemon Stop - Three Central Mall,Beverages,5.0,353,Makati City,True,5.0
l3ix,Chizmozza - Robinsons Place Malolos,Snacks,5.0,154,Malolos Bulacan,True,5.0
l3ld,Wildflour Cafe - Uptown,American,5.0,474,Taguig City,True,5.0
l3ln,Great Mango - Ortigas,Fruit Shake,5.0,932,Pasig City,True,5.0
l3ly,Topokkiman - Banilad Rosedale Place,Asian,5.0,3017,Cebu City,True,5.0
l3mj,May Abohan - E-Mall,Filipino,5.0,238,Cebu City,True,5.0
l3mw,Supersam Greenhills,Pasta,0.0,0,San Juan,False,
l3q2,HURRY CURRY in AbacaEats - Base Line Center,Indian,0.0,0,Cebu City,False,
l3r3,Brisbane Street Ramen and Takoyaki - Zapote Makati,Japanese,0.0,0,Makati City,False,
l3rz,Hatid Pinoy - Marikina,Filipino,5.0,2620,Marikina,True,5.0
l3wo,Pho Hoa - Paseo de Roxas,Noodles,5.0,1048,Makati City,True,5.0
l3yi,Buddy's Pancit Lucban at Longganisang Lucban - Kalayaan,Filipino,5.0,1441,Makati City,True,5.0
l44d,True Boss - Banawe,Beverages,5.0,132,Quezon City,True,5.0
l44x,Nitro 7 Coffee & Tea Bar - Pioneer,Coffee,5.0,68,Mandaluyong City,True,5.0
l46v,Durian Dub Snack Shack x Burger Shack Joint - Quimpo Boulevard,Burgers,4.8,60,Davao City Davao Del Sur,True,4.8
l49w,Inasal Republic - West Avenue,Chicken,0.0,0,Quezon City,False,
l4af,IceCreamHouse - Pasig San Joaquin,Ice Cream,5.0,239,Pasig City,True,5.0
l4ak,Sam's Burger House - San Isidro I,American,4.8,128,Malolos Bulacan,True,4.8
l4bg,Pando's Pizza - San Andres Street,Pizza,4.9,158,Manila,True,4.9
l4jn,Sam 24/7 Diner - Verve Point,Filipino,0.0,0,Cebu City,False,
l4mc,Libertea Milktea - Eastwood,Milk Tea,5.0,236,Quezon City,True,5.0
l4pq,Gerry's Grill - Mactan Cebu,Filipino,5.0,113,Cebu City,True,5.0
l4pt,Basta Inihaw - Aurora Boulevard,Filipino,4.9,1072,Quezon City,True,4.9
l4pw,Bulacan Lugaw Kitchen - Greenhills,Porridge,5.0,970,San Juan,True,5.0
l4t5,Potato Corner - Market Market Activity,Fries,4.9,168,Taguig City,True,4.9
l52d,Jb's Cajun Jambalaya & Seafood Boil - Granada Street,Seafood,0.0,0,San Juan,False,
l52q,Egg Stop - Marikina,Sandwiches,0.0,0,Marikina,False,
l53x,Tropical Hut  - Shaw Boulevard,Burgers,5.0,4767,Pasig City,True,5.0
l540,VOLARIE CAFE AND BISTRO - Davao Cotabato Road,Filipino,4.9,14,Davao City Davao Del Sur,True,4.9
l599,Davao Biryani - Sasa,Biryani,5.0,59,Davao City Davao Del Sur,True,5.0
l5bg,Driptea - Talamban,Milk Tea,5.0,173,Cebu City,True,5.0
l5ke,MANGO-go-Yow - N S Amoranto Street,Fruit Shake,5.0,2581,Quezon City,True,5.0
l5lq,Samgyupsalamat - Malate,BBQ,4.9,15,Manila,True,4.9
l5qy,Cobo Tea - SM Mall of Asia,Milk Tea,5.0,704,Pasay City,True,5.0
l5st,Yayoi - SM Megamall,Japanese,5.0,241,Mandaluyong City,True,5.0
l5vb,Jin Fa Jia - Rada Regency,Milk Tea,5.0,328,Makati City,True,5.0
l5wu,Peking Duck Style Lechon Manok - Project 8,Chicken,4.8,58,Quezon City,True,4.8
l5za,Brickfire Steaks - Xavier Residences Building,Western,5.0,3795,Quezon City,True,5.0
l604,CC FOOD STALL,Filipino,0.0,0,Quezon City,False,
l66b,Shawarma Shack - Parola Simbahan,Shawarma,4.9,36,Pasig City,True,4.9
l6cl,harlan + holden coffee - Power Plant Mall - (because coffee),Coffee,5.0,686,Makati City,True,5.0
l6iw,Macho Birria - Gil Puyat Pasay,Healthy,5.0,60,Pasay City,True,5.0
l6jv,Bored and Hungry - The Grid Food Market Powerplant,Burgers,4.9,43,Makati City,True,4.9
l6lm,Greyson's Dimsum and Noodles - R Pascual,Noodles,5.0,3009,San Juan,True,5.0
l6m0,99 Peso Sulit Chicken - Cybergate,Fried Chicken,4.9,92,Mandaluyong City,True,4.9
l6m2,CIANA FOOD HOUSE - Riverview Road Talomo,BBQ,0.0,0,Davao City Davao Del Sur,False,
l6ny,Davao Biryani - Toril,Biryani,5.0,126,Davao City Davao Del Sur,True,5.0
l6oj,Amber's New York Style Pizza - Matina,Pizza,4.5,178,Davao City Davao Del Sur,True,4.5
l6ql,Seolhajung - One Archers Place,Asian,5.0,270,Manila,True,5.0
l6sv,Basil - Rockwell,Thai,4.9,81,Makati City,True,4.9
l6wb,Ctrl + Tea - Kasambagan,Milk Tea,5.0,5318,Cebu City,True,5.0
l73n,Home Cafe,Coffee,0.0,0,Manila,False,
l757,B1T1 Takeaway Coffee - Alphaland Southgate Mall,Coffee,0.0,0,Makati City,False,
l7bb,Red Ribbon - Marcos Highway,Cakes,5.0,541,Marikina,True,5.0
l7dr,Tokyo Seoul Food Corner,Sushi,5.0,479,Makati City,True,5.0
l7e0,Shilvys Delicacies - SM City San Lazaro,Filipino,4.9,60,Manila,True,4.9
l7ey,Serenitea - Ayala Malls Manila Bay,Milk Tea,5.0,266,Pasay City,True,5.0
l7fr,Lil' Orbits - Circuit Mall,Donut,5.0,571,Makati City,True,5.0
l7fu,Let’s Brew it Café - Lilac St.,Beverages,0.0,0,Marikina,False,
l7gp,Picha Pie Food Store - Maysilo Circle,Pizza,0.0,0,Mandaluyong City,False,
l7hb,CookPub - Banilad,Sushi,5.0,138,Cebu City,True,5.0
l7hw,Tok's Bulalo - Pasig,Filipino,4.9,242,Pasig City,True,4.9
l7lp,Andy's Famous Batangas Lomi & Bulalo - Singalong Street,Filipino,5.0,2156,Manila,True,5.0
l7mx,Crisostomo - Robinsons Magnolia,Filipino,5.0,270,Quezon City,True,5.0
l7oo,Beard Papa's - Robinsons Galleria,Desserts,5.0,21,Quezon City,True,5.0
l7t0,RBX Rice in A Box - Puregold Agora,Rice Bowl,5.0,50,San Juan,True,5.0
l7ux,Seattle's Best Coffee - SM Mall of Asia,Coffee,4.9,300,Pasay City,True,4.9
l7wd,Jamie's Kebabs - Kapitolyo,Middle Eastern,5.0,903,Pasig City,True,5.0
l7wy,Sol's Halo-Halo and Desserts - Cabreros Street,Halo-Halo,5.0,540,Cebu City,True,5.0
l7zw,Nyor! Cafe + Bistro - HappyNest Hostel,Pancakes & Waffles,4.8,10,Cebu City,True,4.8
l835,Palpitate Coffee - Marikina,Coffee,5.0,139,Marikina,True,5.0
l8dm,Mongimilktea - EP Housing,Dumpling,4.9,250,Taguig City,True,4.9
l8fo,Tsuke-men - The Grid Food Market,Japanese,5.0,447,Makati City,True,5.0
l8g6,Bibingkinitan - South Supermarket,Snacks,5.0,66,Marikina,True,5.0
l8he,Gringo - SM Manila,Chicken,5.0,811,Manila,True,5.0
l8i8,Ray's Chicken -  UST Asturias Street,Chicken,5.0,743,Manila,True,5.0
l8in,Fruitas - Robinsons Place Pangasinan,Fruit Shake,5.0,161,Dagupan Pangasinan,True,5.0
l8kg,Gracia's Lechon Belly Atpb - SM City Davao,Filipino,5.0,99,Davao City Davao Del Sur,True,5.0
l8m3,TEX-MEX Taqueria & Resto Bar - The Mactan Newtown,Fast Food,0.0,0,Lapu-Lapu City Cebu,False,
l8n8,Treat Me Pls! - SM City San Lazaro,Snacks,0.0,0,Manila,False,
l8ow,ECO'S Seafood and Grill - Ormoc Food Park,Seafood,4.8,428,Ormoc Leyte,True,4.8
l8xh,Mimosa Resto Cafe - Gensan Drive,Filipino,5.0,55,Koronadal South Cotabato,True,5.0
l8yw,Wild Cow Steakhouse - Quimpo Boulevard,BBQ,0.0,0,Davao City Davao Del Sur,False,
l91r,HYEONGJE GRILL - RED PLANET,Filipino,0.0,0,Pasig City,False,
l943,Koomi - SM Megamall,Beverages,5.0,375,Mandaluyong City,True,5.0
l95i,Manam - Glorietta 4,Filipino,4.9,178,Makati City,True,4.9
l96f,Streetside Pizza & Lounge - Greenhills,Pizza,5.0,38,San Juan,True,5.0
l98j,Kachi Coffee - Davao Del Sur,Coffee,0.0,0,Davao City Davao Del Sur,False,
l9bf,Lots'a Pizza - Gagalangin,Pizza,5.0,1548,Manila,True,5.0
l9bi,Fish2Go- Mauway,Seafood,0.0,0,Mandaluyong City,False,
l9hm,Gang Gang Boneless Fried Chicken - Plaza Milagrosa BLDG,Chicken Wings,5.0,80,Davao City Davao Del Sur,True,5.0
l9l4,The Food Hub Manila- Samar Street,Sushi,0.0,0,Manila,False,
l9mb,Karens Bakeshoppe - Sayre Highway,Asian,4.9,273,Valencia Bukidnon,True,4.9
l9nc,Kuya Max Grill and Restaurant - Lucao,Filipino,4.9,105,Dagupan Pangasinan,True,4.9
l9pn,Grabbites Food - Cattleya Street,Takoyaki,5.0,500,Cebu City,True,5.0
l9qg,Reyes Barbecue - SM Megamall,Chicken,4.8,71,Mandaluyong City,True,4.8
l9rc,Chinese Beef Noodles House - Makati Avenue,BBQ,4.9,272,Makati City,True,4.9
l9sq,OneStop Shop - Ilino Cruz Street,Asian,0.0,0,Mandaluyong City,False,
l9xf,Beef Street Burgers - Pasay,American,4.9,102,Pasay City,True,4.9
l9z8,Candy Corner - Robinsons Malolos,Desserts,0.0,0,Malolos Bulacan,False,
labn,Annyeong Citrus - Marbel,Beverages,5.0,66,Koronadal South Cotabato,True,5.0
labs,Mang Domeng's Bibingka - Puregold Cubao,Desserts,4.6,14,Quezon City,True,4.6
lax9,Daily by Bo's Coffee - The Cabanas Malolos,Coffee,5.0,773,Malolos Bulacan,True,5.0
lb4a,E&C Cafe - La Verna Hills,Beverages,0.0,0,Davao City Davao Del Sur,False,
lb6u,BLS Cafe - Gov M Roa Street,Sandwiches,0.0,0,Cebu City,False,
lb9w,K-Egg - Salcedo Village,Sandwiches,4.8,77,Makati City,True,4.8
lbd1,Shawarma Shack - Puregold Arvo,Shawarma,5.0,453,Marikina,True,5.0
lbgp,Stuff'd - One Ayala,Wraps,4.9,156,Makati City,True,4.9
lbjn,Wright Wings - Ayala Center Cebu,Chicken Wings,5.0,84,Cebu City,True,5.0
lbok,The K Korean Cuisine - Moonwalk Access Road,Korean,0.0,0,Pasay City,False,
lbp5,Figaro - Ormoc,American,4.9,30,Ormoc Leyte,True,4.9
lbsl,Lots' A Pizza - Market Market,Pizza,4.9,127,Taguig City,True,4.9
lbu3,Kraken Takoyaki - Eastwood Citywalk,Takoyaki,5.0,89,Quezon City,True,5.0
lbxu,Street Halo-Halo Milky Ice,Halo-Halo,5.0,52,Taguig City,True,5.0
lc21,Biryani House Malolos - Blas Ople Diversion,Indian,4.8,121,Malolos Bulacan,True,4.8
lc4l,Mango Go Yow - Solis Street,Fruit Shake,5.0,23,Manila,True,5.0
lchz,Bacolod RJ Chicken Inasal & Silogan - F Cabahug,Filipino,4.7,521,Cebu City,True,4.7
lciq,Yayoi Japanese Teishoku Restaurant - U.P. Town Center,Japanese,5.0,71,Quezon City,True,5.0
lcj2,Evan's Silogan Station - Lahug,Sisig,5.0,101,Cebu City,True,5.0
lco8,Panda Express - Sumulong Highway,Snacks,5.0,815,Marikina,True,5.0
lcs1,Fatboys Pizza Pasta - WMall Macapagal,Pizza,0.0,0,Pasay City,False,
lcs7,Ate Rica's Bacsilog - Cityland Buendia,Silog,5.0,488,Makati City,True,5.0
lct6,Myung Jang Korean Corndog - SM City North EDSA,Korean,5.0,119,Quezon City,True,5.0
ld0s,Clarkes Street Food Corner-Ponce,Pasta,2.5,19,Davao City Davao Del Sur,True,2.5
ld34,Lami Ra-men - The Barracks,Ramen,4.9,13,Cebu City,True,4.9
ld5l,7-Eleven's 21 To Go - Merville,Fried Chicken,4.9,99,Pasay City,True,4.9
ldb9,Shin'Yuu Japanese Cuisine - Tikay,Japanese,4.9,76,Malolos Bulacan,True,4.9
ldc1,Kanto Chicken - Taguig,Chicken Wings,4.8,613,Taguig City,True,4.8
ldf5,THE CRUNCH - Boni Mandaluyong,Fried Chicken,4.9,123,Mandaluyong City,True,4.9
ldig,Angel's Pizza - Makati,Pizza,5.0,422,Makati City,True,5.0
ldjp,5&2 Coffeehouse Quiapo,Coffee,4.9,37,Manila,True,4.9
ldkc,Kape Sa Tala - F Estrella Street,Fried Chicken,4.8,39,Malolos Bulacan,True,4.8
ldmc,Gufo Cafe and Lounge - Banawe,Coffee,0.0,0,Quezon City,False,
ldmj,Aziz Chicken Inasal Restaurant - Davao City,Unknown,4.8,102,Davao City Davao Del Sur,True,4.8
ldml,Orange Brutus - Mactan Newtown,Rice Bowl,5.0,225,Lapu-Lapu City Cebu,True,5.0
ldoi,Merienda by Pan de Manila - 8/10 Building,Filipino,5.0,32,Taguig City,True,5.0
ldui,K-Egg Mapagmahal Branch,Sandwiches,4.9,18,Quezon City,True,4.9
ldwg,Wildflour Cafe + Bakery - MOA,American,4.9,22,Pasay City,True,4.9
ldxp,ECCL KOUPLES TAPSILOGAN - Batis Street,Filipino,4.8,16,Quezon City,True,4.8
ldy9,SamgyeoPleaseee - Ciudad de Esperanza,Korean,4.9,83,Davao City Davao Del Sur,True,4.9
le4l,Calorie Club - Pasay,Healthy,5.0,269,Pasay City,True,5.0
lebv,Soblem Lomi House - N Domingo,Filipino,0.0,0,Quezon City,False,
led9,Bulalo World Express - Libertad Tramo Pasay,Bulalo,4.9,179,Pasay City,True,4.9
leep,Don Benito's - Malolos B,Cakes,5.0,62,Malolos Bulacan,True,5.0
leh9,Modern Shanghai - ATC,Chinese,0.0,0,Muntinlupa City,False,
leit,Chef Von Food Express - Scout Magbanua,Filipino,4.9,51,Quezon City,True,4.9
len1,Italianni's - UP Town Center,Italian,0.0,0,Quezon City,False,
leq9,Max Mango - Mother Ignacia,Milk Tea,5.0,1294,Quezon City,True,5.0
leqx,Burger King – Waltermart Malolos Longos,Burgers,5.0,6194,Malolos Bulacan,True,5.0
leuq,Lanz Pizza - Pajo,Pizza,4.9,298,Lapu-Lapu City Cebu,True,4.9
lf0m,Master Siomai - Cabantian,Chinese,5.0,20,Davao City Davao Del Sur,True,5.0
lf1l,Messy Bite - Foodcamp Gastro Foodpark,Chicken,5.0,84,Lapu-Lapu City Cebu,True,5.0
lf76,Boomdogs - Boni Clean Fuel,American,0.0,0,Mandaluyong City,False,
lfa7,Goto Tendon - Greenhills Promenade,Filipino,5.0,226,San Juan,True,5.0
lfe9,Fely J's Kitchen - Mall of Asia,Sisig,0.0,0,Pasay City,False,
lfeq,Namit Iloilo Chicken Inasal - Malakas Street,Filipino,5.0,24,Quezon City,True,5.0
lffg,Dapogan - Mactan Newtown,Filipino,5.0,15,Lapu-Lapu City Cebu,True,5.0
lfg0,Vito’s BBQ - Chino Roces,Filipino,5.0,157,Makati City,True,5.0
lfn5,Egg Stop Jr. - Katipunan,Sandwiches,5.0,111,Quezon City,True,5.0
lfq5,Coffee Army - Galicia Street,Milk Tea,5.0,1244,Manila,True,5.0
lfry,Cafe Fiesta - NCCC VP,Coffee,5.0,13,Davao City Davao Del Sur,True,5.0
lftp,De Original Jamaican Pattie Shop and Juice Bar - Pioneer Center,Filipino,5.0,154,Pasig City,True,5.0
lftq,Zestea Brew Milk Tea & Coffee,Milk Tea,5.0,79,Davao City Davao Del Sur,True,5.0
lftq,Zestea Brew - Catalunan Grande,Milk Tea,5.0,28,Davao City Davao Del Sur,True,5.0
lg04,CXY Restaurant,Rice Bowl,0.0,0,Taguig City,False,
lg2q,Garaa Food House - Novaliches,Asian,0.0,0,Quezon City,False,
lg4w,CiTEA Place Milktea Station - Torres Street,Milk Tea,4.9,271,Davao City Davao Del Sur,True,4.9
lg7c,JJAJANG & JJAMPPONG RESTAURANT - DAMOSA GATEWAY ZONE C,Korean,4.9,28,Davao City Davao Del Sur,True,4.9
lg7t,Bistro Ibarra  - SM City San Lazaro,Filipino,5.0,265,Manila,True,5.0
lg8x,Canta's Favorite,Fast Food,0.0,0,Quezon City,False,
lgbm,Mr. Bones - Sugbo Sentro Fuente Osmeña,Filipino,0.0,0,Cebu City,False,
lggl,Zagu - Liana's Alabang Central Mall,Beverages,4.9,157,Muntinlupa City,True,4.9
lgh7,Chicken Star - Tandang Sora,Fried Chicken,4.9,830,Quezon City,True,4.9
lgkd,Go Bento - Robinsons Galleria,Sushi,5.0,94,Quezon City,True,5.0
lgr8,Pan De Manila - Two E-Com Center,Bread,5.0,81,Pasay City,True,5.0
lgtc,Nonong's Fried Chicken - 3rd Street,Chicken,5.0,216,Pasay City,True,5.0
lgww,Scorched Smokehouse -  San Lorenzo Place,Western,4.9,108,Makati City,True,4.9
lgx2,Pizzeria Italia - Manila,Pizza,0.0,0,Manila,False,
lh28,Turks - JC Plaza Supermarket Kamuning,Shawarma,5.0,26,Quezon City,True,5.0
lh3l,YellowPurple Sugarcane Juice Shop,Healthy,0.0,0,Makati City,False,
lh4h,Tim Hortons - SM Megamall,Coffee,5.0,277,Pasig City,True,5.0
lh83,Ongpin Express - Waltermart Muntinlupa,Dim Sum,4.9,31,Muntinlupa City,True,4.9
lhcb,One Yolk - Tres de Abril St,Asian,4.7,13,Cebu City,True,4.7
lhgo,Binalot - Avida Towers Centera,Filipino,5.0,210,Mandaluyong City,True,5.0
lhl3,Sip Up Coffee - De La Paz,Coffee,0.0,0,Pasig City,False,
lhqj,Oh-Deng! - Victoria De Manila,Korean,4.9,54,Manila,True,4.9
lhrz,Round 88 Resto Bar - 2260 Aurora Boulevard,Filipino,0.0,0,Pasay City,False,
lhsc,Craft Coffee Revolution - Belfast,Coffee,5.0,64,Quezon City,True,5.0
lhsm,JTine Wacko's Pizza House,Pizza,0.0,0,Quezon City,False,
lhty,Mang Tomas Ganado Express by Cloudeats - San Juan,Rice Bowl,4.9,15,San Juan,True,4.9
lhxw,Elle's Salad Bar - Poblacion,Wraps,5.0,227,Valencia Bukidnon,True,5.0
libk,The Shawarma Shack - Skyrise Alpha Cebu Business Park,Shawarma,4.9,423,Cebu City,True,4.9
lill,LASAGNA EXPRESS,Filipino,4.5,11,San Juan,True,4.5
linu,Paradise Dynasty - Greenbelt 5,Chinese,0.0,0,Makati City,False,
lioh,Goldilocks - Robinsons Novaliches,Cakes,5.0,728,Quezon City,True,5.0
liys,Texas Roadhouse - Greenbelt,American,0.0,0,Makati City,False,
lj42,Test Account 4 - Milestone BGC,American,0.0,0,Taguig City,False,
lj6l,Giligan's - SM Hypermarket FTI,Filipino,5.0,1157,Taguig City,True,5.0
lj6p,I Love Milktea - Tapuac,Milk Tea,4.9,768,Dagupan Pangasinan,True,4.9
lj7p,Mr. Mediterranean - Marikina Heights,Middle Eastern,5.0,237,Marikina,True,5.0
ljbl,BoyNita Ihaw Ihaw - Sta Elena,BBQ,5.0,1312,Marikina,True,5.0
ljcs,King Sisig Express - E. Rodriguez Ave,Sisig,4.9,140,Quezon City,True,4.9
ljft,Rairaiken - Gaisano Mactan Island Mall,Japanese,5.0,131,Lapu-Lapu City Cebu,True,5.0
ljif,CHIX R US Wings and things - Timog Avenue,Chicken,2.7,162,Quezon City,True,2.7
ljim,Eataewon - Festival Mall,Korean,0.0,0,Muntinlupa City,False,
ljll,Dash Coffee - OLFU Lagro,Coffee,0.0,0,Quezon City,False,
ljmv,Maxi’s Restaurant - Luna Street,Filipino,0.0,0,Pasay City,False,
ljq8,Healthy To Go - BGC,Healthy,5.0,725,Taguig City,True,5.0
ljws,My Girl Milk Tea and Coffee - Dagupan City,Milk Tea,5.0,94,Dagupan Pangasinan,True,5.0
ljys,Yeah Chao Fan Mandaluyong,Rice Bowl,4.8,28,Pasay City,True,4.8
ljzt,Don Benito's - Alabang,Cakes,5.0,204,Muntinlupa City,True,5.0
lkbj,24/7 Super Healthy - BGC,Wraps,5.0,2133,Taguig City,True,5.0
lklj,Yield.Specialty,Coffee,0.0,0,Manila,False,
lklk,Tah-Mee - SM City East Ortigas,Ice Cream,4.0,21,Pasig City,True,4.0
lkr9,"Keffir - Kapitolyo, Pasig",Beverages,5.0,11,Pasig City,True,5.0
ll1s,Kape ni Kaka - Dakila,Beverages,0.0,0,Malolos Bulacan,False,
ll3j,Gotchu Jang: Korean Bowls - Kapitolyo,Korean,5.0,516,Pasig City,True,5.0
ll78,Medley Modern Mediterranean - Mitsukoshi Mall,Rice Dishes,5.0,265,Taguig City,True,5.0
ll91,Ferino's Bibingka Original - Unimart Capitol Commons,Filipino,5.0,77,Pasig City,True,5.0
ll9e,Pocco Loco,Filipino,0.0,0,Quezon City,False,
llfa,J.CO Donuts & Coffee - Ayala Center Cebu,Donut,5.0,2142,Cebu City,True,5.0
llln,King Sisig - Visayas Avenue,Filipino,4.9,81,Quezon City,True,4.9
llsw,Pares Retiro Express -  Exxa Bridgetowne Quezon City,Pares,4.9,93,Quezon City,True,4.9
lltz,Sukiya - Waltermart North Edsa,Japanese,5.0,58,Quezon City,True,5.0
lm0f,The Coffee Bar MNL - Dagupan Street,Coffee,4.9,39,Manila,True,4.9
lm28,Caffeinated Coffee Shop,Coffee,0.0,0,Marikina,False,
lm48,Beard Papa's - SM Megamall,Desserts,0.0,0,Mandaluyong City,False,
lm79,Dear Joe - Vista Mall Malolos,Coffee,5.0,37,Malolos Bulacan,True,5.0
lm7e,Pure Nectar - UP Campus Diliman,Fruit Shake,0.0,0,Quezon City,False,
lm7z,MOMOYO - Metro Plaza,Ice Cream,5.0,33,Quezon City,True,5.0
lmb3,Master Don X JustKitchen - Malate,Japanese,5.0,55,Manila,True,5.0
lmis,Asian Republic Dimsum House - Matina,Chinese,4.9,130,Davao City Davao Del Sur,True,4.9
lmjr,Overload Avenue - Mercato de Mactan,Filipino,0.0,0,Lapu-Lapu City Cebu,False,
lmmg,Get Greens - Maginhawa,Coffee,5.0,13,Quezon City,True,5.0
lmn7,Best Takoyaki - Robinsons Galleria Cebu,Takoyaki,0.0,0,Cebu City,False,
lmra,Panadero Bakeshop - Matina Aplaya Seaside,Unknown,5.0,282,Davao City Davao Del Sur,True,5.0
ln1n,Em-Mc-Em Food Counter - Quezon City,Filipino,0.0,0,Quezon City,False,
ln7w,Captain Calamares – Festival Mall Alabang,Seafood,0.0,0,Muntinlupa City,False,
ln95,Saleem's Kebab House,Middle Eastern,4.8,154,Cebu City,True,4.8
lne9,Bulalohan sa Fairview - Omega Avenue,Filipino,4.9,112,Quezon City,True,4.9
lngp,Purple Yam - Banawa,Cakes,5.0,95,Cebu City,True,5.0
lnli,EMMAfied - Doña Segundina,Filipino,5.0,226,Muntinlupa City,True,5.0
lnoo,Teriyaki Boy - Maria Orosa,Asian,0.0,0,Manila,False,
lnv1,Miokins Coffee - Ortigas,Beverages,0.0,0,Pasig City,False,
lnv5,Uncle Hussein Mediterranean - Maginhawa,Filipino,5.0,76,Quezon City,True,5.0
lny5,Kebabery - Maginhawa,Shawarma,0.0,0,Quezon City,False,
lnyk,Kinn Kinn Thai Kitchen - Filimon Sotto Dr,Thai,5.0,64,Cebu City,True,5.0
lnyl,Mango Madness - Putatan,Beverages,5.0,38,Muntinlupa City,True,5.0
lo1c,Por'Que - SM City Cebu,Ulam,0.0,0,Cebu City,False,
lo1u,German Club Manila - Rufino,Western,4.9,388,Makati City,True,4.9
lod4,Sushi Town - Congressional,Sushi,5.0,23,Quezon City,True,5.0
loit,Chief&Chef Food Services - Catalunan Pequeno,Filipino,5.0,29,Davao City Davao Del Sur,True,5.0
loqp,Myeongdong Korean Gastropub - Tomas Morato,Rice Bowl,4.9,111,Quezon City,True,4.9
loqy,Sugbuwarma - Lahug,Shawarma,4.7,58,Cebu City,True,4.7
losm,Coffee Spot,Italian,4.9,11,Quezon City,True,4.9
louu,Happy Chix On The Go - Legarda Street,Asian,4.9,164,Manila,True,4.9
lovy,Netplates - Quezon City,Noodles,0.0,0,Quezon City,False,
lozr,Breakfast Club - Sampaloc,Filipino,4.9,62,Manila,True,4.9
lpc8,Kazuko Ramenba - Makati,Japanese,0.0,0,Makati City,False,
lpj4,Popeng's Chicken,Asian,0.0,0,Quezon City,False,
lpjv,Santino's Supreme Slice Pizza - Ususan,Pizza,0.0,0,Taguig City,False,
lpps,Sani Thai-Filipino Cafe - Newport,Milk Tea,5.0,133,Taguig City,True,5.0
lppy,Lucky Lassi - Lahug,Fruit Shake,5.0,84,Cebu City,True,5.0
lpr6,House of Dynamite,Filipino,0.0,0,Pasay City,False,
lpsq,Yumiko Ramen - M H Aznar Road,Ramen,0.0,0,Cebu City,False,
lpst,Amare La Cucina - C Palanca Makati,Pizza,4.8,134,Makati City,True,4.8
lpyv,Chicken Basket Restaurant - Commonwealth,Filipino,0.0,0,Manila,False,
lq0c,Don's Foodhub,Asian,4.9,115,Cebu City,True,4.9
lq3j,Thirdy Pastil & Grill - Bucana,Filipino,5.0,62,Davao City Davao Del Sur,True,5.0
lq4b,Chick 'n Juicy - LRT Station Marikina,Chicken,0.0,0,Marikina,False,
lq6m,Vito's BBQ - E Rodriguez,Filipino,5.0,179,Quezon City,True,5.0
lq9m,COTTI COFFEE - Ayala Malls Fairview,Coffee,0.0,0,Quezon City,False,
lqg2,Lydia's Lechon - Fairview,Filipino,5.0,414,Quezon City,True,5.0
lqn8,Casa Daza By Chef Sandy - Festival Mall,Filipino,5.0,50,Muntinlupa City,True,5.0
lqrr,Mango Sabrozo FresKo,Ice Cream,0.0,0,Manila,False,
lqt1,Hap Chan - Ayala Malls 30th,Chinese,4.9,41,Pasig City,True,4.9
lqwd,Hen Lin - Petron Filinvest,Chinese,5.0,32,Muntinlupa City,True,5.0
lr4s,Friends Fries - Gaisano Grandmall Cordova,Fries,5.0,270,Lapu-Lapu City Cebu,True,5.0
lr59,Big Belly Burger - Forbeswood Heights,Burgers,5.0,125,Taguig City,True,5.0
lr5i,Beef Street Burgers	- Marikina,American,5.0,67,Marikina,True,5.0
lr6d,Tealive -  SM Lapu Lapu,Milk Tea,5.0,1539,Lapu-Lapu City Cebu,True,5.0
lrai,Kachi's Cafe,Japanese,5.0,173,Manila,True,5.0
lrel,Apollo's Oven,Pizza,0.0,0,Mandaluyong City,False,
lrfb,Leylam Shawarma - SM Ormoc Deluxe,Bread,5.0,89,Ormoc Leyte,True,5.0
lrn8,Angel's Faith Food Services,Silog,0.0,0,Davao City Davao Del Sur,False,
lrs2,Lugawan Sa Tejeros - Don Chino Roces,Porridge,5.0,16561,Makati City,True,5.0
lrtz,MYKOPI Café - Malolos,Beverages,5.0,121,Malolos Bulacan,True,5.0
ls83,Royaltea 皇茶 - San Agustin,Beverages,5.0,442,Makati City,True,5.0
lsk6,All Time LUGAW By REDNAXELA - Longos,Porridge,5.0,377,Malolos Bulacan,True,5.0
lsms,Sajang Chicken - Maginhawa Street,Korean,5.0,876,Quezon City,True,5.0
lso9,PARMIGIANO Ristorante Pizzeria - Gateway,Pizza,0.0,0,Quezon City,False,
lsvu,Raging Bull Burgers - Shangri-La Plaza Mall,Burgers,4.9,63,Mandaluyong City,True,4.9
lsw0,Ameling's Seafood and Grill - Ecoland,Filipino,5.0,638,Davao City Davao Del Sur,True,5.0
lsx7,Goto Ni Juan Kainan - SM City Cubao Supermarket,Filipino,4.8,157,Quezon City,True,4.8
lt6w,Eataewon - Gateway Mall,Korean,0.0,0,Quezon City,False,
lt78,Detour Cafe - Dahlia West Fairview,Coffee,0.0,0,Quezon City,False,
ltbw,Hyderabad Dine-in - Mactan,Indian,5.0,731,Lapu-Lapu City Cebu,True,5.0
ltge,Espresso & Bites by Avrila - Suites Ramos Tower,Filipino,0.0,0,Cebu City,False,
ltk1,Buko Express - Ayala Malls The 30th,Fruit Shake,5.0,56,Pasig City,True,5.0
ltla,Cuts & Brews - M Cuenco Ave,Filipino,0.0,0,Cebu City,False,
lttw,Street Kings Takoyaki - Sampaloc,Japanese,4.9,139,Manila,True,4.9
ltvz,Restaurante Trinidad - Cardinal Rosales Avenue,Filipino,0.0,0,Cebu City,False,
lu17,Hongkong Style Noodle - Market Market,Chinese,4.8,39,Taguig City,True,4.8
lu89,R&B Milk Tea - Retiro,Milk Tea,5.0,321,Quezon City,True,5.0
lu9d,Chica's Bagnet Express - Malolos Crossing,Rice Bowl,4.7,20,Malolos Bulacan,True,4.7
lua9,Keopi Cafe - YBL Koronadal,Coffee,0.0,0,Koronadal South Cotabato,False,
luj5,MatTEAu's  - Intramuros,Halo-Halo,5.0,104,Manila,True,5.0
luji,Quickly - Ayala Center Cebu,Milk Tea,5.0,141,Cebu City,True,5.0
lun1,Expressa Coffee - Ayala Center Cebu,Coffee,5.0,10,Cebu City,True,5.0
lunu,Suki Gyouza - Ayala Malls Feliz,Snacks,0.0,0,Pasig City,False,
luoe,Eomma's Korean Fried Chickin - Maginhawa,Fried Chicken,4.7,155,Quezon City,True,4.7
lupx,Walastik Pares and Silogan 24/7 - 508 Hen. Lacuña Street,Pares,4.8,111,Makati City,True,4.8
lutv,Chooks to Go - San Vicente Poblacion,Chicken,5.0,244,Malolos Bulacan,True,5.0
luvr,TAPSIHAN SA TRES,Asian,0.0,0,Mandaluyong City,False,
lvd3,Li'l Mymy Cupcakes and Pastries - Tapuac,Cakes,0.0,0,Dagupan Pangasinan,False,
lvym,Mogo - Obrero,Beverages,4.6,93,Davao City Davao Del Sur,True,4.6
lw55,DAKS Shawarma by Boys Night Out - Fairview,Shawarma,5.0,64,Quezon City,True,5.0
lw61,Mommyla's BBQ At Kare-Kare - Marikina,BBQ,4.8,275,Marikina,True,4.8
lwap,Big Bowls - Crossing Ulas,Rice Bowl,5.0,24,Davao City Davao Del Sur,True,5.0
lwjt,Captain Calamares-puregold arvo,Asian,0.0,0,Marikina,False,
lwnn,Fish2Go - Malate,Seafood,5.0,116,Manila,True,5.0
lwrw,Prince Buffalo Wings & More - Lower Bicutan,Chicken Wings,5.0,710,Taguig City,True,5.0
lwsv,Baby Back Ribs Davao - Buhangin,Filipino,4.9,62,Davao City Davao Del Sur,True,4.9
lx2s,Happy Ice Scramble - Pandacan,Ice Cream,5.0,105,Manila,True,5.0
lx7e,Cebu's Tasty Lechon - Basak,Filipino,5.0,1061,Lapu-Lapu City Cebu,True,5.0
lx8s,Three Kittea Takoyaki and Bubble Tea - Bulacan,Takoyaki,5.0,31,Malolos Bulacan,True,5.0
lxgu,Pares Retiro - Malolos,Pares,4.9,842,Malolos Bulacan,True,4.9
lxie,Sizzle & Sear - Manila City,Chicken,0.0,0,Manila,False,
lxii,PICKUP COFFEE - Starmall Edsa Shaw,Coffee,4.9,20,Mandaluyong City,True,4.9
lxij,Heavenly Desserts by Chef Jeng Sy Flores - The Columns,Cakes,5.0,193,Makati City,True,5.0
lxiy,Happy Cup - Katuparan,Milk Tea,5.0,391,Quezon City,True,5.0
lxtp,Ding How Short Order,Chinese,5.0,325,Cebu City,True,5.0
lxzb,Master Gaw 24/7 - Shaw San Juan,Ulam,5.0,33,Mandaluyong City,True,5.0
lxzo,That's Toasty,Korean,0.0,0,Marikina,False,
ly0h,The Cookie Show - Ayala Malls the 30th,Desserts,0.0,0,Pasig City,False,
ly1n,Pizza Hut - Muntinlupa,Pizza,5.0,1546,Muntinlupa City,True,5.0
ly57,Tiong Bahru Boneless Hainanese Chicken Rice - Trinoma,Chicken,0.0,0,Quezon City,False,
ly5s,DAKS Shawarma by Boys Night Out - Marikina Heights,Shawarma,5.0,208,Marikina,True,5.0
ly96,Paris Baguette - SM North Edsa Kiosk,Cakes,0.0,0,Quezon City,False,
lycf,Ang Pangarap Kong Shawarma - Marikina,Shawarma,5.0,19,Marikina,True,5.0
lyci,YOGOST - Serendra,Beverages,5.0,104,Taguig City,True,5.0
lydt,Papsy's BBQ - Gaisano Island Mall Mactan,Filipino,4.7,98,Lapu-Lapu City Cebu,True,4.7
lyii,Best Bites Boneless Fried Chicken - Libertad Tramo Pasay,Fried Chicken,4.2,73,Pasay City,True,4.2
lzav,Queen's Road Dim Sum - Metro Value Mart,Asian,4.9,15,Lapu-Lapu City Cebu,True,4.9
lzej,BBQ Shack - Pioneer Centre Supermarket,BBQ,5.0,112,Pasig City,True,5.0
lzh9,Lemon Square Bakery Treats - Bangkal Makati,Cakes,5.0,425,Makati City,True,5.0
lzot,Mango Delight - Z Square Mall,Fruit Shake,0.0,0,Quezon City,False,
lzps,vege select,Asian,5.0,16,Manila,True,5.0
lzt8,Coffee Break by EP - Batasan Hills,Coffee,0.0,0,Quezon City,False,
lzwy,BOK Korean Fried Chicken - Del Monte,Chicken,5.0,2337,Quezon City,True,5.0
lzxd,Samgyupsalamat - SM Seaside,BBQ,4.8,39,Cebu City,True,4.8
lzyy,PAN-LASANG-ALA-EH - FRANCA ARCADE,Filipino,0.0,0,Quezon City,False,
lzz5,Lucky Skewers - Don Mariano Marcos Avenue,BBQ,0.0,0,Quezon City,False,
lzzx,Coffee Street Manila - Malate,Coffee,4.9,100,Manila,True,4.9
m06j,Fiddler’s Bar and Grill - Ramos,Pizza,0.0,0,Cebu City,False,
m09a,URBAN’S KITCHENETTE - 3265 Zapote Street,Rice Dishes,0.0,0,Makati City,False,
m0b2,Dimsum Treats - Katipunan Avenue,Dim Sum,0.0,0,Quezon City,False,
m0fu,Selecta Ice Cream - EVER PINAGBUHATAN,Ice Cream,5.0,478,Pasig City,True,5.0
m0gw,Stop Silogan - Quiot,Filipino,5.0,3794,Cebu City,True,5.0
m0ie,"Tita Belen's Empanada - GC Arcade, Pajo",Chicken,5.0,232,Lapu-Lapu City Cebu,True,5.0
m0je,Calda Pizza - Mango Avenue,Pizza,4.9,452,Cebu City,True,4.9
m0li,House of Lasagna - Katipunan Avenue Extension,Pasta,4.6,117,Quezon City,True,4.6
m0ne,Kettle Korn - SM Megamall,Snacks,5.0,50,Mandaluyong City,True,5.0
m0ps,Lawson Cup & Go - Jollibee Tower,Coffee,0.0,0,Pasig City,False,
m0r4,Pan De Manila - Kalayaan,Bread,5.0,221,Quezon City,True,5.0
m10w,Kink Cakes - Malate,Cakes,5.0,58,Manila,True,5.0
m10z,B1T1 Takeaway Coffee - ACE Malolos Doctors,Coffee,5.0,22,Malolos Bulacan,True,5.0
m147,Nou Velle Coffee Shop - Dela Rosa,Unknown,0.0,0,Makati City,False,
m15a,Claribel Restaurant - Poblacion,Asian,4.9,26,Davao City Davao Del Sur,True,4.9
m15t,Vanitea Cafe - Rasay Street,Coffee,5.0,604,Davao City Davao Del Sur,True,5.0
m17h,Bakerite - Bustillos,Bread,0.0,0,Manila,False,
m18c,harlan + holden coffee - Shangri La Mall,Coffee,5.0,151,Mandaluyong City,True,5.0
m1db,Chingu Buko House - South Supermarket,Fruit Shake,5.0,713,Malolos Bulacan,True,5.0
m1ma,Tastea N Dines - Southvilla Heights,Milk Tea,5.0,355,Davao City Davao Del Sur,True,5.0
m1nm,Ramen Dojo - SM Cebu NRA,Ramen,5.0,230,Cebu City,True,5.0
m1os,Crisostomo - Bonifacio Global City,Filipino,4.9,380,Taguig City,True,4.9
m1oz,Korean Healthy Food - Robinsons Luckygold Plaza Mall,Korean,4.9,157,Pasig City,True,4.9
m1rn,Daily by Bo's Coffee - One Ayala,Coffee,0.0,0,Makati City,False,
m1w8,Chimmy - Isetann Recto,Milk Tea,0.0,0,Manila,False,
m1wx,Supermyen - San Antonio,Asian,4.9,1846,Makati City,True,4.9
m24t,J’s Hideout Grill & Restaurant - Sandoval Ave,BBQ,4.9,207,Pasig City,True,4.9
m259,Taste Brew - Pisces Street,Coffee,0.0,0,Quezon City,False,
m25o,Tsuke-men Public Eatery,Japanese,4.8,31,Quezon City,True,4.8
m2hl,Mommy Tish - Ilocos Norte Street,Burgers,4.9,434,Quezon City,True,4.9
m2id,Sisig Hooray - SM Megamall Supermarket,Sisig,5.0,279,Mandaluyong City,True,5.0
m2jx,Turks - Theatre Mall Greenhills,Shawarma,0.0,0,San Juan,False,
m2mw,Pixie's Sinugba - Panay Avenue,Seafood,5.0,732,Quezon City,True,5.0
m2ri,On The Way - Malate,Fried Chicken,5.0,363,Manila,True,5.0
m2si,Chatime - SM San Lazaro,Milk Tea,5.0,1860,Manila,True,5.0
m2tc,Cookies by the Bucket - Saint Thomas Square,Desserts,0.0,0,Manila,False,
m2tt,Ferino's Bibingka - Market Market,Filipino,0.0,0,Taguig City,False,
m2uf,Neckflix - Shorthorn Street,Chicken,4.9,406,Quezon City,True,4.9
m2ux,Lugaw Daddy - Quirino Highway,Porridge,4.9,197,Quezon City,True,4.9
m2w3,Baliwag Lechon Manok at Liempo - Nagpayong,Chicken,5.0,391,Pasig City,True,5.0
m2wq,Panda Express - SM Fairview,Rice Bowl,5.0,144,Quezon City,True,5.0
m2yj,Goldilocks - Agora,Cakes,5.0,1575,San Juan,True,5.0
m2za,"RnR’s Grilled Burgers, Unlimited Wings, and Pasta - Malinao Pasig",Burgers,4.6,29,Pasig City,True,4.6
m34n,Homeboy Hainanese Hawker - Dormitoryana Building,Fried Chicken,4.9,23,Quezon City,True,4.9
m3by,Silogan At Iba Pa - Ranudo,Silog,5.0,1872,Cebu City,True,5.0
m3ej,Lugaw Pilipinas - Maligaya Square,Filipino,4.9,1384,Quezon City,True,4.9
m3gh,Red Ribbon - Unioil Marikina,Cakes,5.0,1715,Marikina,True,5.0
m3jd,Kuya Jun's Atchup Sabaw Eatery - Bonifacio,Filipino,4.9,247,Davao City Davao Del Sur,True,4.9
m3oz,KFC - Quirino Davao,Fast Food,4.9,17913,Davao City Davao Del Sur,True,4.9
m3qs,6th Republic Cafe - Juna,Fried Chicken,5.0,40,Davao City Davao Del Sur,True,5.0
m3sj,KKD STK + BBQ - Plaza Independencia,BBQ,5.0,300,Cebu City,True,5.0
m3tg,Kyushu Ramen - Banawe,Ramen,5.0,465,Quezon City,True,5.0
m3um,Dimsum Break - The Outlets Pueblo Verde,Rice Dishes,5.0,1159,Lapu-Lapu City Cebu,True,5.0
m3up,Muscle Fuel - Liberty Avenue,Beverages,0.0,0,Quezon City,False,
m3w4,Freeze Me - Espana Boulevard,Beverages,0.0,0,Manila,False,
m3z1,Domino's Pizza - SM Seaside Cebu,Pizza,4.5,282,Cebu City,True,4.5
m410,TD&CO. - Davao Sta. Ana,Donut,0.0,0,Davao City Davao Del Sur,False,
m42j,Caution Bistro - Don Quijote Street,Seafood,5.0,797,Manila,True,5.0
m447,Ka Ave Essential Lugaw - Muntinlupa,Porridge,5.0,37,Muntinlupa City,True,5.0
m486,Jelly G Thai Milk Tea - Ayala Malls Feliz,Desserts,4.9,25,Pasig City,True,4.9
m4bq,Primal Brew Coffee - Legaspi Village,Coffee,5.0,557,Makati City,True,5.0
m4cn,Mumble - BGC,Chinese,0.0,0,Taguig City,False,
m4cv,Fast Fresh By SKCO - Torres,Healthy,5.0,1153,Davao City Davao Del Sur,True,5.0
m4dk,Jollibee - Ormoc DT,Fast Food,5.0,5687,Ormoc Leyte,True,5.0
m4ey,MaArTea - Dahlia,Milk Tea,4.9,189,Quezon City,True,4.9
m4fc,Bae's Eatery - Dagupan,Filipino,5.0,128,Dagupan Pangasinan,True,5.0
m4hb,Mean Greens - Sampaloc,Salads,5.0,286,Manila,True,5.0
m4kx,Secret Recipe - Shangri-La,Asian,0.0,0,Mandaluyong City,False,
m4m8,Niko&Friends Pastries Shop - Punta Princesa,Cakes,0.0,0,Cebu City,False,
m4nv,Tita Nikkki Haochi Restaurant,Silog,5.0,43,Lapu-Lapu City Cebu,True,5.0
m4pu,One Zo Tapioca - Kalayaan,Milk Tea,5.0,1564,Makati City,True,5.0
m4rj,Pizza Treat Delight - Toril,Pizza,5.0,751,Davao City Davao Del Sur,True,5.0
m4rl,Manoy - Blue Boz Makati,Filipino,4.6,152,Makati City,True,4.6
m4wb,Boba House - Congressional Road,Milk Tea,5.0,324,Quezon City,True,5.0
m4wx,Pepa Wings - SM Hypermarket Novaliches,Chicken Wings,5.0,323,Quezon City,True,5.0
m52q,Shawarma Shack - UM Matina Drive,Shawarma,4.9,212,Davao City Davao Del Sur,True,4.9
m540,Sisig Hooray - Super Metro Mambaling,Sisig,4.9,227,Cebu City,True,4.9
m56e,Ferino's Cafe - Sumulong,Asian,4.9,98,Marikina,True,4.9
m57e,Mixue Ice Cream & Tea - NOVO Pasig,Milk Tea,5.0,96,Pasig City,True,5.0
m5am,18 Degrees Frozen Yogurt - Verve Point Building,Ice Cream,5.0,628,Cebu City,True,5.0
m5dg,High Street - Gensan Drive,Rice Dishes,4.9,349,Koronadal South Cotabato,True,4.9
m5fq,Kumori - UP Town Center,Bread,5.0,702,Quezon City,True,5.0
m5i8,Chammie - Shoe Avenue,Filipino,5.0,385,Marikina,True,5.0
m5rs,Seattle's Best Coffee - Bonifacio High Street,Coffee,5.0,1109,Taguig City,True,5.0
m67d,Potato World - La Guardia Street,Fries,0.0,0,Cebu City,False,
m67w,"Cindys Bakery and Restaurant - Malolos, Bulacan",Cakes,5.0,1371,Malolos Bulacan,True,5.0
m6al,Jollibee - Rockwell Business Center Tower 3,Fast Food,5.0,1934,Pasig City,True,5.0
m6cj,Libertea Milktea - Shaw Boulevard,Milk Tea,5.0,299,Mandaluyong City,True,5.0
m6dc,Dimsum Break - Colon Street,Rice Dishes,5.0,1201,Cebu City,True,5.0
m6gm,The PYLON - Talamban,Filipino,5.0,342,Cebu City,True,5.0
m6h6,Gavino's Siomai Hub - Communal,Pancit,0.0,0,Davao City Davao Del Sur,False,
m6if,ZenTea - Visayas Avenue,Milk Tea,5.0,108,Quezon City,True,5.0
m6jh,Way Tugpahay Siomai Sa Tisa - Tisa,Siomai,5.0,5068,Cebu City,True,5.0
m6kl,Binalot - Hanston,Filipino,5.0,202,Pasig City,True,5.0
m6pv,Chooks to Go - Boulevard,Chicken,5.0,1011,Davao City Davao Del Sur,True,5.0
m6rf,Serenitea - Fort Bonifacio Technology Tower,Milk Tea,5.0,2524,Taguig City,True,5.0
m6vf,Dolor's Kakanin - Marikina Branch,Asian,5.0,644,Marikina,True,5.0
m6yy,Lavrick Tapsilogan - Liana's Mall Alabang,Rice Bowl,4.6,175,Muntinlupa City,True,4.6
m70a,Kamuning Bakery Cafe - Judge Jimenez Street,Bread,5.0,671,Quezon City,True,5.0
m727,Highlands Coffee - Dragon 8 Mall,Coffee,5.0,978,Manila,True,5.0
m764,Dragon Takoyaki - Taguig,Takoyaki,4.5,1065,Quezon City,True,4.5
m76n,ZUS Coffee - Fisher Mall Department Store Quezon Avenue,Coffee,5.0,107,Quezon City,True,5.0
m7bq,Chooks to Go - Linao,Chicken,5.0,223,Ormoc Leyte,True,5.0
m7dx,I Love Milktea - San Sebastian Quiapo,Milk Tea,5.0,575,Manila,True,5.0
m7in,Suki Cafe - Bonifacio Stopover,Beverages,0.0,0,Taguig City,False,
m7jz,Zagu - Gaisano Grand Citimall Davao,Beverages,5.0,353,Davao City Davao Del Sur,True,5.0
m7kk,Jollibee - Koronadal HW DT,Fast Food,5.0,8534,Koronadal South Cotabato,True,5.0
m7lo,Char Express - The Podium,Chinese,5.0,267,Mandaluyong City,True,5.0
m7pm,Tiger Sugar - Glorietta,Milk Tea,5.0,1281,Makati City,True,5.0
m7z6,Yamanaka Ramen - Juanilla Village,Japanese,4.9,49,Valencia Bukidnon,True,4.9
m8it,Haivans Pasta House - Road 16,Pasta,4.9,346,Manila,True,4.9
m8jy,Señora Sisig Bar - Urgello,Sisig,5.0,2220,Cebu City,True,5.0
m8lq,Bella's Restobar - Rizal Street,Filipino,4.6,300,Ormoc Leyte,True,4.6
m8o8,Italianni's - Uptown BGC,Italian,0.0,0,Taguig City,False,
m8os,Libertea Milktea - US Embassy,Milk Tea,4.9,464,Manila,True,4.9
m8qp,Chatime - Landmark Filinvest,Milk Tea,5.0,603,Muntinlupa City,True,5.0
m8to,Nanette's Pancit Malabon - Puregold Tayuman,Filipino,4.9,78,Manila,True,4.9
m8wu,Red Ribbon - Philtrust,Cakes,5.0,1359,Pasay City,True,5.0
m8yk,Teami Milk Tea  - San Antonio Makati,Milk Tea,4.6,267,Manila,True,4.6
m8zl,Brew Brothers Cafe - Greater Lagro,Coffee,5.0,340,Quezon City,True,5.0
m8zw,PICKUP COFFEE - WalterMart Malolos,Coffee,5.0,1462,Malolos Bulacan,True,5.0
m915,Eggspert - Quezon City,Filipino,5.0,51,Quezon City,True,5.0
m92b,DAKJIB Korean Fried Chicken,Chicken,4.9,24,Manila,True,4.9
m94z,Lugaw Daddy - San Juan,Porridge,4.9,103,San Juan,True,4.9
m991,Sugbo Cocina - Guadalupe,Seafood,0.0,0,Cebu City,False,
m99c,Totsy’s Cakes & Pastries - Ascendido Building,Desserts,0.0,0,Davao City Davao Del Sur,False,
m99k,Rice Paper and Salad Buffet Shabu Mania - SM Sta Mesa,Korean,0.0,0,Quezon City,False,
m9cw,Yacomix Kainan - Toril,Ulam,4.4,53,Davao City Davao Del Sur,True,4.4
m9h0,Paik's Coffee - Ayala Malls The 30th,Beverages,0.0,0,Pasig City,False,
m9k9,ZUS Coffee - Ayala Alabang Town Center,Coffee,5.0,670,Muntinlupa City,True,5.0
m9mv,The Lemon Co. - SM Center Ormoc,Beverages,4.9,10,Ormoc Leyte,True,4.9
m9n0,Heavenly Desserts by Chef Jeng - Commonwealth,Cakes,5.0,33,Quezon City,True,5.0
m9nj,Chicken Chingu - Katipunan,Fried Chicken,5.0,5204,Quezon City,True,5.0
m9nu,Jamba - Ayala 30th Mall,Beverages,5.0,289,Pasig City,True,5.0
m9ut,Wright Wings - Commerce Avenue,Chicken Wings,5.0,198,Muntinlupa City,True,5.0
m9w4,Lola Docing's Kitchenette - Yuipco Drive,Rice Bowl,0.0,0,Lapu-Lapu City Cebu,False,
m9wl,Barbs - Ubelt Manila,Donut,0.0,0,Manila,False,
m9xd,Pho Hoa - Estancia,Noodles,5.0,372,Pasig City,True,5.0
m9yn,Il Padrino Caffe + Ristorante - Ayala Fairview Terraces,Pasta,4.9,129,Quezon City,True,4.9
ma4y,Starbucks - Mactan Marina Mall,Coffee,5.0,271,Lapu-Lapu City Cebu,True,5.0
ma7p,Red Corner Burger Cafe - Gaisano Mall Davao,Burgers,5.0,26,Davao City Davao Del Sur,True,5.0
ma7q,Selecta Ice Cream - San Jose Mandaluyong,Ice Cream,5.0,425,Mandaluyong City,True,5.0
ma7w,Mi Pastil - Seattle Aurora Cubao,Filipino,4.9,87,Quezon City,True,4.9
maag,Turks - SM City San Lazaro,Shawarma,5.0,38,Manila,True,5.0
maar,Miss Wa Noodles and Rice - Sherwood,Chinese,5.0,661,Manila,True,5.0
magw,Lelos Pastries Shop - Longos,Halo-Halo,5.0,115,Malolos Bulacan,True,5.0
maik,Capu Coffee - Cebu,Coffee,4.9,22,Cebu City,True,4.9
maph,HAPYTEA MILKTEA STATION - Pinagbuhatan Pasig,Milk Tea,4.9,133,Pasig City,True,4.9
mara,Big4 Party Box - Quirino Highway,Pancit,5.0,25,Quezon City,True,5.0
marg,Tah-Mee - Shangri-La Plaza Mall,Desserts,4.9,10,Mandaluyong City,True,4.9
masm,Lugaw Pilipinas - New Era,Filipino,5.0,722,Quezon City,True,5.0
mats,Halu Kopi - Taft,Coffee,5.0,11,Muntinlupa City,True,5.0
mav5,Jolly-Thing Chicken - Bonifacio,Fried Chicken,2.6,28,Davao City Davao Del Sur,True,2.6
mb0h,BBQ BOB - Montillano,BBQ,5.0,19,Muntinlupa City,True,5.0
mb4f,Mamak - Campos Rueda Building,Asian,4.9,115,Makati City,True,4.9
mb4t,Ferino's Bibingka Original - Gilmore Avenue,Filipino,5.0,150,Quezon City,True,5.0
mba0,Frankie's New York Buffalo Wings - Salcedo Makati,Chicken Wings,5.0,557,Makati City,True,5.0
mbrx,Ocha Japanese Milktea House  - Shangs Island Town Center,Milk Tea,5.0,202,Lapu-Lapu City Cebu,True,5.0
mbs3,MOMOYO - SM City Cebu,Ice Cream,5.0,13,Cebu City,True,5.0
mc20,Grainsmart Cafe - Kaliraya,Beverages,0.0,0,Quezon City,False,
mc2v,Fresh Deli - Shaw Boulevard,Beverages,4.7,27,Mandaluyong City,True,4.7
mc6h,PumpPerk - Malolos,Beverages,5.0,104,Malolos Bulacan,True,5.0
mcbt,NYC Bakes - Regalia Park Tower,Pasta,4.9,39,Quezon City,True,4.9
mcby,Selecta Ice Cream - Marikina Guerilla,Ice Cream,5.0,77,Marikina,True,5.0
mchk,Manok Nga Chicken - 644 Katipunan St,Chicken,0.0,0,Cebu City,False,
mcmf,Boulangerie22 - Paco Mall,Cakes,5.0,53,Manila,True,5.0
mcna,Sumsum Noodles & Dimsum - Maa,Noodles,4.9,14,Davao City Davao Del Sur,True,4.9
mcnr,The Boss Chicken - Poblacion,Pasta,2.3,47,Davao City Davao Del Sur,True,2.3
mcqg,Sunkissed Cafe - BGC,American,0.0,0,Taguig City,False,
mct4,Hobing - Gateway Mall,Korean,4.8,28,Quezon City,True,4.8
mctb,Grab a chick - The Barracks at Carbon,American,4.8,23,Cebu City,True,4.8
md1n,Hernz Ice Cream Shop - Bulacan,Ice Cream,0.0,0,Malolos Bulacan,False,
md93,D'Baristroe - Bloc 10,Sandwiches,0.0,0,Muntinlupa City,False,
md9a,Shawarma King - Robinsons Place Manila,Shawarma,4.7,34,Manila,True,4.7
md9y,Kakaibeans - Pasig,Coffee,0.0,0,Pasig City,False,
mdfg,Sajang Chicken - Bridgetowne,Korean,0.0,0,Quezon City,False,
mdlt,Master Siomai -  San Lorenzo Place Mall,Siomai,0.0,0,Makati City,False,
mdmg,Slap Stack Burgers - Greenhills Mall,Burgers,0.0,0,San Juan,False,
mdog,Chatime - Waltermart Malolos,Milk Tea,5.0,625,Malolos Bulacan,True,5.0
mdp3,Kaw Fee Kiosk,Asian,0.0,0,Manila,False,
mdsa,Angel's Pizza - Aurora Boulevard,Pizza,5.0,85,Quezon City,True,5.0
mdz6,Fish & Co - Uptown,American,0.0,0,Taguig City,False,
me2v,Juan Silog - Ramos,Filipino,5.0,1466,Cebu City,True,5.0
me67,Gotchu Jang: Korean Bowls - Ortigas,Korean,0.0,0,Mandaluyong City,False,
med6,Liempogs - Commonwealth,Liempo,0.0,0,Quezon City,False,
mefb,Beyza Shish Kebab - San Miguel,Ulam,0.0,0,Dagupan Pangasinan,False,
mej7,Duo Brew - Santa Elena,Milk Tea,0.0,0,Marikina,False,
mejn,OhMy Jeong Korean Corndog - Sampaloc,Korean,5.0,160,Manila,True,5.0
mels,I Love Bucket Shrimps - Mactan Marina Wharf,Seafood,4.9,57,Lapu-Lapu City Cebu,True,4.9
meqb,R. Lapid's Chicharon and Barbecue - Nagtahan,Snacks,5.0,70,Manila,True,5.0
mern,Pherms Manok Fast-Food Chain - Agton Street,Fried Chicken,4.8,271,Davao City Davao Del Sur,True,4.8
mexs,King's Homemade Kakanin - Pequeno,Filipino,4.6,45,Davao City Davao Del Sur,True,4.6
mf3q,Cocopan - Putatan,Coffee,5.0,86,Muntinlupa City,True,5.0
mf52,Driptea - Marina Mall,Milk Tea,5.0,337,Lapu-Lapu City Cebu,True,5.0
mf5l,Mr.Puffer PH - Santa Ana,Desserts,0.0,0,Manila,False,
mfai,TO THE WOK!,Chinese,4.9,73,Taguig City,True,4.9
mfan,DYLAN'S KAMBINGAN ATBP - Bonguyan Times Beach St,Filipino,4.6,17,Davao City Davao Del Sur,True,4.6
mfbt,Ben’s Bean Coffee Shop,Beverages,0.0,0,Malolos Bulacan,False,
mfkl,Mango Delight - Molave Project 3,Fruit Shake,4.7,10,Quezon City,True,4.7
mfpp,Icebar - Robinsons Metro East,Ice Cream,0.0,0,Pasig City,False,
mfso,Oh! Me Let - Buhangin,Filipino,5.0,66,Davao City Davao Del Sur,True,5.0
mfto,RBX Rice in a Box - Puregold Paco,Fast Food,5.0,133,Manila,True,5.0
mfws,Mang Tomas Ganado Express by Cloudeats - Malolos,Rice Bowl,0.0,0,Malolos Bulacan,False,
mfy1,Lav In Cafe - Holy Spirit,Milk Tea,0.0,0,Quezon City,False,
mg30,BEOM SIK DANG BISTRO,Filipino,0.0,0,Manila,False,
mg49,Summerset Cafe - Deca Talomo,Chicken,4.4,11,Davao City Davao Del Sur,True,4.4
mg8p,Purple Cake Shop - Lapu-lapu City,Filipino,0.0,0,Lapu-Lapu City Cebu,False,
mgbh,Kanto Hits,Filipino,0.0,0,Mandaluyong City,False,
mgfn,EUVELS FOOD - Lopez Jaena St.,Siomai,0.0,0,Marikina,False,
mgh4,Lemon Squares Lemonade - Bago Bantay,Milk Tea,4.8,386,Quezon City,True,4.8
mgi2,Hariza Mediterranean Cuisine - Lucao,Wraps,4.9,57,Dagupan Pangasinan,True,4.9
mgk2,Taiwan Brew - Malolos,Milk Tea,0.0,0,Malolos Bulacan,False,
mgl1,24/7 Eats - Maginhawa,American,5.0,1761,Quezon City,True,5.0
mgno,Lemon Square Bakery Treats - Tuktukan Taguig,Cakes,5.0,75,Taguig City,True,5.0
mgt2,Army Navy - Rivergrove Lifestyle Center,Burgers,5.0,465,Dagupan Pangasinan,True,5.0
mgw2,E & E's Takuyaki - Gaisano Talamban,Takoyaki,5.0,89,Cebu City,True,5.0
mgx8,Egg Drop MNL - Malolos,Korean,4.9,23,Malolos Bulacan,True,4.9
mhf7,DAKS Shawarma By Boys Night Out - BGC,Shawarma,4.9,73,Taguig City,True,4.9
mhlw,Dash Coffee - E Jacinto St,Coffee,0.0,0,Davao City Davao Del Sur,False,
mhpi,"Sit N' Sip Haven Cafe, Co. - City Land 101",Filipino,0.0,0,Quezon City,False,
mhsm,Arki Bolthole Cafe - Quezon Boulevard,Filipino,0.0,0,Davao City Davao Del Sur,False,
mi6w,Chatime - Newport Belmont,Milk Tea,5.0,1047,Pasay City,True,5.0
mids,Botejyu - SM Davao,Ramen,4.9,36,Davao City Davao Del Sur,True,4.9
miii,Serenitea - Damosa,Milk Tea,5.0,251,Davao City Davao Del Sur,True,5.0
mij0,Bab Korean Restaurant - Taft Avenue,Korean,5.0,250,Manila,True,5.0
mik7,Authentic Chinese Cuisine - Jabson Street,Chinese,4.9,137,Pasig City,True,4.9
mikn,Eat Sulit - Quirino,Chicken,5.0,517,Quezon City,True,5.0
mil2,Tap Station - Circuit Makati,Filipino,0.0,0,Makati City,False,
mit2,My Girl Milk Tea and Coffee - Unibelt,Milk Tea,5.0,78,Manila,True,5.0
miv9,Baliwag Lechon Manok at Liempo - Ramon Magsaysay Avenue,Chicken,5.0,457,Makati City,True,5.0
mj3y,OnlineKusina Cebu Food Services,Asian,0.0,0,Lapu-Lapu City Cebu,False,
mj7y,JIPAI Padthai Station - Banawa,Fried Chicken,4.7,11,Cebu City,True,4.7
mj91,Bistro Ibarra - Vista Mall Taguig,Filipino,5.0,161,Taguig City,True,5.0
mjcp,Tiny Teapot - Pioneer Street,Bread,5.0,311,Mandaluyong City,True,5.0
mjfd,Hot Mama Pares and Silogan - 508 Hen. Lacuña Street,Pares,4.8,82,Makati City,True,4.8
mjm0,Katsu Curry House - Boni Halcon,Beverages,4.6,1380,Mandaluyong City,True,4.6
mjpl,Ronstan and Ryan Cafe - Caruncho Avenue,Beverages,0.0,0,Pasig City,False,
mjqh,Mang Inasal - Newstar Dagupan,Chicken,4.9,154,Dagupan Pangasinan,True,4.9
mjqt,Kee's Singapore Roast - Capitol Commons,Asian,0.0,0,Pasig City,False,
mjye,The Green Menu - Malolos,Healthy,4.9,102,Malolos Bulacan,True,4.9
mk1c,Johan's Delight Cake Shop - San Agustin,Cakes,0.0,0,Quezon City,False,
mk2l,MILKSHOP - Malolos Covention,Milk Tea,5.0,151,Malolos Bulacan,True,5.0
mkbp,Conti's Bakeshop and Restaurant - Ayala Malls Feliz,Cakes,5.0,496,Marikina,True,5.0
mkfo,RUSTUM BIRYANI,Indian,5.0,62,Quezon City,True,5.0
mkgc,IceCreamHouse - Bayan Bayanan,Desserts,5.0,301,Marikina,True,5.0
mljv,Avocadoria.ph - Gil Fernando,Desserts,5.0,16,Marikina,True,5.0
mllg,Italianni's - Estancia,Italian,0.0,0,Pasig City,False,
mlnw,Crazy Wings - Marikina,American,0.0,0,Marikina,False,
mlop,Zei's Coffee - E Rodriguez st.,Coffee,0.0,0,Marikina,False,
mm2d,TakoBoba - Pasong Tamo,Milk Tea,5.0,341,Quezon City,True,5.0
mm2x,Waffle Time - Pioneer Centre Supermart,Bread,0.0,0,Pasig City,False,
mm4y,MOMENT COFFEE,Coffee,5.0,32,Makati City,True,5.0
mm5k,Hukad Kafe - One Mango,Ulam,4.9,38,Cebu City,True,4.9
mm62,Avocadoria - Robinsons Metro East,Ice Cream,5.0,105,Pasig City,True,5.0
mm8d,KHUTTZ Diner by GLRA Food Corporation - Domingo M. Guevarra Street,Filipino,4.9,125,Mandaluyong City,True,4.9
mm9a,Conti's Bakeshop and Restaurant - UN Avenue Manila,Cakes,5.0,476,Manila,True,5.0
mm9q,Oink - Rockwell,Alcoholic Drinks,5.0,141,Mandaluyong City,True,5.0
mmci,Frankie's New York Buffalo Wings - Uptown Mall BGC,Chicken Wings,5.0,42,Taguig City,True,5.0
mmfq,Chibe - MGAV Building,Fried Chicken,5.0,1077,Malolos Bulacan,True,5.0
mmi4,Takoyaki Itsumo - NCCC Victoria,Takoyaki,4.9,16,Davao City Davao Del Sur,True,4.9
mmjh,Lemon Stop - Eastwood Food Junction,Beverages,5.0,191,Quezon City,True,5.0
mmkb,Andy's Crunchicken - Metro Colon,Fried Chicken,0.0,0,Cebu City,False,
mmkn,Andy's Crunchicken - Super Metro Colon,Fried Chicken,0.0,0,Cebu City,False,
mmnj,Sukadi - Manalili,Filipino,0.0,0,Cebu City,False,
mmp6,Taco Bell - One Ayala,American,4.9,293,Makati City,True,4.9
mmq9,Profound+Kitchen - Mexican Cantina - Scout Borromeo Street,Western,5.0,38,Quezon City,True,5.0
mmql,J.CO Donuts & Coffee - SM Davao Quimpo,Donut,5.0,1418,Davao City Davao Del Sur,True,5.0
mmry,St. Martin's Cafe - MDCT Building,Milk Tea,4.3,12,Cebu City,True,4.3
mmu5,Chooks! - Tutuban Center,Fried Chicken,4.9,58,Manila,True,4.9
mmxd,Eat Sulit - San Juan,Chicken,5.0,498,San Juan,True,5.0
mmxs,Mad Krapow PH - North Domingo,Rice Dishes,0.0,0,Quezon City,False,
mn0p,Saige - Pasay,Rice Bowl,5.0,22,Pasay City,True,5.0
mn1y,8AM Modern Ramen,Asian,0.0,0,Manila,False,
mn5y,Lemon Ta Tea - El Rio,Milk Tea,5.0,360,Davao City Davao Del Sur,True,5.0
mnac,Cindys Bakery and Restaurant - Nepo Mall Dagupan Pangasinan,Cakes,5.0,468,Dagupan Pangasinan,True,5.0
mnb6,Draft Coffee By Lew's - N. Domingo Street,Beverages,5.0,25,Quezon City,True,5.0
mndg,Body Fit X JustKitchen - Commonwealth,Healthy,4.9,47,Quezon City,True,4.9
mnm4,Seouled Out - Marikina,Korean,5.0,14,Marikina,True,5.0
mnmw,Secret'Door Restaurant - Poblacion,Snacks,0.0,0,Makati City,False,
mnqq,JARRK'S - Shumava Residence,Rice Dishes,4.9,17,Cebu City,True,4.9
mnwv,Manama Roasted Chicken and Bukhari Rice - Quirino Highway,Chicken,5.0,54,Quezon City,True,5.0
mnxd,Bonchon Chicken - Xentro Mall Malolos,Fried Chicken,5.0,308,Malolos Bulacan,True,5.0
mo28,TOMO Coffee - Intramuros,Coffee,5.0,165,Manila,True,5.0
mo65,Baek's Kitchen -The Maple Leaf Plaza,Korean,0.0,0,Cebu City,False,
mo8c,Hearts and Bells - Pasig,Cakes,5.0,100,Pasig City,True,5.0
mobd,Urbanica Milk Coffee - Koronadal,Coffee,5.0,464,Koronadal South Cotabato,True,5.0
modg,DQ Cakes - Ali Mall Main,Cakes,0.0,0,Quezon City,False,
mof0,Songdowon Korean Restaurant 송도원 - Eugenio Lopez Street,Korean,0.0,0,Quezon City,False,
mou6,Emys Kakanin - Pedro Diaz Street,Filipino,5.0,114,Muntinlupa City,True,5.0
moxr,Dapo at Tisa - Greenhills,Filipino,0.0,0,San Juan,False,
mp72,Kenshin Japanese Izakaya - Makati Cinema Square,Japanese,5.0,626,Makati City,True,5.0
mpaz,Sangkil Food House - Cordillera Road,Filipino,4.9,483,Davao City Davao Del Sur,True,4.9
mpb3,Why Chicken - Pateros,Fried Chicken,4.9,349,Pasig City,True,4.9
mph0,InLuck X JustKitchen - Commonwealth,Chinese,5.0,81,Quezon City,True,5.0
mpph,Genki Vibes - Batasan Hills,Filipino,0.0,0,Quezon City,False,
mprf,Fruitfull Smoothies + Juices - Robinsons Galleria,Fruit Shake,0.0,0,Cebu City,False,
mpv7,Zutto Takoyaki - Buick,Japanese,5.0,16,Quezon City,True,5.0
mpwz,Tsurumaru Udon x Tempura - SM Mall of Asia,Japanese,5.0,1247,Pasay City,True,5.0
mq2h,Mexi-ko: Fil-Mex Kitchen  - Malolos,Asian,4.9,73,Malolos Bulacan,True,4.9
mq46,Le Sucre Lab - Mall of Asia,Cakes,5.0,124,Pasay City,True,5.0
mq63,CJJ Restaurant - Timog Avenue,Filipino,4.3,58,Quezon City,True,4.3
mq67,Rarjap Rice N Box - Pedro Gil,Filipino,4.8,56,Manila,True,4.8
mqjf,99 Peso Sulit Chicken - BGC,Chicken Wings,5.0,5146,Taguig City,True,5.0
mqko,The Coze Cafe - Banawe,American,0.0,0,Quezon City,False,
mqs7,Magoo's Pizza - Makati Cinema Square,Pizza,5.0,484,Makati City,True,5.0
mqst,Cafe Francois - The Coast,Coffee,4.9,55,Cebu City,True,4.9
mqt9,Subway - SM Megamall,Sandwiches,5.0,384,Mandaluyong City,True,5.0
mqvp,PHYUMMY - Pasay,Rice Bowl,4.2,16,Pasay City,True,4.2
mqwv,Takoyaki Star - Bangkal,Takoyaki,4.8,320,Makati City,True,4.8
mqyc,BEAN ME UP CAFE - SUSANA HOMES,Filipino,0.0,0,Davao City Davao Del Sur,False,
mref,Koobideh Kebabs - Makati Avenue,Burgers,5.0,184,Makati City,True,5.0
mrfo,Eat Out Now - Bonifacio,Asian,4.9,189,Davao City Davao Del Sur,True,4.9
mrhx,Chikfry - Scout Santiago,Fried Chicken,0.0,0,Quezon City,False,
mrkq,Pinoy Bento - Singkamas,Rice Bowl,5.0,610,Makati City,True,5.0
mrlw,Baka Naman - Obrero,Lechon,0.0,0,Davao City Davao Del Sur,False,
mru5,LGBT - Amethyst Street,Filipino,4.9,9215,Malolos Bulacan,True,4.9
ms02,Manang's Cafe - Sambag 1,Filipino,5.0,75,Cebu City,True,5.0
ms3m,Dimsum Treats - Pablo Ocampo,Dumpling,5.0,134,Makati City,True,5.0
ms4r,Napolitani Pizzeria - Molave Suites,Pizza,4.9,195,Cebu City,True,4.9
ms4t,Ramen Nagi - SM San Lazaro,Ramen,5.0,180,Manila,True,5.0
ms7k,Cobo Tea - Paseo De Roxas,Beverages,0.0,0,Makati City,False,
mscv,Candy Corner - SM City Marikina,Desserts,0.0,0,Marikina,False,
msid,Chihuahua Express - Makati,Western,4.8,233,Makati City,True,4.8
msna,Starbucks Reserve - Westgate Center,Coffee,5.0,2788,Muntinlupa City,True,5.0
msor,R. Lapid's Chicharon and Barbecue - Pioneer Supermarket,Snacks,5.0,30,Pasig City,True,5.0
mt54,ICY BEAR ICE CREAM AND SNACK HOUSE,Milk Tea,0.0,0,Pasay City,False,
mt5a,Minante Pizzeria - Garden Bloc,Pizza,4.9,46,Cebu City,True,4.9
mt5y,House of Lasagna Jr. - N Domingo Street,Pasta,5.0,169,San Juan,True,5.0
mt6k,Mr Mediterranean - Ortigas,Middle Eastern,0.0,0,Mandaluyong City,False,
mt6o,Anyas Sizzling House - Quezon City,Ulam,0.0,0,Quezon City,False,
mt76,Pares Ta Bai - Banilad,Filipino,5.0,3109,Cebu City,True,5.0
mtak,Sholem Halo-Halo - Pajo,Filipino,5.0,577,Lapu-Lapu City Cebu,True,5.0
mtbm,Clouds Cafe - Pacheco,Filipino,0.0,0,Manila,False,
mtsb,Monstakoyaki - Citiplaza 2 Residencia,Takoyaki,4.5,11,Quezon City,True,4.5
mtwl,Cello's Doughnuts - Shangri-La Plaza,Donut,5.0,231,Mandaluyong City,True,5.0
mtzj,The Cabalen Group Delivery - JP Rizal,Filipino,0.0,0,Quezon City,False,
mu9a,Tropical Hut - MDC 100 Mezzanine,Burgers,5.0,2469,Quezon City,True,5.0
mu9p,Tender Loving Cakes - Panay Avenue,Cakes,5.0,228,Manila,True,5.0
mua6,Crispy Star - Poblacion,Filipino,0.0,0,Muntinlupa City,False,
mub1,Aprileycious Burger - Project 4,American,4.9,22,Quezon City,True,4.9
mucr,Nichibotsu Cafe - Ayala Malls Circuit Makati,Coffee,0.0,0,Makati City,False,
mudb,Kopibara Coffee,Beverages,0.0,0,Quezon City,False,
muiq,Dolce Mango - Alfonso Sandoval Avenue,Fruit Shake,4.9,113,Pasig City,True,4.9
mujp,Tsurumaru Udon x Tempura - Robinsons Place Manila,Japanese,5.0,1458,Manila,True,5.0
mun2,Dencio's - Sumulong,Filipino,4.8,42,Marikina,True,4.8
muo8,Popper's Pop - Market Market Taguig,Filipino,0.0,0,Taguig City,False,
muso,Bingkanamit - Mall of Ace Centerpoint,Desserts,4.8,28,Koronadal South Cotabato,True,4.8
muto,Kung Fu Tea - Newport World Resorts,Milk Tea,0.0,0,Pasay City,False,
mux6,Sinangag Club - Caruncho,Filipino,4.1,19,Pasig City,True,4.1
mv1z,Mister Donut - Ususan,Donut,5.0,38,Taguig City,True,5.0
mv3k,MOM'S UBE & TRIPLE CHOCOLATE CHAMPORADO - ROBINSONS MANILA,Filipino,0.0,0,Manila,False,
mv60,Popper's Pop - Robinsons Malolos,Asian,4.7,15,Malolos Bulacan,True,4.7
mv6a,88wok - Poblacion,Asian,0.0,0,Makati City,False,
mv6t,Cebu Ramen Express - Vrama Street,Ramen,4.4,38,Cebu City,True,4.4
mvav,Reyes Barbecue - Landmark Makati,BBQ,0.0,0,Makati City,False,
mvpu,Lola Pinang's - GT Tower,Silog,0.0,0,Makati City,False,
mvq4,Hen Lin - Ayala Vertis North,Dim Sum,5.0,55,Quezon City,True,5.0
mvwg,Cocopan - Maysilo,Coffee,5.0,162,Mandaluyong City,True,5.0
mvxe,Burger Beast - Marikina Heights,Burgers,5.0,641,Marikina,True,5.0
mvzy,I Love Milk Tea - Puregold Rosario Pasig,Donut,0.0,0,Pasig City,False,
mw60,Annapoorna - Mother Ignacia Avenue,Biryani,5.0,219,Quezon City,True,5.0
mw9p,Nakuyami Takoyaki - GT Tower,Takoyaki,5.0,120,Makati City,True,5.0
mwca,Turks - Mercedes Avenue Pasig,Shawarma,5.0,39,Pasig City,True,5.0
mwe8,Uncle John's - Tikay,Fried Chicken,5.0,168,Malolos Bulacan,True,5.0
mwid,FOODIES JUNCTION CORP. - General Maxilom Avenue,Filipino,4.9,12,Cebu City,True,4.9
mwkg,Macao Imperial Tea - Mall of Asia,Milk Tea,5.0,675,Pasay City,True,5.0
mwkv,Baliwag Lechon Manok at Liempo - Mayombo,Chicken,4.9,482,Dagupan Pangasinan,True,4.9
mws8,Bibingkinitan - SM Fairview Counter,Desserts,5.0,10,Quezon City,True,5.0
mwvd,Paotsin - McKinley IPC,Dumpling,4.9,549,Taguig City,True,4.9
mwxl,Everyday Friday Bistro & Grill - Pope John Paul II Avenue,Filipino,4.9,327,Cebu City,True,4.9
mwyl,Botskie's Restaurant,Asian,5.0,72,Lapu-Lapu City Cebu,True,5.0
mwyp,TakeMe Coffee - Fort Palm Spring BGC,Coffee,5.0,57,Taguig City,True,5.0
mwzq,Kuya Alot Kitchenette - Felcris Supermarket Inc.,Filipino,4.8,21,Davao City Davao Del Sur,True,4.8
mwzv,Seafood Mix - Barangay Commonwealth,Seafood,4.9,72,Quezon City,True,4.9
mx3a,SC888 EATERY - Bautista Palanan,Rice Dishes,0.0,0,Makati City,False,
mxa9,Baliwag Lechon Manok at Liempo - General Luna Street 1,Chicken,5.0,1017,Taguig City,True,5.0
mxdw,Buena Kape - Old Sauyo Road,Beverages,5.0,166,Quezon City,True,5.0
mxf2,Lungo Cafe - JP Rizal Street,Unknown,0.0,0,Marikina,False,
mxi9,CoCo Fresh Tea & Juice - SM Muntinlupa,Beverages,5.0,3736,Muntinlupa City,True,5.0
mxts,Hap Chan - Ayala Malls Marikina,Chinese,4.8,176,Marikina,True,4.8
mxv3,Sip Cafe - Vibo,Pizza,0.0,0,Cebu City,False,
mxy5,Señor Birria - Tunasan,Western,4.9,484,Muntinlupa City,True,4.9
mxyr,Donna Ice Cream - Buhangin,Ice Cream,4.9,277,Davao City Davao Del Sur,True,4.9
my7c,Buko Juan - Strata 2000 Building,Fruit Shake,0.0,0,Pasig City,False,
my8u,Tagaytay Bulalo Specials - Pioneer Center,Bulalo,4.9,110,Pasig City,True,4.9
my9a,Jujubis ka Tea - Pedro Gil,Filipino,4.9,1225,Manila,True,4.9
myca,Highlands Coffee - Science Hub,Coffee,4.9,175,Makati City,True,4.9
myjt,Tinapayan Festival Bakeshoppe - Dapitan Street,Cakes,0.0,0,Manila,False,
myma,Mamu Geng's Kitchenette - Green Park Village,Filipino,4.9,166,Pasig City,True,4.9
mymk,Healthy Lemon - Ever Commonwealth,Fruit Shake,0.0,0,Quezon City,False,
myrd,Gorae Hotdog - Mall of Asia,Korean,5.0,20,Pasay City,True,5.0
mywa,AMS Golden Plate Restaurant - Unipad Residences,Filipino,4.9,139,Manila,True,4.9
mz9v,Buffalo's Wings N' Things - Newport,Chicken Wings,5.0,79,Pasay City,True,5.0
mzb7,Persia Wrap - Dagonoy Street,Wraps,0.0,0,Manila,False,
mzbq,TartKO - Legazpi Village,Desserts,5.0,111,Makati City,True,5.0
mzdb,SELLable Favorites - 2,Silog,0.0,0,Quezon City,False,
mzde,Cha Tuk Chak - Rublou Muntinlupa,Milk Tea,5.0,843,Muntinlupa City,True,5.0
mzeg,Pino - Ayala Business Park,Ulam,4.9,58,Cebu City,True,4.9
mzja,Bayan Eats 24/7 (Mix and Match) - Makati,Ulam,0.0,0,Makati City,False,
mzkr,LaWuYou restaurant - W City Center,Chinese,0.0,0,Taguig City,False,
mzrs,Singko Star Lucky Fried Chicken - Providence Tower,Fried Chicken,5.0,45,Manila,True,5.0
mzu4,Caffeena - Vista Mall Taguig,Coffee,5.0,18,Taguig City,True,5.0
mzxw,Rhian Ramos' Healthy Appetite - Makati,Chicken,5.0,1145,Makati City,True,5.0
n01r,Xtreet Food - Baliok,Fried Chicken,0.0,0,Davao City Davao Del Sur,False,
n01z,ZUS Coffee - Island Central Mactan,Coffee,5.0,118,Lapu-Lapu City Cebu,True,5.0
n03s,Minnano Station by Tomochan - Cubao,Ramen,0.0,0,Quezon City,False,
n05v,Kuh Meal - II Terrazzo,American,0.0,0,Quezon City,False,
n06i,Kakay's - Ayala Malls Cloverleaf,Halo-Halo,4.9,12,Quezon City,True,4.9
n08c,K-Mukbang Food Stall,Filipino,0.0,0,Lapu-Lapu City Cebu,False,
n0bt,Chick 'n Juicy - Osano Park,Chicken,5.0,350,Taguig City,True,5.0
n0c7,Guijo Cafe - Guijo Suites,Coffee,0.0,0,Makati City,False,
n0dx,Kuya J - SM Ortigas East,Filipino,5.0,922,Pasig City,True,5.0
n0ig,Glam House of Gourmet - United Glorietta,Kare Kare,4.8,291,Pasig City,True,4.8
n0iw,CHIMAC Chicken & Beer - Aseana Square,Korean,5.0,255,Pasay City,True,5.0
n0jd,Hing Chun Tea House - Malakas Street,Chinese,5.0,616,Quezon City,True,5.0
n0mx,Starbucks - SM East Ortigas,Coffee,5.0,2821,Pasig City,True,5.0
n0qw,Serenitea - Greenhills,Milk Tea,5.0,1500,San Juan,True,5.0
n0zv,Sugarhouse - Santolan Town Plaza,Cakes,5.0,204,San Juan,True,5.0
n14p,Danidoo Waffles of Belgium - SM Cebu,Pancakes & Waffles,4.9,33,Cebu City,True,4.9
n16o,Foodtrendzph - Pipit,Wraps,4.8,232,Makati City,True,4.8
n1cj,Mang Inasal - Valencia,Chicken,5.0,3309,Valencia Bukidnon,True,5.0
n1di,Golden Chinese Food House - Scout Alcaraz,Chinese,5.0,359,Quezon City,True,5.0
n1eo,The Kapetan Cafe - P. Tuazon cor Edsa,Filipino,4.7,20,Quezon City,True,4.7
n1g8,Bonchon Chicken - Mall of Asia,Fried Chicken,4.9,186,Pasay City,True,4.9
n1ia,Bunado's Lechon - Lipata,Lechon,5.0,1996,Cebu City,True,5.0
n1ic,Davao Dampa Seafoods - Artiaga  Street,Seafood,0.0,0,Davao City Davao Del Sur,False,
n1jw,Taters - SM Megamall Ice Skating,Snacks,5.0,68,Mandaluyong City,True,5.0
n1l5,Hungry Tummy - Victors Subdivision,Filipino,5.0,66,Davao City Davao Del Sur,True,5.0
n1qd,Lots'a Pizza - Puregold Mindanao Avenue,Pizza,5.0,523,Quezon City,True,5.0
n1qi,McDonald's - San Lorenzo Place,Fast Food,5.0,4012,Makati City,True,5.0
n1qz,Wingfinity And Beyond Food Ventures Inc - Shaw Boulevard,Chicken Wings,5.0,212,Mandaluyong City,True,5.0
n1r1,Hot Potato - Lilac Street,Filipino,4.9,13,Marikina,True,4.9
n1th,Soul Kitchen Co. Grab & Go - Lanang,Healthy,5.0,516,Davao City Davao Del Sur,True,5.0
n1vx,Korean Street Food - Don Quijote,Korean,4.8,1281,Manila,True,4.8
n1zu,Mers Paluto - F Llamas Street,Filipino,5.0,4068,Cebu City,True,5.0
n20s,Uncle John's - G&H Building Tejeron,Chicken,0.0,0,Manila,False,
n21h,AGGIES CAFE - CSI Lucao,Filipino,5.0,32,Dagupan Pangasinan,True,5.0
n23h,Yummy Tokyo - Regis Center,Japanese,4.9,80,Quezon City,True,4.9
n23v,Paramount Coffee- Crocodile Park,Coffee,0.0,0,Davao City Davao Del Sur,False,
n291,Kitchen Counter Bistro - Obrero,Sushi,5.0,141,Davao City Davao Del Sur,True,5.0
n2a3,Gotokai - Mamay Road,Filipino,5.0,1772,Davao City Davao Del Sur,True,5.0
n2ag,Nanyang - SM Megamall,Chicken,4.9,575,Mandaluyong City,True,4.9
n2b4,Soul Kitchen - P. Burgos Makati,Lechon,4.8,36,Makati City,True,4.8
n2bc,Yayoi - Bonifacio Global City,Japanese,5.0,368,Taguig City,True,5.0
n2ct,Potato Corner - Esrelita,Fries,5.0,164,Muntinlupa City,True,5.0
n2d2,Ima Kitchen Cafe - Ever Gotesco Mall,Filipino,4.9,77,Quezon City,True,4.9
n2f9,YOGOST - Alabang Town Center,Desserts,5.0,77,Muntinlupa City,True,5.0
n2gn,Jollibee - Cebu Ayala L3,Fast Food,5.0,6390,Cebu City,True,5.0
n2h6,Katsu Curry House - General Estrella,Japanese,4.6,1347,Makati City,True,4.6
n2jz,High Tea - Leveriza,Milk Tea,5.0,402,Pasay City,True,5.0
n2nr,Fruitas - Wellcome Plaza,Fruit Shake,5.0,337,Pasay City,True,5.0
n2pf,Yellow Cab - SM City Davao,Pizza,4.9,614,Davao City Davao Del Sur,True,4.9
n2ux,Iña Food and Beverage House - Anami Homes,Asian,4.7,151,Lapu-Lapu City Cebu,True,4.7
n2yq,Panadero Bakeshop - Maa,Bread,4.9,36,Davao City Davao Del Sur,True,4.9
n34m,King Sisig Express - Bayan-Bayanan Marikina,Sisig,5.0,315,Marikina,True,5.0
n34r,LOCAY Cafe,Filipino,0.0,0,Cebu City,False,
n35d,Domino's Pizza - Timog Avenue,Pizza,4.9,1570,Quezon City,True,4.9
n3au,Yellow Cab - Azuela Davao,Pizza,4.9,1032,Davao City Davao Del Sur,True,4.9
n3d6,BLACKBEARDS SEAFOOD ISLAND,Filipino,0.0,0,Cebu City,False,
n3iv,Fruitas - Waltermart Muñoz,Fruit Shake,5.0,223,Quezon City,True,5.0
n3ja,Luk Yuen - Alabang,Chinese,5.0,815,Muntinlupa City,True,5.0
n3lf,Sam Janella's Ihaw Ihaw House - Pio del Pilar,Asian,4.9,1674,Makati City,True,4.9
n3mp,Double K Seafoods & BBQ Restaurant - F Torres,Filipino,4.7,441,Davao City Davao Del Sur,True,4.7
n3oc,Chinoy Chow - Poblacion Market Central,Rice Bowl,0.0,0,Davao City Davao Del Sur,False,
n3sl,Goto Loco - Grand Royale,Filipino,3.8,17,Malolos Bulacan,True,3.8
n3t5,Zagu - Maybunga Pasig City,Beverages,5.0,76,Pasig City,True,5.0
n3ue,Driptea - Bolton,Milk Tea,5.0,967,Davao City Davao Del Sur,True,5.0
n42b,Tako Tako Queen - Chong Hua Medical Mall,Japanese,0.0,0,Cebu City,False,
n479,Dampa Express - Marikina,Fish,5.0,36,Marikina,True,5.0
n48z,Alberto's Pizza - Matina,Pizza,5.0,5179,Davao City Davao Del Sur,True,5.0
n4ap,Mang Binatog - SM City North EDSA,Filipino,5.0,216,Quezon City,True,5.0
n4g3,Blake's Wings and Steaks - Gil Fernando Avenue,Chicken Wings,5.0,304,Marikina,True,5.0
n4gc,Dear Jane Cafe,Beverages,0.0,0,Quezon City,False,
n4hz,Crazy Chimken - Tulip Drive,Fried Chicken,0.0,0,Davao City Davao Del Sur,False,
n4i0,Gatsuman - Uptown Mall,Ramen,5.0,359,Taguig City,True,5.0
n4it,Yang Chow Noodle Bar - Rustan's Makati,Dumpling,5.0,182,Makati City,True,5.0
n4je,Waffle Time - NCCC Mall Buhangin,Pancakes & Waffles,5.0,377,Davao City Davao Del Sur,True,5.0
n4or,Creamy Palabok and Malabon by Aling Banang MNL - San Juan,Filipino,0.0,0,San Juan,False,
n4ro,Bap Bap - Santa Ana,Korean,4.9,15,Manila,True,4.9
n4ut,Paotsin - Ayala Fairview Terraces,Dumpling,5.0,743,Quezon City,True,5.0
n4vh,Dencio's - Jupiter,Filipino,4.9,90,Makati City,True,4.9
n4vi,Cuisinero - Lanang,Bulalo,4.0,1,Davao City Davao Del Sur,True,4.0
n4vk,Unocha - SM Light,Milk Tea,5.0,534,Mandaluyong City,True,5.0
n4x9,KoCha Milk Tea - Blas Ople Diversion,Milk Tea,4.4,169,Malolos Bulacan,True,4.4
n4yt,Pares Point Grill and Resto Bar - Chino Roces Avenue,Pares,5.0,11788,Makati City,True,5.0
n5ao,Cha Tuk Chak - Ayala Malls Marikina,Milk Tea,5.0,2005,Marikina,True,5.0
n5bv,Buddy's Pancit Lucban at Longganisang Lucban - Venice Mall,Filipino,5.0,892,Taguig City,True,5.0
n5eh,Chatime - SM Manila,Milk Tea,5.0,1016,Manila,True,5.0
n5h5,Potato Corner - Urbano Velasco Avenue,Fries,5.0,792,Pasig City,True,5.0
n5il,Aling Consuelo Original Halo-Halo Since 1960 - Ugbo Street,Halo-Halo,5.0,818,Manila,True,5.0
n5oz,Big Boks - Malamig,Chicken,0.0,0,Mandaluyong City,False,
n5qo,Serenitea - Ayala Cloverleaf,Milk Tea,5.0,311,Quezon City,True,5.0
n5rw,"But First, Coffee - McArthur Highway Malolos",Coffee,5.0,374,Malolos Bulacan,True,5.0
n5tj,Chicken Chingu - Poblacion,Fried Chicken,5.0,4132,Makati City,True,5.0
n5u0,Tapsiness - Pioneer Center,Filipino,4.9,75,Pasig City,True,4.9
n5ux,Infinitea - EP Village,Milk Tea,5.0,1112,Taguig City,True,5.0
n5vb,Cafe 69,Japanese,0.0,0,Marikina,False,
n5y5,MRB Fruitshake - Asuncion Street,Fruit Shake,5.0,101,Manila,True,5.0
n5yh,Jollibee - Baclaran Bagong Milenyo,Fast Food,4.9,241,Pasay City,True,4.9
n5zw,Lasagna MNL - Bangkal (Makati),Pasta,5.0,266,Makati City,True,5.0
n61i,Chickpoint Lechon Manok & Liempo House - Sto Niño,Lechon,4.5,36,Davao City Davao Del Sur,True,4.5
n64a,Bayan Eats 24/7 (Mix and Match) - Makati Mandaluyong,Ulam,0.0,0,Mandaluyong City,False,
n658,Bonchon Chicken - SM Dagupan,Fried Chicken,5.0,177,Dagupan Pangasinan,True,5.0
n689,Nomikashi - Metro East Pasig,Beverages,0.0,0,Pasig City,False,
n6c8,Candy Corner - Uptown Mall,Desserts,0.0,0,Taguig City,False,
n6h1,Basta Inihaw - Morayta,Filipino,4.8,466,Manila,True,4.8
n6iu,Cups n' Joy - Bonuan Gueset,Milk Tea,5.0,909,Dagupan Pangasinan,True,5.0
n6ji,The Corner Market Food Hall - The Podium,Chicken,5.0,225,Mandaluyong City,True,5.0
n6ly,Scarlett Sisig Corner - Matina,Filipino,4.5,328,Davao City Davao Del Sur,True,4.5
n6ou,Chill a cup - Sasa,Milk Tea,5.0,492,Davao City Davao Del Sur,True,5.0
n6qi,Rita's Pancit Ng Taga Malabon - Market! Market!,Noodles,4.8,31,Makati City,True,4.8
n6rk,Crunch Time - Cebu,Fried Chicken,5.0,2451,Cebu City,True,5.0
n6ug,Okiyaki Takoyaki - Poblacion,Takoyaki,4.7,371,Makati City,True,4.7
n6wf,Mitsuyado Sei-Men - Bluebay,Japanese,5.0,147,Pasay City,True,5.0
n72a,Japanese Restobar 78 - Amorsolo Street,Japanese,5.0,10,Makati City,True,5.0
n75a,Greek Alpha - SM Manila Supermarket,Shawarma,2.9,12,Manila,True,2.9
n7aa,15COFFEE - Scout Bayoran,Coffee,5.0,28,Quezon City,True,5.0
n7c1,Ms Tanghulu - Venice Grand Canal Mall,Ice Cream,0.0,0,Taguig City,False,
n7hy,"Tokyo Tokyo - CIGI, Pioneer St.Mandaluyong",Japanese,5.0,3102,Mandaluyong City,True,5.0
n7m1,Grace Kitchen,Fast Food,0.0,0,Pasig City,False,
n7mj,"La Diem Café - Luneta Seafarers, Cebu",Beverages,0.0,0,Cebu City,False,
n7mx,Comedor by Miguel & Maria,Filipino,0.0,0,Marikina,False,
n7nn,Guilt Free - BGC,Healthy,4.9,443,Taguig City,True,4.9
n7rw,Queen's Road Dim Sum - Robinsons Easymart Mactan Newtown,Dim Sum,4.9,250,Lapu-Lapu City Cebu,True,4.9
n7tz,Hen Lin - Gaisano Market,Dim Sum,4.9,122,Taguig City,True,4.9
n7zd,Kumbira - Solea Mactan Resort,Bread,5.0,178,Lapu-Lapu City Cebu,True,5.0
n7ze,Seattle's Best Coffee - Katipunan,Coffee,5.0,828,Quezon City,True,5.0
n7zh,Bao King X JustKitchen - Commonwealth,Chinese,0.0,0,Quezon City,False,
n800,Ms Tanghulu - Mall of Asia,Ice Cream,0.0,0,Pasay City,False,
n81i,Pastil House & Grill - Juna Subdivision,Filipino,4.9,17,Davao City Davao Del Sur,True,4.9
n83x,Fried Noodles & Spices - Bangkal,Asian,4.1,261,Makati City,True,4.1
n84d,Goodah - Alabang Zapote Road,Filipino,5.0,1496,Muntinlupa City,True,5.0
n866,Grainsmart Cafe - Old Sta Mesa,Beverages,0.0,0,Manila,False,
n86z,KILLINEY - MOA,Rice Noodles,0.0,0,Pasay City,False,
n8d3,ChaTraMue - Robinsons Place Manila,Beverages,5.0,65,Manila,True,5.0
n8fy,Chimmy - Paseo Arcenas,Beverages,5.0,25,Cebu City,True,5.0
n8g4,Cafe Mary Grace - Alabang Town Center,Cakes,5.0,143,Muntinlupa City,True,5.0
n8jl,Bulalo World - 168 Shopping Mall,Soups,5.0,203,Manila,True,5.0
n8lr,Moonleaf Tea Shop - Dagupan,Milk Tea,5.0,691,Dagupan Pangasinan,True,5.0
n8mj,Barney's BBQ - Palma Gil Street,Filipino,4.9,826,Davao City Davao Del Sur,True,4.9
n8n6,Mr. Korean Chicken Sandwich - Mayon Street,Fried Chicken,4.9,755,Quezon City,True,4.9
n8nj,Workshop By Le Petit Souffle – The Grid Food Market,Bread,4.9,116,Makati City,True,4.9
n8oh,Tom Yumyum Kaleskesan At Papaitan - Old De Venecia Road,Filipino,4.9,1562,Dagupan Pangasinan,True,4.9
n8pz,Lyntoria Food Corporation,Asian,0.0,0,Quezon City,False,
n8qb,Wendy's - PNX Marcos Highway,Burgers,5.0,8707,Marikina,True,5.0
n8qi,Big Chill - EDSA Shangri-la,Healthy,5.0,188,Mandaluyong City,True,5.0
n8sh,Rairaiken - Ali Mall,Japanese,4.9,142,Quezon City,True,4.9
n8tk,Lansangan Restaurant - Diliman,Filipino,5.0,219,Quezon City,True,5.0
n8tz,Deli By Chele - Robinsons Magnolia,Sandwiches,0.0,0,Quezon City,False,
n8wp,Pan De Manila - McKinley Park Residences,Bread,5.0,145,Taguig City,True,5.0
n8wr,Lots'a Pizza - Puregold Buting Pasig,Pizza,5.0,504,Pasig City,True,5.0
n8wy,Suki Gyouza - South Park Center,Japanese,0.0,0,Muntinlupa City,False,
n8xi,Seoul Snack - Starmall,Rice Bowl,0.0,0,Mandaluyong City,False,
n91d,Crave Milktea - Ayala Fairview Terraces,Beverages,0.0,0,Quezon City,False,
n92a,Pitalicious Diner - Rev G Aglipay Street,Shawarma,4.8,321,Mandaluyong City,True,4.8
n944,Crossroad Spot Foodstation,Asian,0.0,0,Manila,False,
n9ab,Brew Republique Coffee Shop -  Archbishop Reyes Avenue,Coffee,0.0,0,Cebu City,False,
n9aw,Hen Lin - Fairview Center Mall,Dim Sum,4.6,35,Quezon City,True,4.6
n9az,Bonifacio Corner - Bonifacio,Fried Chicken,0.0,0,Davao City Davao Del Sur,False,
n9bp,Single Origin - Salcedo,American,4.4,211,Makati City,True,4.4
n9cu,Cabalen Plus - SM Megamall,Ulam,4.9,43,Mandaluyong City,True,4.9
n9f1,The 5S Box Indian Restaurant - Gahol Avenue,Biryani,3.6,55,Davao City Davao Del Sur,True,3.6
n9le,Mister Donut - Parang Marikina,Donut,5.0,228,Marikina,True,5.0
n9mi,Macing's Special Bibingka - Tandang Sora Avenue,Filipino,5.0,2790,Quezon City,True,5.0
n9on,Saboten - 5th Avenue,Asian,4.7,141,Taguig City,True,4.7
n9pa,Boy Tteokbokki - Vibo Place,Korean,4.9,404,Cebu City,True,4.9
n9pf,Ben's Cookies - Podium,Desserts,5.0,349,Pasig City,True,5.0
n9qv,Sisig Station - Circle C,Sisig,5.0,336,Quezon City,True,5.0
n9xg,Sizzling City - Super Metro Colon,Filipino,5.0,90,Cebu City,True,5.0
n9zl,Cafe France - Times Plaza Building,Sandwiches,5.0,86,Manila,True,5.0
naab,Buffalo Wild Wings - Estancia,Japanese,0.0,0,Pasig City,False,
nacp,R. Lapid's Chicharon and Barbecue - S&R Bonifacio Global City,Snacks,5.0,52,Taguig City,True,5.0
naea,Magie's,Asian,0.0,0,Pasay City,False,
naec,Sweetblooms - J. Abad Santos Street,Desserts,4.9,16,Quezon City,True,4.9
nagc,Gorae Hotdog - SM Sta Mesa,American,5.0,106,Quezon City,True,5.0
namm,A&A Snack House - Azucena Street,Korean,5.0,134,Davao City Davao Del Sur,True,5.0
namp,Baba's Kitchen - Bulihan,Filipino,5.0,579,Malolos Bulacan,True,5.0
naph,Olah Snow Halo-Halo and Rice Meals,Halo-Halo,0.0,0,Pasay City,False,
nb42,Mr Inasal - Taguig,Chicken,5.0,42,Taguig City,True,5.0
nb6j,Soy & Bean and Balai Pandesal - 8137 Plaza,Healthy,5.0,408,Pasig City,True,5.0
nb88,Dapogan - Soong,Filipino,5.0,403,Lapu-Lapu City Cebu,True,5.0
nb8e,Muchos Ka-Pares - Severina Subdivision,Pares,5.0,18,Taguig City,True,5.0
nb92,Nomitomo Japanese Restaurant - Agus Lapu Lapu,Sushi,0.0,0,Lapu-Lapu City Cebu,False,
nbc8,Sinangag Station - Express Inn Mabolo,Silog,5.0,271,Cebu City,True,5.0
nben,Chef Cengiz Place Turkish Kebab House - Matina,Biryani,4.9,65,Davao City Davao Del Sur,True,4.9
nbht,Manam's Pancit Pancitan - Shaw Blvd,Filipino,4.8,72,Mandaluyong City,True,4.8
nbjb,Organikian Urban Farm - Morales,Rice Dishes,5.0,289,Koronadal South Cotabato,True,5.0
nblt,Sajang Chicken - Boni Avenue,Korean,5.0,1493,Mandaluyong City,True,5.0
nbp9,The Pollo Family: Loaded Chicken - Malolos,Fried Chicken,5.0,52,Malolos Bulacan,True,5.0
nbr0,Souper Hot Malatang - One Wilson Square,Chinese,0.0,0,San Juan,False,
nbri,Domus Cafe - Barbara St,Coffee,0.0,0,Quezon City,False,
nbw2,Bayani Busog Bowls - PCU,Filipino,0.0,0,Manila,False,
nbwt,Z Food Station - Camia Street,Pizza,0.0,0,Makati City,False,
nbyt,Redbox Pizza - Puregold Santa Mesa,Pizza,0.0,0,Manila,False,
nbyv,Bulalo World Express - E. Rodriguez Ave,Bulalo,5.0,125,Quezon City,True,5.0
nc0x,Popeyes Chicken - California Garden Square,Chicken,5.0,2306,Mandaluyong City,True,5.0
nc3b,Bento Pares - Regalado Avenue,Filipino,0.0,0,Quezon City,False,
nc4c,Balai Kaffa - Lourdes Suites,Filipino,0.0,0,Makati City,False,
ncd7,Starbucks - Metroplaza Dagupan,Coffee,5.0,1457,Dagupan Pangasinan,True,5.0
nclw,Shawarma Shack - Tumana,Shawarma,5.0,551,Marikina,True,5.0
ncm3,Momays Khandy Foody and Bakery Products Manufacturing - Juggler Street,Filipino,0.0,0,Cebu City,False,
ncp3,England Pizza House - NDC Commercial Building,Pizza,4.4,15,Koronadal South Cotabato,True,4.4
ncvf,Panadero Bakeshop - Ecoland,Bread,4.9,37,Davao City Davao Del Sur,True,4.9
nd0t,Ka Roger Sizzlingan Food And Beverage House - Recto Ave,Filipino,4.7,1242,Manila,True,4.7
nd1u,Bravs Sisig and Nachos - Zapatera,Sisig,4.7,94,Cebu City,True,4.7
nd39,Lilys Liempo and Lechon Manok - Malolos,Chicken,5.0,28,Malolos Bulacan,True,5.0
ndel,Bandejas Cafe and Diner - Pandango Street,Filipino,5.0,140,Davao City Davao Del Sur,True,5.0
ndf8,SUMU CREATIVE SPACE AND COFFEE BARS INC.,Coffee,0.0,0,Manila,False,
ndk5,Binalot - Shell Balintawak,Filipino,4.9,12,Quezon City,True,4.9
ndmb,Liquigan's Cuisine - Timog Food Plaza,Filipino,4.9,5311,Quezon City,True,4.9
ndmu,Kuh Meal - Katipunan Ave.,American,5.0,79,Quezon City,True,5.0
ndq4,Whatta Catch Scallop Bar - Taft,Seafood,0.0,0,Manila,False,
ndq7,Zark's Burgers - UN Square,Burgers,4.9,136,Manila,True,4.9
ndxe,Sachun Sung Restaurant - Pearl Plaza,Noodles,5.0,332,Pasig City,True,5.0
ne2d,Mango Smootea - Carpricon Street,Beverages,0.0,0,Quezon City,False,
ne5h,The KRT Milktea - 999 J P Rizal Street,Milk Tea,0.0,0,Marikina,False,
ne67,Al lazeez Mediterranean Cuisine - Ususan,Shawarma,4.9,186,Taguig City,True,4.9
ne88,Coffeebay - Mactan,Coffee,5.0,58,Lapu-Lapu City Cebu,True,5.0
neem,Gotchu Jang: Korean Bowls - Quezon Avenue,Korean,4.9,53,Quezon City,True,4.9
neh9,Tah-Mee - Festival Mall,Ice Cream,4.9,11,Muntinlupa City,True,4.9
neve,LadyBoss Buko House - F. Torres Street,Desserts,0.0,0,Davao City Davao Del Sur,False,
neym,Tokyo Tempura - Riverbanks,Japanese,5.0,57,Marikina,True,5.0
nf02,Isla Cafe - Ermin Garcia Street,Desserts,0.0,0,Quezon City,False,
nf61,Huashan Chinese Seafood Restaurant - R Castillo,Seafood,0.0,0,Davao City Davao Del Sur,False,
nfe0,Leaftea Milktea Bar - Villamor Airbase,Milk Tea,5.0,120,Pasay City,True,5.0
nfll,Selecta Ice Cream Shop - Malibay Pasay,Ice Cream,5.0,114,Pasay City,True,5.0
nfok,MNKY BEAN COFFEE + PIZZA - Central Park,Coffee,0.0,0,Davao City Davao Del Sur,False,
nfok,MNKY BEAN  - Central Park,Coffee,0.0,0,Davao City Davao Del Sur,False,
nfpb,Caramia - WalterMart Makati,Cakes,5.0,724,Makati City,True,5.0
nfq2,Sinangag On-The-Go - Manila,Rice Bowl,0.0,0,Manila,False,
nfvu,Seoul Ramen by Sulbing Dessert Cafe - Parian,Ramen,4.9,251,Cebu City,True,4.9
nfx9,But First Coffee - V Mapa,Asian,5.0,946,Manila,True,5.0
nfyf,Siggo - Horizons 101,Sisig,5.0,216,Cebu City,True,5.0
nfzw,Nazar Turkish Cuisine,Shawarma,5.0,129,Quezon City,True,5.0
ng41,King Sisig Express - Pitogo Kalayaan,Sisig,4.8,197,Makati City,True,4.8
ng80,5 Munchkinz Cafe-  Marikina Heights,Coffee,4.7,13,Marikina,True,4.7
ng9a,Paik's Coffee and Bakery - Glorietta,Beverages,0.0,0,Makati City,False,
ngtj,Uncle John's - Tech Tower,Fried Chicken,0.0,0,Cebu City,False,
ngy5,Superfood - San Antonio,Chinese,4.9,488,Makati City,True,4.9
nh4u,Plato Wraps - One Bonifacio High Street,Sandwiches,5.0,128,Taguig City,True,5.0
nh9a,i-Hub Davao - CoWorking Space and Bistro,Filipino,4.9,22,Davao City Davao Del Sur,True,4.9
nha1,Kore-Korean Restaurant - Quezon City,Korean,0.0,0,Quezon City,False,
nhbb,Kink Cakes - Makati,Cakes,5.0,51,Makati City,True,5.0
nhgg,La Vernice Donuts & Cafe,Coffee,0.0,0,Marikina,False,
nhif,KUYA BOY BALBACUAHAN - Gensan Drive,Filipino,4.8,516,Koronadal South Cotabato,True,4.8
nhip,Great Greens: Salads & Grains - Makati,Salads,5.0,1207,Makati City,True,5.0
nhlm,Three Sisters of Pasig,Filipino,5.0,48,Pasig City,True,5.0
nhqw,Brunami Food and Beverage - Punta,Milk Tea,0.0,0,Manila,False,
nhtk,D' Original Pares - Alabang,Filipino,5.0,468,Muntinlupa City,True,5.0
nicz,Tokyo Waffle - Jacinto Extension,Pancakes & Waffles,4.9,24,Davao City Davao Del Sur,True,4.9
nifl,A. Coffee - Don Manuel,Beverages,0.0,0,Quezon City,False,
nigx,Cooler City - Xavier Residences,Ice Cream,0.0,0,San Juan,False,
nikb,101 Cafe - West Drive Commercial Center,Beverages,5.0,37,Marikina,True,5.0
nimo,Hot And Spicy Indian Cuisine - Circumferential Road,Indian,4.9,972,Davao City Davao Del Sur,True,4.9
nith,"24 Chicken - San Antonio Place, Gil Puyat",Fried Chicken,5.0,4409,Makati City,True,5.0
nj0c,Tropicool Blizz,Beverages,0.0,0,Lapu-Lapu City Cebu,False,
nj63,Rarjap Sushi House - 4th West Crame,Japanese,4.9,256,San Juan,True,4.9
nj99,Samuk Manuk - Yakal St,Unknown,5.0,24,Makati City,True,5.0
njak,Maila Soda,Beverages,0.0,0,Taguig City,False,
njbd,Lemonology - Recto,Beverages,0.0,0,Manila,False,
nje1,Lartizan - Serendra,Bread,5.0,69,Taguig City,True,5.0
njh1,Spoon+Spices by NAM - Eastland Hotel and Residences,Wraps,4.9,49,Cebu City,True,4.9
njhk,FEI FEI by Choi Garden - White Plains,Chinese,0.0,0,Quezon City,False,
njhz,"HAPPI BEES MILKTEA HOUSE - J P Rizal, Makati",Milk Tea,0.0,0,Makati City,False,
nk5j,"But First, Coffee - Mabini Pasig",Coffee,5.0,52,Pasig City,True,5.0
nkan,BlackStem Tea & Coffee - Market Market,Coffee,5.0,253,Taguig City,True,5.0
nkb2,Buffalo's Wings N' Things - SM Lanang Premier,Chicken,4.9,100,Davao City Davao Del Sur,True,4.9
nkbn,All Grilled Cafe - Bonifacio,BBQ,0.0,0,Davao City Davao Del Sur,False,
nkdk,Kurimi Milk Tea Bar - Tipolo Mandaue,Milk Tea,5.0,483,Lapu-Lapu City Cebu,True,5.0
nkeo,Turks - White Plains Katipunan,Shawarma,4.9,27,Quezon City,True,4.9
nkfv,Loverious Cafe - Food Park Araneta Center,Beverages,0.0,0,Quezon City,False,
nkm4,Kraken Takoyaki - Capitol Commons Park,Takoyaki,4.9,15,Pasig City,True,4.9
nkn8,The Crunch - Ayala Malls Feliz,Chicken,5.0,10,Pasig City,True,5.0
nkop,Heavenly Takoyaki - Elizabeth Mall,Takoyaki,4.9,12,Cebu City,True,4.9
nkrn,Ocean Star Seafood Restaurant - Mabolo,Rice Dishes,5.0,26,Cebu City,True,5.0
nktd,DQ Cakes - Alabang Town Center,Cakes,5.0,14,Muntinlupa City,True,5.0
nkvl,EGGDROP - General Menez Street,Korean,4.9,79,Marikina,True,4.9
nl2a,Momo Eggdrop - Marikina,Korean,5.0,163,Quezon City,True,5.0
nl2l,Sebu Cha - Lahug,Milk Tea,4.9,89,Cebu City,True,4.9
nl64,Popcha Milktea Station - Gaisano,Milk Tea,5.0,1915,Lapu-Lapu City Cebu,True,5.0
nla7,R. Lapid's Chicharon and Barbecue - Ayala Malls Vertis North,Snacks,5.0,33,Quezon City,True,5.0
nlej,Mama Lou’s Italian Kitchen - Robinsons Galleria,Italian,0.0,0,Quezon City,False,
nlfr,Señor Pollo - Greenhills,Fried Chicken,4.3,11,San Juan,True,4.3
nlg2,Makimura Ramen Bar - SM City North EDSA,Japanese,5.0,300,Quezon City,True,5.0
nlkz,Ling Nam - Ever Gotesco Commonwealth,Noodles,5.0,29,Quezon City,True,5.0
nlmw,Jamba - Alabang Town Center,Beverages,5.0,50,Muntinlupa City,True,5.0
nlmx,10 Dove Street - Il Corso,Cakes,0.0,0,Cebu City,False,
nlr8,ILLO Japanese Restaurant,Japanese,4.7,11,Manila,True,4.7
nlt1,MIYAZAKI GYU & KABUKI FOOD SAKABA - One Mckinley Place,Japanese,0.0,0,Taguig City,False,
nlub,Bunny Banana - SM Cherry Congressional,Halo-Halo,0.0,0,Quezon City,False,
nlxn,Why Chicken - Makati,Chicken,5.0,328,Makati City,True,5.0
nly7,Don Macchiatos - Pasig Rotonda,Beverages,4.9,10,Pasig City,True,4.9
nlyu,Home Table Deli - Katipunan Avenue,Filipino,4.9,345,Quezon City,True,4.9
nlzv,Zip N Sip - Metro Ayala,Fruit Shake,4.8,127,Cebu City,True,4.8
nm1g,Sisigan sa Kalye Juan - J Dela Cruz Street,Sisig,4.1,19,Davao City Davao Del Sur,True,4.1
nm2s,Mama Lou's Italian Kitchen - Gateway Mall,Italian,4.5,10,Quezon City,True,4.5
nm3j,Shinsekai Japanese Restaurant,Rice Bowl,5.0,19,Cebu City,True,5.0
nm3x,Yogi Korean Style Hotdog - Pedro Gil Street,Corndogs,5.0,118,Manila,True,5.0
nm53,Gino's Brick Oven Pizza - Molito,Pizza,5.0,136,Muntinlupa City,True,5.0
nmia,Momo Eggdrop - SM Fairview,Sandwiches,5.0,43,Quezon City,True,5.0
nmjx,The French Baker - New Gateway Mall 2,Bread,0.0,0,Quezon City,False,
nmml,Zofi Fruit Shakes - San Francisco del Monte,Milk Tea,4.7,196,Quezon City,True,4.7
nms7,Lembest Lechon - Ramon Magsaysay,Liempo,4.9,146,Quezon City,True,4.9
nmt2,Zagu - Riverbanks Mall,Beverages,5.0,50,Marikina,True,5.0
nmwx,Black Pearl - Gaisano Saver's Mart,Milk Tea,5.0,147,Lapu-Lapu City Cebu,True,5.0
nmyf,Brewtique Cafe - Padre Gomez Street,Coffee,0.0,0,Davao City Davao Del Sur,False,
nn07,Sak-Yant Thai Food Express,Thai,5.0,2231,Makati City,True,5.0
nn1d,Ayeth And Ate Len Tapsilogan - P Villanueva,Silog,4.9,381,Pasay City,True,4.9
nn99,Takashi Japanese Cuisine - Barrington Place Building,Japanese,4.9,22,Quezon City,True,4.9
nn9n,Better Bite BBQ House - Crossing Bayabas,Filipino,5.0,41,Davao City Davao Del Sur,True,5.0
nn9u,Manam's Pancit Pancitan - Pasay Road,Filipino,5.0,890,Makati City,True,5.0
nndb,Avocadoria - Ayala Malls Abreeza,Desserts,5.0,145,Davao City Davao Del Sur,True,5.0
nnek,Best Bites Boneless Fried Chicken - Bayan-Bayanan Marikina,Fried Chicken,4.7,75,Marikina,True,4.7
nnqv,Candy Corner - Greenhills Mall 2,Desserts,0.0,0,San Juan,False,
nnrm,Tito J's Lechon Biryani - Santa Mesa Lubiran,Chicken,0.0,0,Manila,False,
nnxg,Red Lotus by Modern Shang - Opus Mall,Asian,0.0,0,Quezon City,False,
nnys,Mango Royal Milkshake - Batasan Hills Quezon City,Fruit Shake,4.9,46,Quezon City,True,4.9
nomg,Katsu Sama - Poblacion,Japanese,4.6,14,Makati City,True,4.6
nopu,MODOO KOREAN RESTAURANT -  DAMOSA MARKET BASKET,Korean,5.0,33,Davao City Davao Del Sur,True,5.0
noxy,SONGTAN PREMIUM KOREAN BBQ - REACH BLDG,Korean,0.0,0,Pasay City,False,
nozl,Tagaytay Bulalo Specials - Wilson San Juan,Filipino,0.0,0,San Juan,False,
np0a,Mang Cesar - Quezon City,Lechon,0.0,0,Quezon City,False,
np40,Big Three Pizza - R Aboitiz Street,Pizza,5.0,244,Cebu City,True,5.0
np8k,Gay's Lechon House - Davao,Lechon,5.0,35,Davao City Davao Del Sur,True,5.0
npeo,zurbayu shawarma house,Shawarma,3.3,37,Quezon City,True,3.3
npet,Sarahbells Kitchenette - Quezon City,Desserts,0.0,0,Quezon City,False,
npid,Dolora's Hauz of Pancit Malabon - Aurora Boulevard,Pancit,5.0,230,San Juan,True,5.0
npjx,Sulit Shawarma! - San Juan,Shawarma,4.8,287,San Juan,True,4.8
npl8,Al Bahr Al Ahmar - M H del Pilar Street,Middle Eastern,4.9,229,Manila,True,4.9
npmo,Zagu - Paseo Del Congreso,Beverages,5.0,799,Malolos Bulacan,True,5.0
npv9,Eomma's Korean Fried Chickin - Kapitolyo,Fried Chicken,4.8,100,Pasig City,True,4.8
npwh,Tori Kraze - Kapitolyo,Japanese,5.0,231,Pasig City,True,5.0
nq4b,RAMYUN AVENUE,Dim Sum,0.0,0,Quezon City,False,
nq4q,Casa Mojica - E Gonzales Street,Filipino,0.0,0,Marikina,False,
nq5w,Whachop Whachop Foodhouse - Pasig,Ulam,0.0,0,Pasig City,False,
nq6j,Chupacabras Taqueria Cebu,Filipino,4.9,106,Cebu City,True,4.9
nqe0,Goto Topps - Sikatuna Village,Filipino,0.0,0,Manila,False,
nqgh,ShaoKao BBQ - Banawe Street,Chinese,0.0,0,Quezon City,False,
nqjw,Chimmy - U.P Town Center,Milk Tea,5.0,17,Quezon City,True,5.0
nqo6,Tutong’s Laksa – Cubao,Filipino,4.9,222,Quezon City,True,4.9
nqqn,Yaki Yaki - G Mall Davao,Japanese,0.0,0,Davao City Davao Del Sur,False,
nqrc,Tulua Cafe - Bangkal,Coffee,0.0,0,Makati City,False,
nqrc,Tulua Cafe,Coffee,0.0,0,Makati City,False,
nqrd,Jang Geum Kitchen - MET Live,Korean,5.0,26,Pasay City,True,5.0
nqu2,Casa Crawford: Modern Mexican Kitchen - Fairview,Rice Bowl,5.0,367,Quezon City,True,5.0
nqup,Best Takoyaki and Ginataang Bilo bilo Puregold Balintawak,Filipino,0.0,0,Quezon City,False,
nqzl,Marfori's Best Chicken - Marfori,Fried Chicken,4.4,252,Davao City Davao Del Sur,True,4.4
nr28,Pansititoy - Cabantian,Pancit,5.0,534,Davao City Davao Del Sur,True,5.0
nr88,Stuff'd - MOA,Wraps,5.0,51,Pasay City,True,5.0
nr98,Italianni's - Midtown,Italian,0.0,0,Manila,False,
nrcr,Brew Pls Coffee & Milktea - Hulo Mandaluyong,Milk Tea,5.0,44,Mandaluyong City,True,5.0
nrd4,Texas Roadhouse - Ayala Fairview Terraces,American,0.0,0,Quezon City,False,
nrl2,Go Gourmand - Ilang Ilang,Silog,4.2,12,Pasay City,True,4.2
nrlh,1st Chicken - A Soriano Avenue,Fried Chicken,0.0,0,Cebu City,False,
nrln,Merry Moo - Mall of Asia,Desserts,5.0,15,Pasay City,True,5.0
nrsh,Farron Cafe - Fisher Mall,Beverages,5.0,62,Quezon City,True,5.0
nrwj,Max's Corner Bakery - Forbes Town,Cakes,5.0,70,Taguig City,True,5.0
nrze,YOYO Coworking Cafe - Vinzon St,Rice Bowl,0.0,0,Davao City Davao Del Sur,False,
ns76,Tokyo Milk Cheese Factory - Greenbelt 5,Cakes,5.0,96,Makati City,True,5.0
nsca,BOK Korean Fried Chicken - Wilson,Korean,5.0,2938,San Juan,True,5.0
nscx,Eomma's Korean Fried Chickin - Fairview,Fried Chicken,4.7,106,Quezon City,True,4.7
nsgo,COFFEE BUX FOOD SERVICES - IL Corso Filinvest,Coffee,5.0,19,Cebu City,True,5.0
nsh3,TGI Fridays - Mckinley,American,0.0,0,Taguig City,False,
nss8,Doon Thai and Asian Fusion Cuisine - Dolores,Thai,5.0,79,Manila,True,5.0
nssg,Lotus Tea and Coffee - Yakal,Coffee,0.0,0,Makati City,False,
nt3v,Uncle John's - G Square,Chicken,5.0,288,Mandaluyong City,True,5.0
nt6n,Mila's Lechon Buendia,Lechon,4.9,29,Pasay City,True,4.9
ntd0,Lido Cocina Tsina -  C Raymundo,Chinese,5.0,388,Pasig City,True,5.0
ntem,ZUS Coffee - SMDC Grace Mall,Coffee,5.0,341,Taguig City,True,5.0
ntgj,Yan Yan Tapsilogan - F Muñoz Street,Silog,5.0,514,Manila,True,5.0
ntn0,La Toca Taqueria,Asian,0.0,0,Manila,False,
ntou,Papa Gut's Kitchenette,Filipino,4.7,60,Pasig City,True,4.7
ntrt,Selecta Ice Cream Shop - Ever Tondo,Ice Cream,5.0,26,Manila,True,5.0
ntvw,Antipodean Coffee Roasters - Legazpi Village,Coffee,0.0,0,Makati City,False,
ntw2,Bean & Boba Café - Quezon City,Coffee,0.0,0,Quezon City,False,
ntx3,Taco Stop - BGC,Western,4.8,397,Taguig City,True,4.8
nty7,Calabria pizza House,Italian,5.0,17,Makati City,True,5.0
ntz4,MiPanda Milk Tea Hub - Makati Avenue,Milk Tea,5.0,121,Makati City,True,5.0
ntzp,Secret Recipe - One Ayala,Asian,0.0,0,Makati City,False,
nubb,Poppers Pop - VISTA MALL MALOLOS,Filipino,0.0,0,Malolos Bulacan,False,
nucj,Habibi's - Rosalina Village,Biryani,5.0,19,Davao City Davao Del Sur,True,5.0
nugi,Cooler City - MET Live Mall,Ice Cream,5.0,11,Pasay City,True,5.0
nukd,Rambla - Rockwell,American,0.0,0,Makati City,False,
nuo5,Better Kitchen-Express Restaurant - Mabini Extension,Biryani,4.9,377,Pasig City,True,4.9
nura,Hong Kong Little Kitchen - Air Mall,Asian,4.9,137,Makati City,True,4.9
nuxw,Burg Haus - Mactan Town Center,Burgers,4.9,27,Lapu-Lapu City Cebu,True,4.9
nuzu,Freshko - La Estrella,Fruit Shake,4.9,484,Davao City Davao Del Sur,True,4.9
nv2n,"K Street Food, Silog and Milktea - Cogon",Korean,5.0,3862,Cebu City,True,5.0
nv9j,ARK Cafe,Coffee,5.0,97,Manila,True,5.0
nva6,Wendy's - Lucao Dagupan,Burgers,5.0,1657,Dagupan Pangasinan,True,5.0
nvcy,Smoked Cebu,American,0.0,0,Cebu City,False,
nvd0,Buko Juan - Ayala Mall South Park,Beverages,0.0,0,Muntinlupa City,False,
nvia,Messy Burger - Mall of Ace,American,4.8,73,Koronadal South Cotabato,True,4.8
nvnp,Chixaholic - M. H. Del Pilar Street,Chicken,0.0,0,Pasig City,False,
nvu9,Gangji Produced Hong Kong Cafe - SM North,Chinese,0.0,0,Quezon City,False,
nvv0,Icebergz Halo-Halo & Pizza - Inayawan,Filipino,4.9,30,Cebu City,True,4.9
nw0c,Papa V Good Food - Escario,Unknown,5.0,79,Cebu City,True,5.0
nw25,But First Coffee - Eton Makati,Coffee,5.0,445,Makati City,True,5.0
nw8b,Dada's Panciteria at Halo Halo - Culiat,Filipino,5.0,30,Quezon City,True,5.0
nwc2,Boba Vibes - Maligaya Park,Milk Tea,5.0,300,Quezon City,True,5.0
nwgz,TakoyaKiks - High Pointe Medical Hub,Takoyaki,5.0,109,Mandaluyong City,True,5.0
nwjg,RJ Refreshment Stall - Avocado Street,Snacks,4.7,25,Cebu City,True,4.7
nwpd,Toto's Coffee & Chill - Kalubihan,Coffee,0.0,0,Cebu City,False,
nwte,88 AP Sizzling House - Quirino Avenue,Filipino,4.8,48,Manila,True,4.8
nx1e,Krave Burger - Regina Heights,Filipino,0.0,0,Mandaluyong City,False,
nx4v,Tapa Supreme - Marzan Street,Filipino,5.0,1645,Manila,True,5.0
nx5g,Chizmozza - Riverbanks Marikina,American,0.0,0,Marikina,False,
nxbj,Paotsin - Double Dragon,Dumpling,5.0,121,Pasay City,True,5.0
nxdw,Grae.Taste - Gensan Drive,Coffee,0.0,0,Koronadal South Cotabato,False,
nxia,Chambee Milktea - Marikina,Milk Tea,5.0,147,Marikina,True,5.0
nxmw,Bistro Bowlstar - Manila,Sisig,0.0,0,Manila,False,
nxwf,Snap Silog (The Non-Pork Silogan) - Bayanihan,Silog,5.0,18,Koronadal South Cotabato,True,5.0
ny6s,Sofia' Pizza House - Catalunan Pequeño,Pizza,0.0,0,Davao City Davao Del Sur,False,
nyad,Suzy's Home Baked Goodies - Arellano Street,Bread,5.0,96,Manila,True,5.0
nyb1,Fruitfull Smoothies + Juices - Ayala Center Cebu,Fruit Shake,0.0,0,Cebu City,False,
nyc8,Ranee House of Curry - Salcedo Village,Indian,4.8,186,Makati City,True,4.8
nylg,Tia Abuela Bar Y Restaurante - Kalayaan Avenue,Ulam,5.0,36,Makati City,True,5.0
nyma,Ganso-Shabuway Japanese Style Hot Pot Restaurant - Greenbelt 5,Japanese,4.7,16,Makati City,True,4.7
nypz,Maangchi Korean Food - Matina,Fried Chicken,0.0,0,Davao City Davao Del Sur,False,
nyr8,Holy Tuna - Reliance Street,Filipino,4.9,47,Mandaluyong City,True,4.9
nys7,Kobi Bayan 24/7 - Pasig,Filipino,5.0,330,Pasig City,True,5.0
nyti,Luma Cool - IT Park,Milk Tea,5.0,81,Cebu City,True,5.0
nytw,Muhlach Ensaymada - Isetann Cinerama Complex,Desserts,4.9,16,Manila,True,4.9
nyym,Iah’s Snack Corner & Special Halo-Halo - Bago Gallera,Halo-Halo,5.0,55,Davao City Davao Del Sur,True,5.0
nz31,Oini Authentic Kapampangan Cuisine - Xavierville Avenue,Filipino,4.9,64,Quezon City,True,4.9
nz4g,Olden Ya Chou - Grace Village,Siomai,4.9,49,Quezon City,True,4.9
nz73,The Biryani Story - Urc building,Indian,5.0,617,Manila,True,5.0
nz8x,Seafood Paradise - SM Seaside,Seafood,0.0,0,Cebu City,False,
nzla,Matsuri Bento - Kapitolyo,Japanese,5.0,1297,Pasig City,True,5.0
nzlp,The Crazy Cravings Muntinlupa,Beverages,0.0,0,Muntinlupa City,False,
nzou,FIC (Fruits in Ice Cream) - Pacific Village,Ice Cream,0.0,0,Muntinlupa City,False,
nzq2,Long Sisig - Lapu Lapu,Sisig,0.0,0,Lapu-Lapu City Cebu,False,
o01q,Smash It: Burgers & More - San Juan,American,5.0,1118,San Juan,True,5.0
o05p,Tealive - SM Cherry Shaw,Milk Tea,5.0,1091,Mandaluyong City,True,5.0
o05y,Burger Express - Obrero,Burgers,5.0,16,Davao City Davao Del Sur,True,5.0
o05y,Burger Express- Obrero,Burgers,5.0,13,Davao City Davao Del Sur,True,5.0
o07s,Las Flores - Uptown Ritz,American,0.0,0,Taguig City,False,
o096,Authentic Flavors by Chef Ramos - Taguig,Filipino,5.0,10,Taguig City,True,5.0
o0au,Cheesu PH - Ayala Cloverleaf,Snacks,0.0,0,Quezon City,False,
o0er,Golden Sugar - Capitol Site,Milk Tea,5.0,13649,Cebu City,True,5.0
o0hg,Tuna Town Grill - Sampaloc,Seafood,4.7,460,Manila,True,4.7
o0io,Wings & Chops - Crossroad Park,Chicken Wings,5.0,116,Quezon City,True,5.0
o0jy,Masterfruitee - Bangkal,Fruit Shake,5.0,1491,Davao City Davao Del Sur,True,5.0
o0kh,Goldilocks - South Station,Cakes,5.0,631,Muntinlupa City,True,5.0
o0kq,KKXZC SNACK HOUSE - The Linear Makati,Asian,5.0,1034,Makati City,True,5.0
o0op,Kabayan's Gotohan & Kainan - Pinyahan,Filipino,5.0,3221,Quezon City,True,5.0
o0tl,Lugaw Pilipinas - A. Obrero,Filipino,5.0,2177,Makati City,True,5.0
o0um,Taps - Torres,Rice Dishes,5.0,110,Davao City Davao Del Sur,True,5.0
o0yj,Sushi Nori - Mall of Asia,Sushi,5.0,301,Pasay City,True,5.0
o0z9,Famous Belgian Waffles - Robinsons Place Malolos,Pancakes & Waffles,5.0,570,Malolos Bulacan,True,5.0
o0zw,D'Luzcioso - Hippodromo,Cakes,5.0,10,Cebu City,True,5.0
o106,Nanda Cafe Mactan - Cordova,Japanese,5.0,41,Lapu-Lapu City Cebu,True,5.0
o11b,Merienda by Pan de Manila - Ayala Malls Central Bloc,Filipino,5.0,123,Cebu City,True,5.0
o16o,Mang Inasal - Paco,Chicken,5.0,3191,Manila,True,5.0
o17f,NexCafe - Aurora Boulevard,Coffee,0.0,0,Quezon City,False,
o1ax,Ichiban Koronadal - Arellano,Japanese,5.0,408,Koronadal South Cotabato,True,5.0
o1ea,Yayoi - SM Mall of Asia,Japanese,5.0,109,Pasay City,True,5.0
o1jk,Italian Connection - Maginhawa,Pizza,0.0,0,Quezon City,False,
o1m1,Italianni's - Alabang Town Center,Italian,0.0,0,Muntinlupa City,False,
o1ot,WGH Food and Drinks - Longwin Buaya,Snacks,0.0,0,Lapu-Lapu City Cebu,False,
o1qk,Sarah's Bakehouse - Project 4,Coffee,0.0,0,Quezon City,False,
o1r1,Gino's Brick Oven Pizza - Salcedo Village,Pizza,5.0,806,Makati City,True,5.0
o1tz,Gate 5 Pochero House - La Guardia street,Filipino,0.0,0,Cebu City,False,
o1wr,Bistro Madrid by Terry's - Forbeswood Heights,Beverages,4.7,30,Taguig City,True,4.7
o1xf,Chachago - N Domingo,Milk Tea,5.0,502,Mandaluyong City,True,5.0
o239,Pizza Stack - Wilcon City Center,Pizza,0.0,0,Quezon City,False,
o23m,Takoyaki made by Japayuki - Dinalupihan Street,Japanese,4.4,124,Manila,True,4.4
o28t,AWESOME APPETTITE OPC,Filipino,0.0,0,Makati City,False,
o28u,Hidden Vietnam - Muntinlupa,Noodles,4.9,84,Muntinlupa City,True,4.9
o2a0,Rese's Coffee x Convenience - Coherco Financial Tower,Coffee,4.8,11,Muntinlupa City,True,4.8
o2ag,Duyu Soya - Tomas Mapua Street,Desserts,4.7,127,Manila,True,4.7
o2gc,Moanna (Goto.Pares.Sizzling.Atbp.) - Boni Avenue,Porridge,5.0,680,Mandaluyong City,True,5.0
o2hp,Cinnabon - SM City Fairview,Bread,5.0,260,Quezon City,True,5.0
o2ln,Michelle's Putong Ube - Mall of Asia,Filipino,5.0,14,Pasay City,True,5.0
o2ns,Ramen Nagi - Greenhills,Ramen,4.9,130,San Juan,True,4.9
o2p0,Hummus Express - BGC,Middle Eastern,4.9,71,Taguig City,True,4.9
o2qi,Gloria Maris Chinese Seafood Restaurant - CSI Mall,Chinese,5.0,294,Dagupan Pangasinan,True,5.0
o2ss,Taiwan Noodles Tea House 八方甜台灣麵茶屋 - Milk Tea and Dessert with Dimsum and Noodles Bento - Bagtikan Street,Asian,5.0,1923,Makati City,True,5.0
o2w6,Banh Mi Kitchen - Makati Medical Center,Sandwiches,4.9,35,Makati City,True,4.9
o2xk,Zubuchon - SM City,Filipino,4.7,46,Cebu City,True,4.7
o333,Better Kitchen-Express Restaurant - Acacia Street,Biryani,4.9,1465,Makati City,True,4.9
o385,Villona Cup Cafe Co. - Quezon City,Coffee,0.0,0,Quezon City,False,
o3a5,Cups and Cats Cafe,Beverages,0.0,0,Marikina,False,
o3cc,Friends Fries - Malamig,Snacks,0.0,0,Mandaluyong City,False,
o3gk,Mondae Australian Yogurt - Eton Centris,Desserts,0.0,0,Quezon City,False,
o3ha,ML Eatery Lapaz Batchoy  - Bucana,Filipino,4.9,428,Davao City Davao Del Sur,True,4.9
o3ln,Black Plate Bistro - La Verna Bypass Road,BBQ,0.0,0,Davao City Davao Del Sur,False,
o3n4,Modan Yaki - Gil Fernando,Japanese,5.0,651,Marikina,True,5.0
o3p4,Kettle Korn - SM North EDSA Main,Snacks,5.0,48,Quezon City,True,5.0
o3sf,11 Twenty Eight Chicken - Quezon,Chicken Wings,0.0,0,Quezon City,False,
o3th,Emriz Bulalohan and Tapsihan - Shaw Boulevard,Filipino,4.9,817,Mandaluyong City,True,4.9
o3xf,Zark's Burgers - SM Dagupan,American,5.0,990,Dagupan Pangasinan,True,5.0
o3y4,Brownies Unlimited - SM City Marikina,Desserts,5.0,250,Marikina,True,5.0
o411,Sugar Baby Milktea and Cafe - Nangka Marikina,Milk Tea,4.9,16,Marikina,True,4.9
o47c,Mabini BBQ Haus - Dacudao,BBQ,0.0,0,Davao City Davao Del Sur,False,
o4cd,ChizMozza - SM Center Pasig,Snacks,5.0,48,Pasig City,True,5.0
o4fd,Mesa - SM Center Dagupan,Filipino,5.0,124,Dagupan Pangasinan,True,5.0
o4hc,Top Tea Cafe- West Ave.,Beverages,5.0,32,Quezon City,True,5.0
o4pq,Lugaw Republic - Oroqueta Road,Porridge,4.9,2116,Manila,True,4.9
o4qf,8O8 Pizza Station - MJ Cuenco Avenue,Pizza,4.7,31,Cebu City,True,4.7
o4xj,Hagemu Sushi And Ramen Bar - Banaoang,Japanese,5.0,133,Dagupan Pangasinan,True,5.0
o4xm,JM Shawarma - Robinson's Place Valencia,Shawarma,5.0,454,Valencia Bukidnon,True,5.0
o539,Ice Flowers - Ayala Center Cebu,Coffee,4.9,14,Cebu City,True,4.9
o54p,Hatid Pinoy - Katipunan Avenue,Snacks,0.0,0,Quezon City,False,
o55x,The Crunch - Fairview Branch,Fried Chicken,4.9,87,Quezon City,True,4.9
o59f,Lawson Cup & Go - Cyberpark 2,Coffee,4.8,28,Quezon City,True,4.8
o5ba,Why Chicken - Banawe,Fried Chicken,4.9,144,Quezon City,True,4.9
o5bf,Pancake House - Malakas,American,5.0,466,Quezon City,True,5.0
o5ed,Binalot - California Garden Square,Filipino,4.9,333,Mandaluyong City,True,4.9
o5ei,Mom Jo's BBQ - Lapu-Lapu City,BBQ,4.9,184,Lapu-Lapu City Cebu,True,4.9
o5he,Buko ni Fruitas - Ayala Malls Marikina,Beverages,5.0,247,Marikina,True,5.0
o5iu,Lugaw Pilipinas - 15th Ave. Cubao Quezon City,Asian,5.0,180,Quezon City,True,5.0
o5ix,Ribshack - SM City Ormoc,Unknown,5.0,1691,Ormoc Leyte,True,5.0
o5iy,Gong cha - Robinsons Ormoc,Milk Tea,5.0,334,Ormoc Leyte,True,5.0
o5jp,Eat Sulit - Kapitolyo,Chicken,4.9,93,Pasig City,True,4.9
o5kk,The Kula Press - Valencia Street,Beverages,5.0,116,Quezon City,True,5.0
o5nf,Pocofino - Wack Wack Road,Coffee,5.0,74,Mandaluyong City,True,5.0
o5oh,Desi Zaika Restaurant,Indian,0.0,0,Cebu City,False,
o5q4,Apt Milk Tea - New Era,Siomai,0.0,0,Quezon City,False,
o5qm,Greenwich - Gaisano Mall Davao,Pizza,5.0,2183,Davao City Davao Del Sur,True,5.0
o5s8,Cafe Mary Grace - SM Center Pasig,Cakes,5.0,55,Pasig City,True,5.0
o5vc,Taste. Full. Delight food store - Quezon Street,Filipino,0.0,0,Manila,False,
o5vd,Ngohiong Express - Talamban,Chinese,5.0,733,Cebu City,True,5.0
o5vh,Nagi Izakaya - The Verve Residences,Japanese,4.8,15,Taguig City,True,4.8
o5vr,MC Davao Cheesecakes - Pampanga,Cakes,4.9,90,Davao City Davao Del Sur,True,4.9
o5za,Dory's Restaurant - Commonwealth Avenue,Chinese,5.0,134,Quezon City,True,5.0
o649,Tru Brew Coffee - Timog Ave,Coffee,4.5,23,Quezon City,True,4.5
o69k,Kuya Greg Indian Food - DMSF,Biryani,4.6,59,Davao City Davao Del Sur,True,4.6
o69m,Zestea Sips Fastbytes - Northgate Cyberzone,American,0.0,0,Muntinlupa City,False,
o6co,Wright Wings - SM Megamall,Chicken Wings,4.6,13,San Juan,True,4.6
o6ob,Go Bento - Makati,Japanese,5.0,2523,Makati City,True,5.0
o6pt,Pizza Monte - Bago Bantay,Pizza,5.0,3488,Quezon City,True,5.0
o6vz,KFC - Lanang Davao,Fast Food,5.0,9858,Davao City Davao Del Sur,True,5.0
o70b,Tah-Mee - Mactan Cebu International Airport,Ice Cream,4.5,17,Lapu-Lapu City Cebu,True,4.5
o75r,KAPE SESSION - Marikina,Beverages,0.0,0,Marikina,False,
o7as,"Manna Breakfast, Rice Bowls & More - Cebu Century Plaza Hotel",Rice Bowl,4.3,59,Cebu City,True,4.3
o7bs,Wright Wings - Dapitan,Chicken Wings,4.9,100,Manila,True,4.9
o7dn,Lugaw Daddy - Malolos,Porridge,4.9,114,Malolos Bulacan,True,4.9
o7ev,Cham Restaurant - Cesa's Foodland,Korean,5.0,328,Lapu-Lapu City Cebu,True,5.0
o7fw,Casa Daza Empanada - SM North Edsa,Chicken,5.0,122,Quezon City,True,5.0
o7h8,Robina Chicken House - Roosevelt Avenue,Chicken,5.0,1485,Quezon City,True,5.0
o7ju,Uncle John's - Makati Executive Tower 1,Chicken,4.7,11,Makati City,True,4.7
o7ln,Krispy Kreme - SM Marikina,Donut,5.0,156,Marikina,True,5.0
o7na,Cupcakes by Sonja - Molito,Cakes,4.9,72,Muntinlupa City,True,4.9
o7nu,Egg Station - Festival Mall,Filipino,4.6,39,Muntinlupa City,True,4.6
o7oy,BreadTalk - Shangri-La,Sandwiches,5.0,110,Mandaluyong City,True,5.0
o7rc,Rice Rocket - SM Mezza,Asian,4.9,538,Manila,True,4.9
o7vc,Sekretong Hardin - President Jose P Laurel Highway,Japanese,0.0,0,Makati City,False,
o7x0,Abba Cafe - Scout Borromeo,Milk Tea,4.9,47,Quezon City,True,4.9
o81s,Persia Grill - Ayala North Exchange,Wraps,5.0,33,Makati City,True,5.0
o84w,Smile Elephant Thai Restaurant - Kapitolyo,Thai,5.0,676,Pasig City,True,5.0
o857,Señor Birria - Barangay Pinagsama,Western,4.9,730,Taguig City,True,4.9
o8ag,Classic Savory - SM Jazz Mall,Chicken,5.0,1512,Makati City,True,5.0
o8b4,The Sushi Packers - Malolos Main,Takoyaki,5.0,1291,Malolos Bulacan,True,5.0
o8by,Chef Von Food Express - Altura,Filipino,4.9,3944,Manila,True,4.9
o8db,CoCo Fresh Tea & Juice - SM Seaside Cebu,Milk Tea,5.0,3873,Cebu City,True,5.0
o8fb,Kumori - Robinsons Malolos,Snacks,5.0,14,Malolos Bulacan,True,5.0
o8jl,Libertea Milktea -  Megamall,Milk Tea,4.8,50,San Juan,True,4.8
o8kd,BO's Coffee - Shangri-La,Coffee,5.0,769,Mandaluyong City,True,5.0
o8kw,Serenitea - Little Baguio,Milk Tea,5.0,981,San Juan,True,5.0
o8p1,Dragon Dumplings - NCCC VP,Siomai,0.0,0,Davao City Davao Del Sur,False,
o8pf,Good Don - Unimart Capitol Commons,Japanese,5.0,53,Pasig City,True,5.0
o8po,Spice Table,Unknown,0.0,0,Manila,False,
o8q8,Taters - SM North EDSA Bowling,Snacks,4.9,96,Quezon City,True,4.9
o8qa,Giligan's - Ayala Malls Marikina,Filipino,5.0,1451,Marikina,True,5.0
o8rp,Taqueria Chupacabra - SM North,Wraps,4.9,68,Quezon City,True,4.9
o8vy,Black Scoop Cafe - Shaw Boulevard Wack Wack,Milk Tea,5.0,708,Mandaluyong City,True,5.0
o8yw,WOK Brothers - Manila,Asian,5.0,1419,Manila,True,5.0
o90p,Grifoni's - The Podium,Pizza,0.0,0,Mandaluyong City,False,
o93f,Famous Belgian Waffles - SMDC Light Mall,Pancakes & Waffles,5.0,98,Mandaluyong City,True,5.0
o93n,Tatatito - Makati,Filipino,4.9,75,Makati City,True,4.9
o98t,3M Pizza - Greenwoods,Pizza,4.9,81,Pasig City,True,4.9
o9aq,Zagu - Savers Square,Beverages,5.0,417,Pasay City,True,5.0
o9d4,Moonleaf Tea Shop - Northgate Alabang,Beverages,4.9,149,Muntinlupa City,True,4.9
o9dt,Virgie's Refreshment - Bangkerohan,Filipino,5.0,2852,Davao City Davao Del Sur,True,5.0
o9gb,The Smokeyard - Scout Delgado,American,4.9,43,Quezon City,True,4.9
o9gq,Banri Noodle House - Crossroads Mall,Ramen,5.0,146,Cebu City,True,5.0
o9mn,Basil - The Podium,Thai,4.9,483,Mandaluyong City,True,4.9
o9pb,Ice Cream Store Sa G Tuazon - Sampaloc,Ice Cream,5.0,174,Manila,True,5.0
o9ti,Muk-Ja Cajun Seafood,Seafood,4.9,970,Cebu City,True,4.9
o9um,Rice Burger - Elizabeth Mall,Korean,5.0,553,Cebu City,True,5.0
o9xd,Akachan Tuna - Koronadal,Seafood,0.0,0,Koronadal South Cotabato,False,
oa5j,Three Fingers - Artiaga,Asian,5.0,27,Davao City Davao Del Sur,True,5.0
oa6b,Kurimi Milk Tea Bar - Ayala Mall Marikina,Milk Tea,5.0,201,Marikina,True,5.0
oa82,Ted's Old Timer Lapaz Batchoy - Market! Market!,Filipino,5.0,451,Taguig City,True,5.0
oa98,True Boss - Shore 2,Beverages,5.0,95,Pasay City,True,5.0
oa9v,Raging Bull Burgers - The Rise,Burgers,5.0,131,Makati City,True,5.0
oad5,La Parillada - SM North EDSA,American,4.9,78,Quezon City,True,4.9
oaeh,The Original Pares - Tomas Morato,Filipino,0.0,0,Quezon City,False,
oafy,BBQ Chicken - Festival Mall,Fried Chicken,5.0,21,Muntinlupa City,True,5.0
oall,Uncle John's - Mayon,Fried Chicken,4.9,75,Quezon City,True,4.9
oamb,Rocky's Foodpark - Mango Avenue,Indian,4.1,23,Cebu City,True,4.1
oaoq,Cafe de Flores,Filipino,0.0,0,Quezon City,False,
oasf,Balmores Grill & Feast - Naga,Filipino,0.0,0,Quezon City,False,
oaup,Kosei Teki Sushi - Maligaya Square Street,Ramen,4.9,17,Quezon City,True,4.9
oauz,Mood Mover Coffee Shop - West Drive Commercial Center,Beverages,0.0,0,Marikina,False,
oaxz,The Croffle Store - Sugbo Mercado IT Park,Pancakes & Waffles,0.0,0,Cebu City,False,
obgk,E&A Dimsum Kitchen - Puan,Dumpling,5.0,881,Davao City Davao Del Sur,True,5.0
obha,The HOB: The House Of Bagnet - Sta Mesa,Filipino,5.0,921,Manila,True,5.0
obhc,Mashita Bento Foodhouse - Sta Mesa Manila,Korean,5.0,954,Manila,True,5.0
obhi,The Orange Bucket - Double Dragon Branch,Asian,0.0,0,Pasay City,False,
objm,K-Chicken House Korean Fried Chicken - Unlad Condominium,Fried Chicken,4.9,1617,Manila,True,4.9
obma,La Guaja - Poblacion,Rice Bowl,0.0,0,Makati City,False,
obnv,Baliwag Lechon Manok at Liempo - Tikay,Chicken,5.0,625,Malolos Bulacan,True,5.0
obr6,Topokkiman - VisayasMed Arts Building,Korean,5.0,171,Cebu City,True,5.0
obs0,Cafe Mary Grace - STEPS,Cakes,5.0,77,Makati City,True,5.0
obu8,Organiko Beverage Shop - SM City Fairview,Coffee,0.0,0,Quezon City,False,
obx3,Fruitas - PMHA,Fruit Shake,5.0,11,Quezon City,True,5.0
obx3,FRUITAS - V LUNA,Filipino,0.0,0,Quezon City,False,
oby5,Drip Kofi - Almond Nut,Beverages,5.0,417,Marikina,True,5.0
oc0a,Milky Cakes & Sweets - SM North Edsa,Cakes,5.0,209,Quezon City,True,5.0
oc2j,Bite Me,Silog,5.0,23,Lapu-Lapu City Cebu,True,5.0
oc8t,Twirly Tails Dessert Corner - Foodcamp Gastro Foodpark,Fruit Shake,4.9,370,Lapu-Lapu City Cebu,True,4.9
ocbg,MiPanda Milktea Hub - Shangri-La Plaza,Milk Tea,4.8,41,Mandaluyong City,True,4.8
occ8,Drinkable Delights - The Barracks,Fruit Shake,0.0,0,Cebu City,False,
ocdp,A Little Tea Philippines - Plaridel Street,Milk Tea,5.0,1795,Cebu City,True,5.0
ocjm,H&G FOOD AND BEVERAGE HOUSE,Middle Eastern,0.0,0,Marikina,False,
ocm3,Xiao Zhen - Cebu City,Dumpling,4.9,153,Cebu City,True,4.9
ocmu,B1T1 Takeaway Coffee - Capitol Commons,Coffee,5.0,72,Pasig City,True,5.0
ocrw,Brutal by Wadough’s - Santo Tomas,Coffee,0.0,0,Quezon City,False,
oczm,Kape-nated - Ubalde,Coffee,4.9,43,Davao City Davao Del Sur,True,4.9
od3a,Sutukil Restaurant - Barangka Drive,Ulam,4.9,51,Mandaluyong City,True,4.9
odal,Rico's Paspas - PITX,Filipino,0.0,0,Pasay City,False,
odj2,KUKU by Don Macchiatos - Tisa,Desserts,5.0,17,Cebu City,True,5.0
odj5,Mango Delight - South Signal,Filipino,0.0,0,Taguig City,False,
odld,Chaboba The One Santo Tomas - Sampaloc,Milk Tea,5.0,300,Manila,True,5.0
odm2,Lucky Boba Milk Tea Shop - Millionaires,Milk Tea,5.0,538,Quezon City,True,5.0
odx5,Pan De Manila - Island Central Mactan,Bread,5.0,127,Lapu-Lapu City Cebu,True,5.0
odzk,Señor Pita - Ususan,Middle Eastern,0.0,0,Taguig City,False,
oeck,Chotto Tabete - Ayala Central Bloc,Japanese,5.0,133,Cebu City,True,5.0
oecm,Redbox Pizza - Puregold Mercedes,Pizza,0.0,0,Pasig City,False,
oef2,Taters - Island Central Mactan,Snacks,0.0,0,Lapu-Lapu City Cebu,False,
oeno,Dot Coffee - Robinsons Galleria,Coffee,0.0,0,Quezon City,False,
oes6,Bakmi88 Medan - Sen Gil Puyat Avenue,Noodles,0.0,0,Makati City,False,
oesw,Mijo Comfort Food - Poblacion,Filipino,0.0,0,Makati City,False,
oeu3,Tiger Bubble Tea - Mamay Road,Milk Tea,5.0,2830,Davao City Davao Del Sur,True,5.0
oewl,Teriyaki Boy - Sumulong,Japanese,4.6,27,Marikina,True,4.6
oewu,Lucky Boba Milktea - MCF Lifestyle Hub,Snacks,5.0,149,Malolos Bulacan,True,5.0
oeya,Rico's Lechon - Festival Mall Alabang,Filipino,4.7,30,Muntinlupa City,True,4.7
of2e,Secret Steaks and Grill - Ilang Ilang Street,Pares,0.0,0,Pasay City,False,
of7b,Andy's Famous Batangas Lomi & Bulalo - Visayas Avenue,Filipino,5.0,1608,Quezon City,True,5.0
ofca,BBQ Chicken - Robinson's Manila,Fried Chicken,5.0,68,Manila,True,5.0
ofd0,Fariñas Ilocos Empanada - Salem Complex,Snacks,5.0,103,Pasay City,True,5.0
ofde,Daily Shawarma Station - Unitop Opon,Snacks,0.0,0,Lapu-Lapu City Cebu,False,
ofew,Angkan Coffee - The Podium,Coffee,5.0,1101,Mandaluyong City,True,5.0
ofja,Budbod sa Otso,Filipino,5.0,166,Quezon City,True,5.0
ofki,Buglas Isla Cafe - Arcovia,Milk Tea,0.0,0,Pasig City,False,
ofmr,Benny Coffee & Brunch - JSO Building Katipunan Ave,Coffee,0.0,0,Quezon City,False,
ofoo,Chicken Chingu - YOU Suites,Burgers,5.0,160,Manila,True,5.0
oftf,TOMORO COFFEE - Infinity BGC,Beverages,5.0,12,Taguig City,True,5.0
ofx5,Soy & Bean and Balai Pandesal - East Capitol Drive,Healthy,5.0,275,Pasig City,True,5.0
og2v,Jocab's Pancit Batil Patong at Pancit Cabagan - JP Rizal Avenue,Ulam,5.0,853,Makati City,True,5.0
og7y,Mang Bok's - Cayco,Chicken,0.0,0,Manila,False,
ogke,Baga Burger - Malolos Bayan,Burgers,5.0,241,Malolos Bulacan,True,5.0
ogom,Golden Pares Mami House - Malate,Silog,0.0,0,Manila,False,
ogoy,Mr. Wen Cafe - Pryce Tower,Pasta,4.8,103,Davao City Davao Del Sur,True,4.8
ogsz,Avocadoria.ph - SM Center Ormoc,Ice Cream,0.0,0,Ormoc Leyte,False,
ogw2,Texas Roadhouse - Ayala Cebu,American,0.0,0,Cebu City,False,
ogya,D' Original Pares - San Juan,Filipino,5.0,3382,San Juan,True,5.0
oh2f,Eggxtreme - Graceland Mall,Sandwiches,5.0,30,Malolos Bulacan,True,5.0
oh64,TGI Fridays - Bonifacio High Street,American,0.0,0,Taguig City,False,
ohed,Mixue Ice Cream & Tea - PRC Makati,Milk Tea,5.0,69,Makati City,True,5.0
ohhs,Manong's Original Bacolod Chicken Inasal - Mabolo,Filipino,4.9,16,Cebu City,True,4.9
ohiw,Scouter's Eatery - Timog Avenue,Filipino,5.0,4915,Quezon City,True,5.0
oho6,9ners Avenue Food House - Sampaloc Manila,Asian,4.9,38,Manila,True,4.9
oho7,Mahal Kita Drive Inn - Taft Avenue,Filipino,5.0,728,Pasay City,True,5.0
ohq1,Waffle Grid - The Cube,Pancakes & Waffles,5.0,24,Cebu City,True,5.0
ohqr,Popeyes Chicken - Ayala Malls Feliz,Chicken,5.0,2624,Marikina,True,5.0
ohqy,Chef Distrito - Tapuac,Filipino,5.0,67,Dagupan Pangasinan,True,5.0
oht1,Mark Milk Tea - Anda,Milk Tea,4.8,200,Davao City Davao Del Sur,True,4.8
ohte,Koomi - SM Marikina,Beverages,5.0,397,Marikina,True,5.0
oi0m,Famous Belgian Waffles - Shell Select JP Laurel,Pancakes & Waffles,5.0,253,Davao City Davao Del Sur,True,5.0
oi4l,The Green Menu - BGC,Healthy,5.0,326,Taguig City,True,5.0
oi5q,Golden Buns Bakeshop - F Jaca Street,Cakes,4.9,74,Cebu City,True,4.9
oibk,Ulam Factory- Quezon City,Filipino,0.0,0,Quezon City,False,
oih1,CoCo Fresh Tea & Juice - SM Marikina,Milk Tea,5.0,3133,Marikina,True,5.0
oiho,AJ Thai Street Food - USC Talamban,Rice Bowl,4.9,171,Cebu City,True,4.9
oihq,Papa John's Pizza - Visayas Ave,Pizza,5.0,1755,Quezon City,True,5.0
oik8,DC Cafe & Bistro - Plainview,Fried Chicken,0.0,0,Mandaluyong City,False,
oimm,Coffee Notes Caffe Fuente - Capitol Site,Coffee,2.7,24,Cebu City,True,2.7
oins,Don Macchiatos - USJR Basak,Coffee,0.0,0,Cebu City,False,
oiqv,Tokbokimoko Korean Food,Filipino,0.0,0,Marikina,False,
oiwz,Rossopomodoro - SM MOA,Italian,0.0,0,Pasay City,False,
oiyl,Koomi - Greenhills,Beverages,5.0,367,San Juan,True,5.0
oizc,Wings Express - Tuktukan,Chicken Wings,4.9,552,Taguig City,True,4.9
oj4z,Hayaban Food Hub - AH Lacson Avenue,Burgers,0.0,0,Manila,False,
oj72,Chicken United - Pablo Ocampo Street,Chicken,5.0,219,Manila,True,5.0
oj82,NIDA's Food - Pinagsama,Filipino,5.0,571,Taguig City,True,5.0
ojan,AK Milktea Shop - Maysilo Circle,Milk Tea,0.0,0,Mandaluyong City,False,
ojbp,Bulalo World Express - Putatan Muntinlupa,Bulalo,4.9,155,Muntinlupa City,True,4.9
ojie,Ichiban Takoyaki PH - COA,Takoyaki,5.0,158,Quezon City,True,5.0
ojml,Lanz Pizza - Barangay Sambag II,Pizza,5.0,10,Cebu City,True,5.0
ojor,Mango Magic - Maginhawa Street,Fruit Shake,5.0,208,Quezon City,True,5.0
ojr3,Keopi Cafe - Inigo Street,Beverages,0.0,0,Davao City Davao Del Sur,False,
ojvl,LOKOL - Pasay,Noodles,5.0,206,Pasay City,True,5.0
ojw8,Goto Topps - Riverbanks,Filipino,0.0,0,Marikina,False,
ojxa,Magic Melt - Saversmart Bankal,Bread,0.0,0,Cebu City,False,
ojy7,KM Coolest - Mamay Road,Snacks,0.0,0,Davao City Davao Del Sur,False,
ok20,I Miss Pater - Urgello,Rice Bowl,0.0,0,Cebu City,False,
ok74,ZENN food+bar,Filipino,5.0,68,Lapu-Lapu City Cebu,True,5.0
okbe,Banapple - Matalino,Cakes,5.0,75,Quezon City,True,5.0
okd3,Yo - Craze - Arellano Dagupan,Desserts,0.0,0,Dagupan Pangasinan,False,
okdi,Boy Meets Grill - Gun Ob,BBQ,4.9,15,Lapu-Lapu City Cebu,True,4.9
okdl,Mamonaku Kohi - UP Diliman,Coffee,0.0,0,Quezon City,False,
okds,BlackStem Tea & Coffee - JP Rizal,Coffee,5.0,719,Makati City,True,5.0
okex,Dinaks - Pineda,Filipino,0.0,0,Pasig City,False,
okkd,Apaw Flavor Cafe,Beverages,5.0,87,Quezon City,True,5.0
okts,TIANLALA - Baclaran,Beverages,0.0,0,Pasay City,False,
okxg,Yi Fang Taiwan Fruit Tea - Il Terrazzo,Milk Tea,5.0,178,Quezon City,True,5.0
ol0g,Samyan - Public Eatery at Robinsons Magnolia,Thai,4.9,68,Quezon City,True,4.9
ol4i,True Win - SM Makati,Beverages,4.9,10,Makati City,True,4.9
ol5b,Barrio Ihaw Atbp - Comembo,Filipino,5.0,1666,Makati City,True,5.0
ol77,Nuts About Candy - Trinoma,Desserts,0.0,0,Quezon City,False,
olis,Island Tea Co. - BLOC 10,Milk Tea,0.0,0,Muntinlupa City,False,
olkr,Fish2Go - C Raymundo Avenue,Seafood,5.0,402,Pasig City,True,5.0
olmu,CJ's Bulalo - Upper Osmena,Filipino,4.9,1990,Koronadal South Cotabato,True,4.9
olmx,KFC - Caltex Ortigas (Greenhills),Fast Food,4.9,3523,San Juan,True,4.9
olnt,Katsu Shokudo - The Strip at the Grass Residences,Japanese,5.0,51,Quezon City,True,5.0
olpw,Bénie by Psalms Coffee -Quimpo Boulevard,Filipino,4.9,155,Davao City Davao Del Sur,True,4.9
ols9,Daiwie Food Delivery Services - C Banuyo Street,Chinese,5.0,189,Makati City,True,5.0
olsz,Goodah - Pasig,Filipino,5.0,2176,Pasig City,True,5.0
oltf,Ramen Dojo - Ayala Center Cebu,Ramen,5.0,236,Cebu City,True,5.0
oltv,Yogurt Joy - The Pearl Manila Hotel,Milk Tea,4.9,91,Manila,True,4.9
olvw,Auntie Anne's - SM Center Dagupan,Bread,5.0,16,Dagupan Pangasinan,True,5.0
om5s,Wok of Taiwan - Polaris,Dumpling,5.0,180,Makati City,True,5.0
om9b,Abby's Thai Kitchen -  Stella Maris Avenue,Thai,5.0,543,Pasig City,True,5.0
ombc,Nanyang - The Shops at Ayala Triangle Gardens Tower 2,Asian,5.0,278,Makati City,True,5.0
omg9,Don Macchiatos - Mabolo,Coffee,0.0,0,Cebu City,False,
omhy,CiTEA Place Milktea Station - Obrero,Milk Tea,4.7,12,Davao City Davao Del Sur,True,4.7
omi1,KIJI BAKEHOUSE - Verve Residences 1,Coffee,5.0,23,Taguig City,True,5.0
omp0,Takoyaki J -  The Barracks Carbon F Calderon Street,Takoyaki,5.0,12,Cebu City,True,5.0
omta,Agave Mexican Cantina - Eastwood,Chicken,5.0,54,Quezon City,True,5.0
omye,"But First, Coffee - San Pedro Street Ormoc",Coffee,5.0,185,Ormoc Leyte,True,5.0
on3y,Michelle's Putong Ube - Filinvest,Filipino,0.0,0,Muntinlupa City,False,
ona9,Khitsilogan - Agdao,Rice Bowl,0.0,0,Davao City Davao Del Sur,False,
oncg,La Latina - Greenbelt 5,Wraps,0.0,0,Makati City,False,
ongb,Ditchi's Dimsum - C Raymundo Ave,Chinese,0.0,0,Pasig City,False,
onj8,The Sandwich Guy - Katipunan,Sandwiches,5.0,310,Quezon City,True,5.0
onlr,TGI Fridays - Abreeza Mall Davao,American,4.9,13,Davao City Davao Del Sur,True,4.9
onmd,Juantosawa - Bagong Silangan,Filipino,0.0,0,Quezon City,False,
onnl,Dahun Cafe - Sepulveda,Coffee,5.0,11,Cebu City,True,5.0
onpp,MMCA TAPSILOGAN - Sampaloc Manila,Silog,0.0,0,Manila,False,
onux,Sherep - California Garden Square,Filipino,0.0,0,Mandaluyong City,False,
onw4,Mixue Ice Cream & Tea - Balikatan CAA,Milk Tea,5.0,52,Muntinlupa City,True,5.0
oo9u,Koomi - Robinsons Place Malolos,Beverages,5.0,343,Malolos Bulacan,True,5.0
ooac,Seafood Mix-Diliman,Seafood,4.3,118,Quezon City,True,4.3
ooc5,Katsudon - Bangkal,Rice Bowl,5.0,386,Makati City,True,5.0
oodr,Corndog Cafe - Junquera Street,Korean,5.0,265,Cebu City,True,5.0
ooe1,Don Macchiatos - Tiburcio Padilla Street,Coffee,4.9,10,Cebu City,True,4.9
ooe7,Titan Bird - Fahrenheit Street,Fried Chicken,5.0,57,Manila,True,5.0
ool8,Botejyu - SM City Cebu,Ramen,5.0,30,Cebu City,True,5.0
oopa,TGI Fridays - Robinsons Place Manila,American,0.0,0,Manila,False,
oou3,Bayani Busog Bowls - Leon Guinto,Filipino,0.0,0,Manila,False,
opc5,Egg Stop - Maginhawa,Sandwiches,5.0,65,Quezon City,True,5.0
opct,The Biryani Story - JRM Building,Filipino,4.9,157,Manila,True,4.9
opge,Cafe Legal de Alabang - Buencamino Street,Coffee,0.0,0,Muntinlupa City,False,
optz,Katsu Sama - National University Mall of Asia,Japanese,0.0,0,Pasay City,False,
opza,OldTown White Coffee - SM City Fairview,Coffee,0.0,0,Quezon City,False,
opzg,CoCo Fresh Tea and Juice - Glorietta 2,Milk Tea,5.0,5096,Makati City,True,5.0
oq9c,Texas Roadhouse - Uptown,American,0.0,0,Taguig City,False,
oqck,Dann’s Pizza House,Pizza,0.0,0,Muntinlupa City,False,
oqd6,BRB-Bau’s Rice Bowls - P Noval Street,Rice Bowl,0.0,0,Manila,False,
oqio,Fresh Grinds Cafe - Poblacion,Coffee,4.8,33,Makati City,True,4.8
oqk5,Vegan Island Restaurant - IL Corso Lifemalls,Ulam,0.0,0,Cebu City,False,
oqm9,Poppy's Halo Halo - Malugay,Halo-Halo,5.0,39,Makati City,True,5.0
oqsg,Ramen Torie - Cebu City,Japanese,4.4,29,Cebu City,True,4.4
oqtj,Oishi Takoyaki - Pinyahan,Japanese,4.9,21,Quezon City,True,4.9
or85,Wolflink - Megamall,Fried Chicken,0.0,0,Mandaluyong City,False,
ord2,Ate Rica’s Bacsilog - MCF Lifestyle Hub,Silog,5.0,143,Malolos Bulacan,True,5.0
ord9,Cha Tuk Chak - The ONE Santo Tomas,Milk Tea,4.8,68,Manila,True,4.8
ore2,Brisbane Street - Don Antonio,Beverages,5.0,43,Quezon City,True,5.0
orf1,Master Gaw 24/7 - Mandaluyong,Filipino,5.0,639,Mandaluyong City,True,5.0
orga,Slap Stack Burger - Katipunan Ave Ext,Burgers,5.0,12,Quezon City,True,5.0
orle,MOMOYO ICE CREAM & ICED COFFEE -  Ayala Malls Marikina,Ice Cream,5.0,114,Marikina,True,5.0
ormm,Goodies Goods - Boulevard,Cakes,0.0,0,Davao City Davao Del Sur,False,
ormu,The Olives - Mango Avenue,Ramen,0.0,0,Cebu City,False,
orob,SAT's panciteria - Boni Avenue,Pancit,4.9,311,Mandaluyong City,True,4.9
orp4,Seoul Samgyeop - Marikina Riverbanks,Korean,5.0,50,Marikina,True,5.0
orqs,Karaage Bar,Sushi,0.0,0,Makati City,False,
orxs,Yalla Yalla Lebanese Food - Mandala Park,Rice Bowl,0.0,0,Mandaluyong City,False,
oryh,Le Fortunelle Cafe - World Trade Exchange Building,Filipino,0.0,0,Manila,False,
os6t,Takoyadon - Lucky Chinatown Mall,Takoyaki,5.0,218,Manila,True,5.0
osht,Dulce’s Kakanin - Loyola Street,Desserts,0.0,0,Davao City Davao Del Sur,False,
oso5,Daily by Bo's Coffee - SM Ormoc,Coffee,5.0,472,Ormoc Leyte,True,5.0
ossd,The 0801 by Butter & Spoon - Roamsceville,Cakes,5.0,47,Koronadal South Cotabato,True,5.0
osus,Mango Float Supreme - Lucky Chinatown Mall,Fruit Shake,5.0,108,Manila,True,5.0
ot27,J.CO Donuts & Coffee - Glorietta,Donut,5.0,1159,Makati City,True,5.0
ot5z,Bittersweet Coffee PH - Rizal,Beverages,5.0,223,Makati City,True,5.0
ot92,Yaki Yaki - WCC Shaw,Japanese,4.9,457,Mandaluyong City,True,4.9
ota8,Turks - Shoppers Mart Binondo,Shawarma,0.0,0,Manila,False,
othw,Bitbit Binalot - Valero Street,Filipino,5.0,34,Makati City,True,5.0
otkt,Dimsum Treats - East Avenue,Dumpling,5.0,376,Quezon City,True,5.0
otoj,Katsu Sama - Luna Mencias Street,Japanese,0.0,0,San Juan,False,
otxq,Cozy Hour | Bubble Tea Specialty Store - The Outlets,Filipino,0.0,0,Lapu-Lapu City Cebu,False,
otzn,Café Audemars - Obrero,Coffee,0.0,0,Davao City Davao Del Sur,False,
ou9b,Don Benito's - Evangelista Makati,Cakes,5.0,412,Makati City,True,5.0
oufp,RACKS - Glorietta 2,Western,5.0,577,Makati City,True,5.0
ouig,Zip N Sip - Pueblo Verde Terminal,Beverages,5.0,227,Lapu-Lapu City Cebu,True,5.0
ouky,BLENDSNBREW CAFE,Coffee,0.0,0,Makati City,False,
oul3,Mic 1 Family KTV - Bajada,Filipino,4.7,23,Davao City Davao Del Sur,True,4.7
oumz,KING.OF.PARES FOOD HUB,Filipino,4.9,21,Quezon City,True,4.9
oups,TADEO Filipino Mexican Comfort Food - Quezon City,Wraps,5.0,43,Quezon City,True,5.0
ouqh,Snaffles Cafe - Holy Spirit Drive,Beverages,0.0,0,Quezon City,False,
ousf,The Aristocrat Restaurant - SM Mall of Asia,Filipino,5.0,330,Pasay City,True,5.0
ouuw,Mister Kabab - Makati,Indian,0.0,0,Makati City,False,
ouwo,Remorenji - New Era,Fruit Shake,0.0,0,Quezon City,False,
ouyv,Ngohiong Express - Sambag 1,Chinese,5.0,674,Cebu City,True,5.0
ov5m,Gugu Manju - Labangon,Desserts,4.9,128,Cebu City,True,4.9
ov81,Denny's - Mckinley,American,0.0,0,Taguig City,False,
ovcw,Hawkr - Streetscape,Asian,4.8,11,Cebu City,True,4.8
ovjz,Matsunoya Japanese Restaurant - SM Seaside,Japanese,5.0,11,Cebu City,True,5.0
ovm5,Minute Burger - Calumpang,Burgers,5.0,298,Marikina,True,5.0
ovmk,Seattle's Best Coffee - C Raymundo,Coffee,5.0,1172,Pasig City,True,5.0
ovw6,Tiger Sugar - Robinsons Malolos,Milk Tea,5.0,445,Malolos Bulacan,True,5.0
ovxk,Dine Brunch + Bar - Streetscape,Pancakes & Waffles,0.0,0,Cebu City,False,
ow30,Tea 'N Dough Soldiers Hills Village,Asian,0.0,0,Muntinlupa City,False,
ow5d,Xinyi Chicken - Loyola Heights,Chicken,5.0,50,Quezon City,True,5.0
ow5l,HODUPOPS - Alabang Town Center,Korean,0.0,0,Muntinlupa City,False,
ow5m,Zutto Takoyaki - Sandoval Avenue,Japanese,4.7,121,Pasig City,True,4.7
ow5z,POPS Wings and Ribs - Fairlane,Silog,0.0,0,Quezon City,False,
ow7x,Its Daebakk - Kinalumsan,Korean,5.0,557,Lapu-Lapu City Cebu,True,5.0
ow9b,Judith's Lomi House - Putatan,Filipino,4.9,75,Muntinlupa City,True,4.9
owal,Peppers Pizza - Ayala Malls Feliz,Pizza,5.0,60,Pasig City,True,5.0
owc5,Dear Joe - Vista Mall Taguig,Beverages,5.0,23,Taguig City,True,5.0
owfo,Silog Express Atbp. - Maginhawa,Silog,4.9,983,Quezon City,True,4.9
owgs,Pink's Burgers and Hotdogs - Greenhills,American,4.7,48,San Juan,True,4.7
owh6,Raztapahan - Malolos,Silog,4.8,193,Malolos Bulacan,True,4.8
owha,Frito PaPa - Builders Warehouse,Filipino,5.0,193,Malolos Bulacan,True,5.0
owhm,Camp Burgrille - Poblacion,Burgers,0.0,0,Davao City Davao Del Sur,False,
owqu,Marugame Udon - Abreeza Mall,Japanese,5.0,147,Davao City Davao Del Sur,True,5.0
owvm,La Parisienne - Mactan,Pizza,5.0,85,Lapu-Lapu City Cebu,True,5.0
ox3c,Pares ni Peso - Damong Maliit,Pares,4.9,60,Quezon City,True,4.9
ox47,Brownies Unlimited - SM Aura Premier,Desserts,4.9,320,Taguig City,True,4.9
oxa9,Avocadoria.ph - Alabang Town Center,Desserts,4.9,19,Muntinlupa City,True,4.9
oxbs,ZUS Coffee - California Garden Square,Coffee,5.0,410,Mandaluyong City,True,5.0
oxd7,Delicioso - P Tuazon,Pasta,0.0,0,Quezon City,False,
oxdw,Nagi Izakaya - The Podium,Japanese,4.9,21,Mandaluyong City,True,4.9
oxkl,Citystate Hotel - Palanca,Filipino,5.0,48,Manila,True,5.0
oxnv,Loco Mini Hotpot - Pebble Tower,Chinese,4.9,83,Mandaluyong City,True,4.9
oxo4,Alibaba Shawarma - Dacoville,Shawarma,5.0,292,Davao City Davao Del Sur,True,5.0
oxs9,Krispy Kreme - Manila Doctors,Donut,5.0,518,Manila,True,5.0
oxv8,Scorched Smokehouse - SM City North EDSA,Western,5.0,39,Quezon City,True,5.0
oy0c,The Orange Bucket - Eastwood,Seafood,0.0,0,Quezon City,False,
oy28,Baliwag Lechon Manok at Liempo - Sierra Centre Building,Chicken,5.0,344,Mandaluyong City,True,5.0
oy85,Kohi - Maginhawa,Coffee,5.0,42,Quezon City,True,5.0
oybb,Chicken United - Pitpitan Street,Chicken,5.0,1193,Marikina,True,5.0
oyd4,Dunkin' - Festival Mall,Donut,5.0,71,Muntinlupa City,True,5.0
oydc,Du Hsiao Yueh - Festival Mall,Asian,0.0,0,Muntinlupa City,False,
oyf2,Avocadoria.ph - UP Town Center,Ice Cream,5.0,175,Quezon City,True,5.0
oyfm,Bigbrew - Bagong Ilog,Milk Tea,5.0,226,Pasig City,True,5.0
oynu,Secret Steaks and Grill - Clarion Street,Pares,0.0,0,Quezon City,False,
oyyx,Kape Grounds - Festival Mall,Beverages,0.0,0,Muntinlupa City,False,
oz4a,JIPAI Taiwan Fried Chicken - Horizons 101,Fried Chicken,0.0,0,Cebu City,False,
oz83,Samira's Arabian Cuisine - Boulevard,BBQ,5.0,221,Davao City Davao Del Sur,True,5.0
ozbz,Coffee Chapters - Taft Avenue,Chicken,5.0,12,Manila,True,5.0
ozee,Lomi Haus Batangas Lomi and Pancit - M.L. Quezon Street,Filipino,5.0,416,Taguig City,True,5.0
ozgh,Mom's Hand Korean Snackbar - One Paseo Banilad,Ramen,4.6,16,Cebu City,True,4.6
ozmc,Thai Mango By Chef Kim - BGC,Thai,5.0,285,Taguig City,True,5.0
ozn4,Tokyo Tempura - Shell Mobility Banilad,Japanese,4.9,54,Cebu City,True,4.9
ozqm,Chick 'n Juicy - Dollar Street,Chicken,5.0,11,Quezon City,True,5.0
ozsl,Watami - MOA,Japanese,0.0,0,Pasay City,False,
p00w,Baker Mom Bake House - Villa Del Rio Subdivision,Desserts,0.0,0,Lapu-Lapu City Cebu,False,
p02l,SushiKen - H Santos Street,Sushi,5.0,35,Makati City,True,5.0
p030,Kanin At Sabaw By Fly Kitchen - Marikina,Filipino,5.0,456,Marikina,True,5.0
p0c4,Cribs - Larsian Fuente,Filipino,5.0,80,Cebu City,True,5.0
p0d3,JIPAI Taiwan Fried Chicken - IL Corso,Fried Chicken,4.9,13,Cebu City,True,4.9
p0dl,Pancake House - Ayala Cebu​,American,4.9,1355,Cebu City,True,4.9
p0fp,CYMA - Eastwood Libis,Western,5.0,370,Quezon City,True,5.0
p0ga,Aboy's Fresh Lumpia - Walter Mart,Filipino,5.0,745,Makati City,True,5.0
p0gl,Amici - Alabang Town Center,Pizza,5.0,479,Muntinlupa City,True,5.0
p0gx,Brique - Ayala Center,Salads,4.9,1606,Cebu City,True,4.9
p0hc,BonChon - Greenbelt 1,Chicken,5.0,5761,Makati City,True,5.0
p0iz,The Red Crab Alimango House - Shangri-La Plaza,Filipino,4.9,107,Mandaluyong City,True,4.9
p0k5,K-Egg - South Avenue,Korean,0.0,0,Makati City,False,
p0kv,The Sandwich Guy - SM North Tower 1,Sandwiches,5.0,1584,Quezon City,True,5.0
p0lr,Tazza Cafe (now Tamp Cafe) and Patisserie- Lahug,Cakes,5.0,1023,Cebu City,True,5.0
p0nn,Luk Yuen - Megamall,Chinese,4.8,1124,Pasig City,True,4.8
p0nq,BonChon - Legarda,Chicken,5.0,8574,Manila,True,5.0
p0qu,Wee Nam Kee - Alabang Town Center,Chicken,5.0,887,Muntinlupa City,True,5.0
p0xc,Pho Hoa - SM Mall of Asia,Noodles,4.9,719,Pasay City,True,4.9
p0xs,Greenwich - Pasig Bayan,Pizza,5.0,10922,Mandaluyong City,True,5.0
p108,Camp CaWayan Restaurant - Wayan Compound,Filipino,5.0,735,Davao City Davao Del Sur,True,5.0
p17y,Paluto & Grill By Aling Josie - Calvin Street,Filipino,5.0,102,Manila,True,5.0
p191,Shazzy Milktea - Banilad,Milk Tea,5.0,185,Cebu City,True,5.0
p1b6,Coolblog - Tutuban Center,Beverages,4.7,13,Manila,True,4.7
p1cp,Pho Hoa - Shaw Blvd.,Noodles,5.0,872,San Juan,True,5.0
p1cs,New Bombay - Robinsons Manila,Indian,4.8,670,Manila,True,4.8
p1g3,Gracia’s Lechon Belly Atbp - SM City Cebu,Seafood,4.6,17,Cebu City,True,4.6
p1gj,Happy Lemon - One Ayala,Milk Tea,5.0,3377,Makati City,True,5.0
p1i4,Mr. Pepper - Levi B Mariano Avenue,Pizza,5.0,88,Taguig City,True,5.0
p1ij,Amici - Tomas Morato,Pizza,5.0,924,Quezon City,True,5.0
p1je,Big Daddy - Lahug,Burgers,5.0,2190,Cebu City,True,5.0
p1kj,Lorenzo's Way - BGC,Filipino,5.0,172,Taguig City,True,5.0
p1mw,Mexicali - Glorietta 2,Wraps,5.0,544,Makati City,True,5.0
p1of,Shi Lin - ATC,Chinese,5.0,579,Muntinlupa City,True,5.0
p1oj,Tsim Sha Tsui Dimsum and Tea Bar - Ramen Kamekichi,Dumpling,5.0,1403,Cebu City,True,5.0
p1ph,Frankie's New York Buffalo Wings - SM Megamall,Chicken Wings,5.0,4754,Mandaluyong City,True,5.0
p1pt,Shi Lin - Trinoma,Chinese,5.0,344,Quezon City,True,5.0
p1r9,Sushi One - Donburi & Ramen - Malingap Street,Japanese,5.0,773,Quezon City,True,5.0
p1tb,BonChon - Alabang Town Center,Chicken,5.0,1889,Muntinlupa City,True,5.0
p1uq,Wendy's - Dapitan,Burgers,5.0,15390,Manila,True,5.0
p1us,Pasto - Cyber Park,Pasta,5.0,398,Quezon City,True,5.0
p1vl,Tien Tien Hotpot - Atrium Bldg,Fish,4.9,282,Makati City,True,4.9
p1wj,La Parisienne Cebu,Pizza,4.8,211,Cebu City,True,4.8
p1xi,Cold Stone Creamery - SM Mall of Asia,Ice Cream,4.0,109,Pasay City,True,4.0
p1yt,Luk Yuen - Glorietta,Chinese,5.0,1705,Makati City,True,5.0
p1zc,Shi Lin - Podium,Chinese,4.9,986,Mandaluyong City,True,4.9
p1zj,Pho Hoa - Lucky China Town,Noodles,5.0,931,Manila,True,5.0
p1zp,Happy Lemon - Trinoma Mall,Milk Tea,5.0,1341,Quezon City,True,5.0
p29x,Wings-in-The-Box - Emily Home Cabantian,Chicken,4.9,767,Davao City Davao Del Sur,True,4.9
p2aa,Cafe Adriatico - Adriatico St.,Asian,4.5,346,Manila,True,4.5
p2bf,Dulcinea - Tomas Morato,Western,5.0,289,Quezon City,True,5.0
p2dm,Happy Lemon - Promenade Greenhills,Milk Tea,5.0,1272,San Juan,True,5.0
p2ds,Pho Hoa - Wilson,Noodles,5.0,1587,San Juan,True,5.0
p2gk,Cold Stone Creamery - Serendra,Ice Cream,4.6,518,Taguig City,True,4.6
p2gn,Happy Lemon - Cebu,Milk Tea,5.0,1790,Cebu City,True,5.0
p2ij,JiPan - Glorietta,Japanese,5.0,837,Makati City,True,5.0
p2jr,Soi - Glorietta,Seafood,4.9,816,Makati City,True,4.9
p2kw,Pink’s Burgers and Hotdogs - BGC,American,5.0,796,Taguig City,True,5.0
p2le,Mr. A Bar & Restaurant/Cafe/Pizzeria - Nivel Hills,Filipino,4.7,291,Cebu City,True,4.7
p2ln,Wendy's - Buendia,Burgers,5.0,14114,Makati City,True,5.0
p2nd,Red Corner Burger Cafe - Mabini,Burgers,5.0,906,Davao City Davao Del Sur,True,5.0
p2q4,Biaños Pizza - Mactan,Pizza,5.0,747,Lapu-Lapu City Cebu,True,5.0
p2qh,The Sandwich Guy - SM Megamall,Sandwiches,5.0,737,Mandaluyong City,True,5.0
p2tb,Wendy's - SM Mall of Asia,Burgers,5.0,2258,Pasay City,True,5.0
p2vp,Frankie's New York Buffalo Wings - SM Aura Premier,Chicken Wings,5.0,3534,Taguig City,True,5.0
p32j,Big Brain - Kasambagan,Ulam,4.9,18,Cebu City,True,4.9
p36x,K-Bites - Urgello,Korean,0.0,0,Cebu City,False,
p38l,GotoGo - Puregold Taguig,Fried Chicken,5.0,103,Taguig City,True,5.0
p3aw,Caramia Cakes & Gelato - Estancia,Cakes,5.0,864,Pasig City,True,5.0
p3by,Bigby's - Ayala Cebu,American,4.9,1879,Cebu City,True,4.9
p3ff,Hukad - Robinson Cybergate,BBQ,4.9,1012,Cebu City,True,4.9
p3fn,Bricks and Copper - Mandaluyong City,Middle Eastern,5.0,991,Mandaluyong City,True,5.0
p3h0,On The Way - Novaliches,Fried Chicken,5.0,73,Quezon City,True,5.0
p3je,Caramia Cakes & Gelato - Alabang Town Center,Cakes,5.0,636,Muntinlupa City,True,5.0
p3qt,Greenwich - Muntinlupa City Hall,Pizza,5.0,4992,Muntinlupa City,True,5.0
p3t1,Mangga-Gayuma - Ilocos Sur Street,Fruit Shake,5.0,93,Quezon City,True,5.0
p3tl,Casa Verde - Ramos,American,5.0,3640,Cebu City,True,5.0
p3yf,Caramia Cakes & Gelato - Lucky Chinatown Mall,Cakes,5.0,2050,Manila,True,5.0
p408,Gia's Cafe - Mabolo,Beverages,5.0,17,Cebu City,True,5.0
p42t,Santino's Supreme Slice Pizza - LRT-2 Marikina,Pizza,0.0,0,Marikina,False,
p464,Makiko Express - Poblacion,Sushi,4.7,10,Mandaluyong City,True,4.7
p4au,ABE - Serendra,Filipino,5.0,982,Taguig City,True,5.0
p4fn,Big Tom's Charbroiled Burger - Oakridge,Burgers,4.9,1098,Cebu City,True,4.9
p4ig,Soi - SM Mall of Asia,Thai,4.9,470,Pasay City,True,4.9
p4jg,Cafe Adriatico - Gateway Mall,Asian,5.0,224,Quezon City,True,5.0
p4k9,Pan De Manila - 100 West,Bread,5.0,88,Makati City,True,5.0
p4ma,Dunkin' Donuts - Fuente,Donut,5.0,2553,Cebu City,True,5.0
p4op,Happy Lemon - Shangri-La Plaza,Milk Tea,5.0,1127,Mandaluyong City,True,5.0
p4ru,El Chupacabra - Poblacion,Western,5.0,3103,Makati City,True,5.0
p4tc,Brotzeit - BGC,Unknown,5.0,629,Taguig City,True,5.0
p4uz,Corner Tree Cafe Vegetarian Food - Bel-Air,Healthy,4.9,2289,Makati City,True,4.9
p4vj,New Bombay - Dela Costa,Indian,4.9,3233,Makati City,True,4.9
p4wo,Dulcinea - Glorietta 4,Western,4.8,115,Makati City,True,4.8
p4xc,Empanada Nation - Pioneer,Filipino,5.0,2044,Mandaluyong City,True,5.0
p4xl,Hong Kong Noodles and Dimsum House - Chino Roces,Chinese,5.0,5952,Makati City,True,5.0
p4zc,Hong Kong Noodles and Dimsum House - Cubao,Chinese,5.0,2171,Quezon City,True,5.0
p50c,Legal Blends Coffee - Mandaluyong,Beverages,0.0,0,Mandaluyong City,False,
p53k,Seattle's Best Coffee - Davao Global Township,Coffee,5.0,87,Davao City Davao Del Sur,True,5.0
p56m,Awesome Kitchen Korean Snack Food - Malakas,Korean,5.0,253,Quezon City,True,5.0
p59j,Rhian Ramos' Healthy Appetite - Ortigas,Chicken,0.0,0,Mandaluyong City,False,
p5aj,Empanada Nation - Makati,Filipino,5.0,2787,Makati City,True,5.0
p5gu,Wildflour Cafe + Bakery - BGC,American,5.0,2252,Taguig City,True,5.0
p5iw,Larry's Cafe and Bar - Taguig City,Salads,5.0,354,Taguig City,True,5.0
p5jk,Caruso Ristorante Italiano - Garcia Street,Italian,5.0,724,Makati City,True,5.0
p5jy,Chicken Bacolod - Matalino Street,Filipino,5.0,614,Quezon City,True,5.0
p5mb,Kenny Rogers Roasters - Robinsons Galleria,Chicken,5.0,456,Pasig City,True,5.0
p5nk,Muvanz Pocherohan and Seafoods - Century Plaza,Seafood,5.0,3380,Cebu City,True,5.0
p5nt,Madeca - Podium Mall,Filipino,5.0,672,Pasig City,True,5.0
p5vn,Lorenzo's Way - Greenbelt,Filipino,4.9,171,Makati City,True,4.9
p5xe,The Sandwich Guy - Net Plaza,Sandwiches,5.0,5536,Taguig City,True,5.0
p5y0,Turks - Vista Mall Malolos,Shawarma,5.0,324,Malolos Bulacan,True,5.0
p5zw,Hukad sa Golden Cowrie - Parkmall,BBQ,5.0,673,Cebu City,True,5.0
p60t,Breads by Sincerity - E. Rodriguez,Bread,5.0,589,Quezon City,True,5.0
p61a,Corndog 28 - Serendra Piazza,Corndogs,5.0,584,Taguig City,True,5.0
p61m,Hong Kong Style Noodle - Ever Commonwealth,Chinese,4.7,10,Quezon City,True,4.7
p632,Little Gops Milkshake - Roamceville,Beverages,5.0,21,Koronadal South Cotabato,True,5.0
p6ab,Kenny Rogers Roasters - Taft Avenue,Chicken,5.0,5738,Manila,True,5.0
p6b5,"Streetside Pizza - Marikina, Concepcion",Pizza,5.0,435,Marikina,True,5.0
p6bs,Amici - Don Bosco,Pizza,5.0,1831,Makati City,True,5.0
p6cj,Wildflour Cafe + Bakery - Podium,American,5.0,1433,Pasig City,True,5.0
p6en,Orange Brutus - Island Central Mactan,Fast Food,5.0,990,Lapu-Lapu City Cebu,True,5.0
p6eu,ABE - SM Mall of Asia,Filipino,4.9,94,Pasay City,True,4.9
p6mr,Kusina Ni Nasing - Guadalupe,BBQ,4.9,4701,Cebu City,True,4.9
p6nd,Ang Bistro sa Remedios - SM North,Filipino,4.8,269,Quezon City,True,4.8
p6nr,Cabizerra Bistro - Congressional Avenue,Filipino,5.0,1647,Quezon City,True,5.0
p6qx,101 Hawker Food House - Beacon Tower 2,Thai,5.0,10491,Makati City,True,5.0
p6qz,New Bombay - The Fort,Indian,4.9,3929,Taguig City,True,4.9
p6t0,Lots'a Pizza - Champaca Street,Pizza,5.0,612,Taguig City,True,5.0
p6u0,Tatatito Chicken Inasal - Vicente Cruz Street,Filipino,0.0,0,Manila,False,
p6up,Kaffee Alde - Mabolo,Cakes,5.0,3629,Cebu City,True,5.0
p6vm,Caramia Cakes & Gelato - Greenhills,Cakes,5.0,1440,San Juan,True,5.0
p6vs,Chikaan sa Cebu - Mactan,Filipino,4.9,240,Lapu-Lapu City Cebu,True,4.9
p6wc,Green Bar - Legaspi Village,Rice Dishes,5.0,4658,Makati City,True,5.0
p6xi,Hummus Elijah - Burgos Street,Middle Eastern,5.0,7020,Makati City,True,5.0
p6yw,Kenny Rogers Roasters - Matalino,Chicken,5.0,2066,Quezon City,True,5.0
p70j,King of Kim - SM City Marikina,Korean,4.9,32,Marikina,True,4.9
p735,Famous Belgian Waffles - Waltermart,Snacks,5.0,32,Makati City,True,5.0
p76e,Katsu Curry House - Mayon Street,Japanese,4.7,940,Quezon City,True,4.7
p7bj,Kettle - Shangri-La,Chicken,4.9,237,Mandaluyong City,True,4.9
p7ct,Soi - Ermita,Thai,4.9,1090,Manila,True,4.9
p7dg,Son Gohan Yoshoku,Japanese,5.0,901,Cebu City,True,5.0
p7hb,BonChon - Promenade Greenhills,Chicken,5.0,3594,San Juan,True,5.0
p7pb,Chubby Chicken - Xavier Residences,Fast Food,5.0,3701,Quezon City,True,5.0
p7qh,Sultan Mediterranean Grill - Valero Plaza,Middle Eastern,5.0,1064,Makati City,True,5.0
p7qi,Amici - Greenhills,Pizza,5.0,634,San Juan,True,5.0
p7rz,Robina Chicken House - Finlandia Street,BBQ,5.0,5324,Makati City,True,5.0
p7sd,Tablea Chocolate Cafe - Remedio Street,Rice Dishes,5.0,286,Cebu City,True,5.0
p7uz,Senor Kimchi - Escario,Rice Bowl,5.0,1158,Cebu City,True,5.0
p7vp,Gelatissimo - Cebu,Ice Cream,5.0,131,Cebu City,True,5.0
p7vq,Kenny Rogers Roasters - SM Megamall,Chicken,5.0,1176,Mandaluyong City,True,5.0
p7w3,Samgyupkart-Cebu City,Korean,5.0,863,Cebu City,True,5.0
p7xj,Cold Stone Creamery - SM North Edsa,Ice Cream,4.4,177,Quezon City,True,4.4
p80b,Waffle Time - LRT 2 Marikina,Pancakes & Waffles,5.0,61,Pasig City,True,5.0
p80s,The Red Crab Alimango House - Newport Mall,Filipino,4.9,24,Pasay City,True,4.9
p80w,Pizza Corp Davao - El Rio,Pizza,0.0,0,Davao City Davao Del Sur,False,
p8ai,Sushi Nori - SM Aura Food on Four,Sushi,5.0,718,Taguig City,True,5.0
p8aj,Kenny Rogers Roasters - Makati Ave.,Chicken,5.0,4174,Makati City,True,5.0
p8b3,BAKED by trimy - Banawe Street,Coffee,5.0,332,Quezon City,True,5.0
p8br,Jollibee - Gaisano Grand mall mactan,Fast Food,5.0,25020,Cebu City,True,5.0
p8cs,New Bombay - The Podium,Indian,4.9,1682,Mandaluyong City,True,4.9
p8fb,Wendy's - Market Market,Burgers,5.0,5970,Taguig City,True,5.0
p8gl,Pink's Burgers and Hotdogs - Salcedo,American,4.9,455,Makati City,True,4.9
p8j2,NYFD (New York Fries and Dips) - Robinsons Magnolia,Fries,4.9,24,Quezon City,True,4.9
p8jt,Luk Yuen - Cash N Carry,Chinese,5.0,3623,Makati City,True,5.0
p8kq,ABE - Trinoma,Filipino,4.1,269,Quezon City,True,4.1
p8lq,CYMA Shangri-la,Western,4.9,912,Mandaluyong City,True,4.9
p8ny,Dulcinea - SM Megamall - Building A Atrium,Western,5.0,174,Pasig City,True,5.0
p8ur,Chihuahua Mexican Grill - BGC,Western,4.8,2173,Taguig City,True,4.8
p8wm,New Bombay - Glorietta,Indian,4.6,1187,Makati City,True,4.6
p8wv,Happy Lemon - Lucky China Town,Milk Tea,5.0,2373,Manila,True,5.0
p8xf,Burger King - Makati Ave.,Burgers,5.0,13266,Makati City,True,5.0
p8z9,Melc Patisserie - Makati Avenue Corner,Bread,0.0,0,Makati City,False,
p8zd,Motorino Napoletana Pizzeria - Greenbelt,Pizza,4.8,1251,Makati City,True,4.8
p928,Bread Funatics - Red Coco Town,Bread,5.0,127,Cebu City,True,5.0
p9bo,Greenwich - Morayta,Pizza,5.0,9481,Manila,True,5.0
p9ce,Orange Brutus - Osmena Blvd,Fast Food,5.0,8944,Cebu City,True,5.0
p9e4,Teacart Milktea and Coffee Shop - Canto Mahayahay,Filipino,4.4,23,Davao City Davao Del Sur,True,4.4
p9hs,Greenwich - SM Centerpoint GF,Pizza,5.0,7586,San Juan,True,5.0
p9ml,Chihuahua Mexican Grill - Makati,Western,4.8,2608,Makati City,True,4.8
p9nm,Pho Hoa - BGC Stopover,Noodles,4.9,2007,Taguig City,True,4.9
p9nn,Fely J's Kitchen - Greenbelt 5,Sisig,4.9,471,Makati City,True,4.9
p9ru,Caramia Cakes & Gelato - SM North EDSA,Cakes,5.0,1365,Quezon City,True,5.0
p9vr,Gelatissimo - BGC,Ice Cream,4.9,110,Taguig City,True,4.9
p9ym,Shi Lin - Binondo,Chinese,5.0,620,Manila,True,5.0
p9yw,Mike's Chef Restaurant - Gil Puyat,Shawarma,5.0,4109,Makati City,True,5.0
p9zd,Hong Kong Noodles and Dimsum House - Shaw Boulevard,Chinese,5.0,4079,Mandaluyong City,True,5.0
pa0i,The Big Taco - Mactan,Beverages,5.0,493,Lapu-Lapu City Cebu,True,5.0
pa46,Trademark - Cebu,Wraps,0.0,0,Cebu City,False,
paau,GREENEATS - SM Lanang Premier,Rice Dishes,4.6,14,Davao City Davao Del Sur,True,4.6
paec,Da.yun Asian Noms - Ayala Center Cebu,Coffee,0.0,0,Cebu City,False,
pahc,ZUS Coffee - Exquadra Tower,Coffee,5.0,260,Pasig City,True,5.0
paho,Mexi-ko: Fil-Mex Kitchen - Makati,Asian,5.0,198,Makati City,True,5.0
pal2,Samgyuniku Unlimited Japanese Korean BBQ Grill - Uptown Mall,Chicken Wings,4.7,212,Taguig City,True,4.7
paoh,Icebar - Robinsons Place Manila,Ice Cream,5.0,19,Manila,True,5.0
pavt,Chimmy - E Rodriguez Sr Avenue,Milk Tea,5.0,14,Quezon City,True,5.0
pb7j,Pizzacology - New Era,Pizza,0.0,0,Quezon City,False,
pb7m,Panadero Bakeshop - Circumferential Road,Bread,5.0,111,Davao City Davao Del Sur,True,5.0
pbja,CLT CAFE - ORA Electronics Center,Coffee,0.0,0,Manila,False,
pbma,"Abdul: Kebab, Shawarma, and Curry - Timog Avenue",Middle Eastern,5.0,1817,Quezon City,True,5.0
pbpv,Pidoks - Buhangin,Chicken,5.0,365,Davao City Davao Del Sur,True,5.0
pbvi,11th Street Hot Wings & Pizza - M P Yap Street,Chicken Wings,4.9,766,Cebu City,True,4.9
pc45,Chik'n Bang Bang- Taft Branch,Chicken,5.0,31,Manila,True,5.0
pc5y,ChaTraMue - Greenbelt Makati,Beverages,4.9,576,Makati City,True,4.9
pc7m,Phaya Real Thai Taste - Ginne Apartelle,Rice Dishes,5.0,209,Cebu City,True,5.0
pcgl,Marugame Udon - SM City Marikina,Japanese,5.0,1196,Marikina,True,5.0
pcj4,GoGoDak Korean Chicken - Makati Branch,Chicken,5.0,102,Makati City,True,5.0
pcjr,Fruitas & De Original Jamaican Pattie Shop and Juice Bar - Malanday,Fruit Shake,5.0,41,Marikina,True,5.0
pckg,Buko Express - SM Megamall,Fruit Shake,5.0,124,Mandaluyong City,True,5.0
pckh,Caffein8,Filipino,5.0,13,Cebu City,True,5.0
pcm6,Island Tea Co. - Paseo Del Congreso,Milk Tea,5.0,35,Malolos Bulacan,True,5.0
pcnk,Sollie's Pakistani-Indian Restaurant (Sollie's F & B House) - Calawisan,Indian,5.0,229,Lapu-Lapu City Cebu,True,5.0
pcns,Tippun.PH - Lilac,Snacks,0.0,0,Marikina,False,
pco4,ICha Corndog - Robinsons Galleria,Corndogs,5.0,133,Cebu City,True,5.0
pcqx,Nando’s Cocina Dia - Tambac,Filipino,5.0,93,Dagupan Pangasinan,True,5.0
pcu8,HOLEE in AbacaEats - Base Line Center,Chinese,0.0,0,Cebu City,False,
pcwr,MLE Sizzle Spot - Mandaluyong,Asian,4.4,13,Mandaluyong City,True,4.4
pd38,Doodletea - Palanca,Milk Tea,5.0,62,Makati City,True,5.0
pd5j,The Queen Citea - Babag,Milk Tea,4.9,37,Lapu-Lapu City Cebu,True,4.9
pd80,Chicken Fryday - Quezon City,Fried Chicken,0.0,0,Quezon City,False,
pdav,Dolor's Kakanin - Mandaluyong Branch,Filipino,5.0,577,Mandaluyong City,True,5.0
pdde,Nuevo Cafe - Streetscape Mall,Coffee,0.0,0,Cebu City,False,
pde8,Taishozan Japanese Restaurant,Ulam,5.0,33,Davao City Davao Del Sur,True,5.0
pdjk,Kopilism - Vasra,Coffee,5.0,416,Mandaluyong City,True,5.0
pdq5,Bulalo World Express - Sto. Niño de Taguig Church,Bulalo,4.9,79,Taguig City,True,4.9
pdrv,Tea-bot’s Cafe,Coffee,0.0,0,Manila,False,
pdv4,Strips & Dips - Greenhills Town Center,Fried Chicken,0.0,0,Quezon City,False,
pdy0,Papa John's Pizza -  Julia Vargas,Pizza,5.0,1698,Pasig City,True,5.0
pdzf,YOOSOBAN Korean Restaurant - Makati,Korean,5.0,13,Makati City,True,5.0
pe17,Bread Shack - City Hall Drive,Bread,5.0,42,Davao City Davao Del Sur,True,5.0
pe1b,Friesday - San Francisco del Monte,American,4.9,218,Quezon City,True,4.9
pe5n,Crazy Chimken - Jaroda Road,Fried Chicken,0.0,0,Davao City Davao Del Sur,False,
peco,Panadera Queen,Cakes,5.0,11,Marikina,True,5.0
pei7,Uncle brew - Gun Ob,Coffee,0.0,0,Lapu-Lapu City Cebu,False,
peil,Miss Wa Noodles and Rice - Jp Rizal Avenue,Asian,5.0,826,Makati City,True,5.0
pejx,Le Katsu Mnl - Nangka,Japanese,4.6,15,Marikina,True,4.6
peqt,Rice and Shine - Malolos,Silog,5.0,280,Malolos Bulacan,True,5.0
perl,Papaping's Baked Boneless Bangus - Mauway,Seafood,0.0,0,Mandaluyong City,False,
pet7,Mister Donut - Puregold Agora,Donut,0.0,0,San Juan,False,
pexv,R. Lapid's Chicharon and Barbecue - MCF Lifestyle Hub,Snacks,5.0,32,Malolos Bulacan,True,5.0
peyp,Tokyo Tokyo - Hampton Gardens Pasig City,Japanese,5.0,1044,Pasig City,True,5.0
pez0,Unalom Coffee - Greenfield Tower,Coffee,0.0,0,Mandaluyong City,False,
pez2,Master Siomai - South Supermarket,Siomai,5.0,24,Muntinlupa City,True,5.0
pf11,Sugarhouse - Davila Street,Cakes,5.0,74,Makati City,True,5.0
pf2d,Bulalo World - Visayas Avenue,Filipino,5.0,191,Quezon City,True,5.0
pf80,Yaki Yaki Sumo - Lucky Chinatown,Japanese,5.0,25,Manila,True,5.0
pfdf,Timpla-House of Dinakdakan Marikina,Rice Dishes,5.0,11,Marikina,True,5.0
pfgb,Takam - Makati,Filipino,4.9,203,Makati City,True,4.9
pfi1,King Sisig Express - Pioneer Center,Sisig,4.9,128,Pasig City,True,4.9
pfm5,The Kapetan Cafe - Gulod Novaliches,Filipino,4.6,18,Quezon City,True,4.6
pft0,Modern Shanghai - Greenbelt,Chinese,0.0,0,Makati City,False,
pfv8,Koomi - SM Seaside,Beverages,5.0,332,Cebu City,True,5.0
pfwn,KAPE.BAI COFFEE SHOP - Pelaez Street,Coffee,4.9,12,Cebu City,True,4.9
pg1d,Merry Mango - Festival Mall,Ulam,0.0,0,Muntinlupa City,False,
pg4p,Barbs Donuts and Coffee - Alabang,Donut,0.0,0,Muntinlupa City,False,
pg5n,Kiara's Food Crib - Holy Spirit Extension 2,Burgers,0.0,0,Quezon City,False,
pgaf,Yaki Yaki,Japanese,5.0,19,Davao City Davao Del Sur,True,5.0
pgc7,Soy & Bean - Roosevelt Avenue,Healthy,5.0,226,Quezon City,True,5.0
pgfo,Bastian's Food Corner - Barangka Drive,Filipino,0.0,0,Mandaluyong City,False,
pgfs,Bap Bowls -Addition Hills,Rice Bowl,0.0,0,San Juan,False,
pggo,Mango Love PH - Project 7,Fruit Shake,5.0,133,Quezon City,True,5.0
pgor,Korean Kitchen Sol Story - Sheridan,Korean,5.0,111,Mandaluyong City,True,5.0
pgvj,Mactan Seafood and Grill - Gaisano Island Mall,Seafood,4.9,235,Lapu-Lapu City Cebu,True,4.9
pgyd,Sababa Mediterranean Cuisine - Mabolo,Chicken,4.9,76,Cebu City,True,4.9
pgyi,Pao Cafe - Makati City,Noodles,5.0,609,Makati City,True,5.0
ph0g,Haro Haro - Ayala Malls Feliz Pasig,Milk Tea,5.0,32,Pasig City,True,5.0
phbu,Kuman-Tam Panciteria,Filipino,0.0,0,Marikina,False,
phig,eTeaquette - Project 4,Milk Tea,4.9,246,Quezon City,True,4.9
phjx,Sizzling sa Basak,Fast Food,4.9,80,Lapu-Lapu City Cebu,True,4.9
phmc,Pepa Wings - Festival Mall,Chicken Wings,4.9,132,Muntinlupa City,True,4.9
phuc,Dropitea Milktea Shop - Marikina Sports Complex,Milk Tea,5.0,2960,Marikina,True,5.0
phzu,Kanzen Sushi Roll - Taguig,Sushi,5.0,228,Taguig City,True,5.0
pi1m,Boba Bear Milktea Shop - Barangay Palar,Milk Tea,5.0,203,Taguig City,True,5.0
pi4d,Lemon Square Bakery Treats - Shoe Avenue Marikina,Cakes,5.0,210,Marikina,True,5.0
pi7w,Dash Coffee - Obrero,Coffee,4.9,10,Davao City Davao Del Sur,True,4.9
pia4,Kobi Bayan 24/7 - Marikina,Ulam,5.0,164,Marikina,True,5.0
piav,Rekap Coffee Shop,Unknown,0.0,0,Manila,False,
pib7,Daily Sweets - Makati,Cakes,0.0,0,Makati City,False,
pint,PICKUP COFFEE - SMDC Leaf,Coffee,5.0,695,Muntinlupa City,True,5.0
pis9,Heavenly Desserts by Chef Jeng - Lucky Chinatown Mall,Cakes,5.0,73,Manila,True,5.0
pitu,The Green Table - Tisa,Healthy,4.9,56,Cebu City,True,4.9
pitw,ABN7 -SINGALONG ST.,Beverages,0.0,0,Manila,False,
piv9,Paotsin - Metro Alabang Town Center,Dumpling,5.0,758,Muntinlupa City,True,5.0
pj0v,Unlisted Burger - G/F The Runway Building,Burgers,5.0,82,Lapu-Lapu City Cebu,True,5.0
pj3d,Asian Republic Dimsum House - Bangkal,Siomai,4.8,25,Davao City Davao Del Sur,True,4.8
pjcd,COWBOY Barbecues + Sizzlers - Lahug,Ulam,4.9,681,Cebu City,True,4.9
pjcn,PARQUE CAFE,Coffee,0.0,0,Malolos Bulacan,False,
pjks,Aegyo Chckn Korean Food Store - 4th Street,Korean,5.0,236,Pasig City,True,5.0
pjku,3R's BBQ - Malinao Pasig,BBQ,0.0,0,Pasig City,False,
pjlm,Hogs' Head Restaurant & Bar - Davao,Ulam,0.0,0,Davao City Davao Del Sur,False,
pjnq,Beyond Coffee - P Paredes Street,Coffee,5.0,61,Manila,True,5.0
pjo9,Lucky Boba Milktea - Fairview Terraces,Snacks,5.0,112,Quezon City,True,5.0
pjoj,COVERCUP COFFEE STORE,Beverages,0.0,0,Manila,False,
pjqi,Banh Mi Kitchen - Two Maridien,Sandwiches,5.0,352,Taguig City,True,5.0
pjv1,Humble Bee - Lacson Street,Milk Tea,5.0,1054,Koronadal South Cotabato,True,5.0
pjvi,Rustum Biryani - Commonwealth,Chicken,0.0,0,Quezon City,False,
pjxh,DAKS Shawarma by Boys Night Out - Pasay,Shawarma,4.9,167,Pasay City,True,4.9
pk21,Lotus Tea and Coffee - Intramuros,Beverages,0.0,0,Manila,False,
pk30,BlackStem Tea & Coffee - Greenfield Tower,Coffee,4.9,118,Mandaluyong City,True,4.9
pkdf,Tabz and Babz Korean's Chicken House - Maharlika Village,Korean,5.0,27,Davao City Davao Del Sur,True,5.0
pkeo,Margot's Grill and Resto - Jose Abad Santos Street,Ulam,4.9,195,Koronadal South Cotabato,True,4.9
pkmp,HINODE CURRY JAPANESE RESTAURANT,Curry,0.0,0,Cebu City,False,
pkn8,Healthy To Go - Pasay,Healthy,5.0,1091,Pasay City,True,5.0
pkoj,Sushi Town - Jaena,Sushi,5.0,17,Pasig City,True,5.0
pkru,Mooon Cafe - Ayala Center Cebu,Pasta,0.0,0,Cebu City,False,
pktp,Saige - Makati,Rice Bowl,5.0,68,Makati City,True,5.0
pkud,Hungri Go Sizzlers Food Services - Laon Laan Street,Filipino,4.5,22,Manila,True,4.5
pkx2,Pijiu Blackship Resto Bar,Asian,0.0,0,Pasay City,False,
pkyg,Momoyo Ice Cream & Iced Coffee - Anonas,Ice Cream,5.0,113,Quezon City,True,5.0
pl0a,Binalot - Robinsons Place Manila,Filipino,4.9,34,Manila,True,4.9
pl1w,Shanghai Saloon - Bonifacio Global City,Rice Bowl,0.0,0,Taguig City,False,
pl93,3M Pizza - Metroplaza,Pizza,4.5,25,Quezon City,True,4.5
pl9k,MASTER SIOMAI - IT PARK APAS,Siomai,4.9,214,Cebu City,True,4.9
plcd,Chooks To Go - South Supermarket,Chicken,5.0,222,Muntinlupa City,True,5.0
plch,Hanoi Chicken,Noodles,0.0,0,Quezon City,False,
plka,Aboy's Fresh Lumpia - Waltermart North Edsa,Filipino,5.0,406,Quezon City,True,5.0
pllr,Akhira Shawarma - Diliman,Shawarma,0.0,0,Quezon City,False,
plq6,P. Donuts - Tondo,Cakes,5.0,160,Manila,True,5.0
plqp,"Pasta, Burgers, Italian Pizzeria & Baked Sushi by Chef Gee",Cakes,4.8,31,Manila,True,4.8
plqp,Petite Cakes & Desserts by Chef Gee - Biak na Bato,Cakes,4.8,30,Manila,True,4.8
plwm,Eat Fresh Hong Kong Famous Street Food- Marikina,Chinese,5.0,792,Marikina,True,5.0
pm3u,Wescafe - Mendiola,Filipino,4.5,12,Muntinlupa City,True,4.5
pm6k,Kape Sur - San Lorenzo Place,Coffee,5.0,31,Makati City,True,5.0
pmaa,Comida Cravings - Santa Mesa,Filipino,0.0,0,Manila,False,
pmj2,Brownies Unlimited - SM City North EDSA,Desserts,5.0,257,Quezon City,True,5.0
pmsa,Ashen Berry Cafe & Coffee Roastery - Valero Carpark,Coffee,5.0,19,Makati City,True,5.0
pmy8,8Cuts - Uptown,American,5.0,149,Taguig City,True,5.0
pn42,Ahrome Cafe - California Garden Square,Coffee,0.0,0,Mandaluyong City,False,
pn4i,Hungry Boys Food Services - Scout Ybardolaza,Unknown,0.0,0,Quezon City,False,
pn6m,Nacho King - Lucky China Town,Snacks,4.9,48,Manila,True,4.9
pn6y,Ericahlicious Brew & Bake - Tikay Malolos,Beverages,5.0,186,Malolos Bulacan,True,5.0
pn8b,World Chicken - Pasong Tamo,Snacks,5.0,1613,Makati City,True,5.0
pnb8,The Aristocrat Restaurant - SM City San Lazaro,Filipino,5.0,709,Manila,True,5.0
pni6,Kalsada Burger Tipas Branch,Burgers,4.9,29,Taguig City,True,4.9
pni8,Five Star Chicken - Tumana,Chicken,4.9,47,Marikina,True,4.9
pnl7,Kalsada Burger - Ortigas,Burgers,5.0,16,Pasig City,True,5.0
pnms,I Love Wings Manila - Manila,Chicken Wings,5.0,12,Mandaluyong City,True,5.0
pnn9,Executive Restobar,Filipino,0.0,0,Cebu City,False,
pnpw,KMarket PH - Don Conejos,Rice Bowl,0.0,0,San Juan,False,
pnu8,Ribsarap - Don Antonio,BBQ,0.0,0,Quezon City,False,
pnwb,Ali Ali Pastil - Gensan Drive,Filipino,4.8,103,Koronadal South Cotabato,True,4.8
po8y,J.CO Donuts & Coffee - Calyx Center Cebu IT Park,Donut,5.0,3110,Cebu City,True,5.0
poav,Le Katsu Mnl - Waltermart West Service Road,Japanese,0.0,0,Muntinlupa City,False,
pofm,D'best Sisig - Marina Mall,Filipino,4.8,411,Cebu City,True,4.8
pofm,Boss Dan Paresan - Kwikspar Snack Bar,Filipino,4.8,410,Cebu City,True,4.8
poq6,Samgyupsalamat - Banawe,BBQ,5.0,98,Quezon City,True,5.0
potl,Thirsty Fresh Fruit Juices And Shakes - Gaisano Mall Davao,Fruit Shake,0.0,0,Davao City Davao Del Sur,False,
potx,Basement Cafe - Artiaga,Chicken,5.0,516,Davao City Davao Del Sur,True,5.0
povg,Pancake House - Greenhills,American,5.0,42,San Juan,True,5.0
powc,Kaon Ta Bay - Bankerohan,Asian,4.6,13,Davao City Davao Del Sur,True,4.6
pp3z,Sisig and Silog Haus,Silog,0.0,0,Mandaluyong City,False,
ppwq,Tokyo Prime - San Juan,Silog,0.0,0,San Juan,False,
ppww,WOK-Silog By WOK brothers - Manila,Silog,4.9,146,Manila,True,4.9
pq0y,Samgyupsalamat - Festival Mall,BBQ,0.0,0,Muntinlupa City,False,
pq17,Big Boss Diner - Tikay Malolos,American,4.9,598,Malolos Bulacan,True,4.9
pq5z,XO 46 Heritage Bistro - Estancia,Filipino,0.0,0,Pasig City,False,
pq8g,Goto Topps - Market Market,Filipino,5.0,36,Taguig City,True,5.0
pq9u,Lawson Cup & Go - RBC Ortigas,Coffee,5.0,23,Pasig City,True,5.0
pqc5,"Ongpin Express - Tuktukan, Taguig",Chinese,5.0,220,Taguig City,True,5.0
pqg7,Big Mama's Pizza - The Podium,Snacks,5.0,45,Mandaluyong City,True,5.0
pqhw,Komoro Japanese Dining - Legazpi Village,Japanese,4.9,38,Makati City,True,4.9
pqjr,Teriyaki Boy - Westgate,Japanese,0.0,0,Muntinlupa City,False,
pqka,The Daily Detox - SM Center Dagupan,Beverages,0.0,0,Dagupan Pangasinan,False,
pqlm,Starbucks - The Shoppes at Portico,Coffee,5.0,2470,Pasig City,True,5.0
pqor,The Hideout Tea and Coffee House - Pasig,Fast Food,0.0,0,Pasig City,False,
pqsh,Farmery Resto - Molito,Western,5.0,151,Muntinlupa City,True,5.0
pqup,Chunky Boss - SM Mall of Asia,Asian,4.9,16,Pasay City,True,4.9
pqwx,Chicken Eleven - Terminal Hub Xentro Mall,Coffee,0.0,0,Malolos Bulacan,False,
pqy1,O Kah Mon (Silog & Pulutan Orders) - Sobriedad,Silog,4.9,38,Manila,True,4.9
pr00,TOMO Coffee - UP Area 2,Coffee,5.0,32,Quezon City,True,5.0
pr12,Jenlie Foods Pansiteria - Jupiter Street,Pancit,4.9,98,Davao City Davao Del Sur,True,4.9
pr29,Panda Express - Double Dragon Meridian,Snacks,5.0,2249,Pasay City,True,5.0
pr7m,Punjabi Diner Indian Food - DMSF,Indian,4.9,1749,Davao City Davao Del Sur,True,4.9
pr98,Tapapa - Maginhawa,Filipino,4.9,1538,Quezon City,True,4.9
praa,Streetside Pizza - Holy Spirit Drive,Pizza,5.0,425,Quezon City,True,5.0
prba,Isla Del Cafe - The Barracks Carbon,Coffee,5.0,14,Cebu City,True,5.0
prbe,Ligaya Altanghap - Podium,Japanese,0.0,0,Mandaluyong City,False,
prbh,Beef4real burger house,Burgers,0.0,0,Quezon City,False,
prcd,TOMORO COFFEE - The Enterprise Center,Coffee,5.0,191,Makati City,True,5.0
prda,Bowl Go Gi - SM City North EDSA,Asian,5.0,36,Quezon City,True,5.0
prf4,Rue Coffee & Tea - Block 49 Street,Coffee,5.0,37,Taguig City,True,5.0
prjp,Bulalo World - Chino Roces Oriental Garden,Filipino,5.0,204,Makati City,True,5.0
prkj,Mango Love PH - Timog,Filipino,0.0,0,Quezon City,False,
prw7,Single Origin - Greenbelt 5,American,4.1,18,Makati City,True,4.1
prxs,La Vernice Cafe By Agatha - Poblacion Oeste,Coffee,0.0,0,Dagupan Pangasinan,False,
ps5p,Vita Bella - Blumentritt Road,Beverages,0.0,0,Manila,False,
ps83,GO Coffee Prime - Barangka Drive,Coffee,4.9,56,Mandaluyong City,True,4.9
ps9m,Boodle Inasal - Amang Rodriguez,Ulam,5.0,99,Pasig City,True,5.0
ps9o,Peri-Peri Charcoal Chicken & Sauce Bar - Festival Mall,Chicken,5.0,105,Muntinlupa City,True,5.0
ps9w,Cuppa Joy Coffee + Tea - Arellano Street,Coffee,0.0,0,Dagupan Pangasinan,False,
psei,"But First, Coffee - SM Cebu Seaside",Beverages,5.0,69,Cebu City,True,5.0
psla,ISKINITA DIARIES MACTAN RESTAURANT - ANGASIL ROAD,Asian,4.8,10,Lapu-Lapu City Cebu,True,4.8
pslb,RUG Coffee Shop and Pizzeria - Malolos,Pizza,0.0,0,Malolos Bulacan,False,
psn6,Juego Gastropub - Conclair Point,Chicken,4.9,14,Koronadal South Cotabato,True,4.9
psnu,Mr. Kambing - Liberty Avenue,Filipino,0.0,0,Quezon City,False,
pspk,Lab Eat! - Sikatuna,Cakes,5.0,176,Quezon City,True,5.0
psq3,The Coffee Grind - Tomas Morato,Coffee,0.0,0,Quezon City,False,
psrx,Mean Greens - Salcedo,Salads,5.0,669,Makati City,True,5.0
psyj,CHAMPS BURGERS - Recto,Filipino,0.0,0,Manila,False,
psyr,Yoboo by Chaboba - Hemady,Beverages,5.0,44,Quezon City,True,5.0
pszp,Flavored Boneless Chicken - Poblacion,Fried Chicken,4.5,47,Davao City Davao Del Sur,True,4.5
pt3y,Ok Bob - The Grid Powerplant Mall,Shawarma,4.8,45,Makati City,True,4.8
pt52,Wing Bomb Korean Chicken Wings - Boni Halcon,Fried Chicken,4.9,2171,Mandaluyong City,True,4.9
pt87,Buster 32 - Sugbo Sentro Fuente,Burgers,4.7,23,Cebu City,True,4.7
pt9f,Eat Pizza  - SM North,Pizza,5.0,73,Quezon City,True,5.0
ptg4,Papa Diddi's Handcrafted Ice Cream - Laza Food Plaza Makati,Ice Cream,0.0,0,Makati City,False,
ptsj,Nine Fresh - SM San Lazaro,Milk Tea,5.0,430,Manila,True,5.0
ptv2,Food Trip sa - Labangon,Desserts,4.6,35,Cebu City,True,4.6
pu36,Fire Tiger - Eastwood,Milk Tea,4.9,46,Quezon City,True,4.9
pu5f,Wild Shake - Gmall Toril,Beverages,0.0,0,Davao City Davao Del Sur,False,
puab,Coco Loco - Robinson Easymart,Fruit Shake,5.0,86,Mandaluyong City,True,5.0
pukx,Jaco's Ulam Drive Thru - MacArthur Highway,Filipino,4.9,968,Malolos Bulacan,True,4.9
pulr,Remilly's Yema Cake - Festival Mall,Desserts,0.0,0,Muntinlupa City,False,
pumd,Don Benito's - Visayas,Cakes,5.0,401,Quezon City,True,5.0
punu,Rarjap Sizzling House - Sta. Ana,Filipino,4.9,108,Manila,True,4.9
pup9,Arch Shawarma & SmooTEA'S - Pio Del Pilar,Shawarma,4.9,727,Makati City,True,4.9
puwu,Potato Corner - Assada Center,Fries,4.8,214,Dagupan Pangasinan,True,4.8
pv3o,Tambai Yakitori - Felipe Street,Japanese,0.0,0,Makati City,False,
pv9v,Go Gourmand - Fairlane,Silog,4.6,28,Quezon City,True,4.6
pvgu,Chiknoy Lechon Manok - San Francisco,Chicken,4.9,25,Quezon City,True,4.9
pvin,Namnam Flavored Sisig - Regis Center,Sisig,4.7,21,Quezon City,True,4.7
pvqp,M Bakery - Opus Mall,Cakes,5.0,11,Quezon City,True,5.0
pvrd,Healthy Lemon - Bagtikan Street,Asian,5.0,274,Makati City,True,5.0
pwc0,Boss Aiden Sisig - Shorthorn,Filipino,5.0,178,Quezon City,True,5.0
pwdw,The 5S Box Indian Restaurant - Davao,Biryani,0.0,0,Davao City Davao Del Sur,False,
pwfm,Mr. Jjang dak Tasty Fried Chicken -  E. Rodriguez,Asian,5.0,171,Quezon City,True,5.0
pwq9,Quickly - Robinsons Galleria Cebu,Milk Tea,5.0,97,Cebu City,True,5.0
pwqh,Macao Imperial Tea - SM City San Lazaro,Beverages,5.0,742,Manila,True,5.0
pwr1,Ongpin Express - Lucky Chinatown,Dim Sum,0.0,0,Manila,False,
pwsj,BigBrew BPC Malolos,Beverages,5.0,62,Malolos Bulacan,True,5.0
pwvq,MH Cafe,Coffee,0.0,0,Marikina,False,
pwyd,8flix & Chill - Queensland Manor,Fried Chicken,0.0,0,Cebu City,False,
px68,Casa Crawford: Modern Mexican Kitchen - Malolos,Chicken,4.9,324,Malolos Bulacan,True,4.9
px6x,Lots'A Pizza - Manggahan,Pizza,5.0,1268,Pasig City,True,5.0
px7b,Baliwag Lechon Manok at Liempo - Upper Bicutan,Lechon,5.0,365,Taguig City,True,5.0
pxcl,Yow Chicken - Legazpi Village,Chinese,0.0,0,Makati City,False,
pxgj,King & Queen Tea - Taft Avenue,Milk Tea,4.7,11,Manila,True,4.7
pxk3,Anthology Coffee & Co. - Industry Street,Coffee,0.0,0,Muntinlupa City,False,
pxkg,Rhian Ramos' Healthy Appetite - Pasay,Chicken,5.0,727,Pasay City,True,5.0
pxmn,Voyager Resto - Punta Engaño,Asian,0.0,0,Lapu-Lapu City Cebu,False,
pxpt,Banapple - Ayala Alabang Town Center,Cakes,4.9,36,Muntinlupa City,True,4.9
pxsc,BRM. CAFE - Pasig,Beverages,0.0,0,Pasig City,False,
pxzz,Rhian Ramos' Healthy Appetite - Marikina,Chicken,5.0,280,Marikina,True,5.0
py10,Lan's Chowfan - Santo Nino,Filipino,4.9,68,Marikina,True,4.9
py12,Hearts and Bells - SM Marikina,Cakes,5.0,53,Marikina,True,5.0
py2f,Overdoughs - SM City Fairview,Donut,5.0,50,Quezon City,True,5.0
py3h,The Crunch - Talipapa Quezon City,Fried Chicken,5.0,308,Quezon City,True,5.0
pymx,R. Lapid's Chicharon and Barbecue - G Tuazon,Snacks,5.0,30,Manila,True,5.0
pyo3,Rubis Restaurant - Arellano Street,Chinese,5.0,694,Dagupan Pangasinan,True,5.0
pyrv,Bettylove Foods - Taguig,Halo-Halo,0.0,0,Taguig City,False,
pyry,Kap Litangs Barbecue and Lechon Manok - Pardo,Filipino,5.0,96,Cebu City,True,5.0
pyt1,Habhab - Pardo,Ulam,5.0,63,Cebu City,True,5.0
pyx5,K-Mac's Burgers And Wings - Balikatan Homeowners,Burgers,5.0,42,Taguig City,True,5.0
pyyx,Wendy's - Arellano Dagupan,American,5.0,1755,Dagupan Pangasinan,True,5.0
pz2w,Sir Tseff Bilao - Mactan Newtown,Filipino,4.9,244,Lapu-Lapu City Cebu,True,4.9
pzac,Tavolata - Ayala,Italian,4.9,50,Cebu City,True,4.9
pzcl,Robluck Fried Chicken and Sizzling - Putatan,Chicken,0.0,0,Muntinlupa City,False,
pzds,Yoomies - Cuatro De Julio Street,Silog,4.9,325,Quezon City,True,4.9
pzfs,23:5 Cafe - Jacinto,Pasta,5.0,96,Davao City Davao Del Sur,True,5.0
pzl3,Great Greens: Salads & Grains - Quirino Highway,Salads,5.0,443,Quezon City,True,5.0
pzn6,Yes-Papa! - Laura Street,Silog,5.0,54,Mandaluyong City,True,5.0
pzp1,Green Bread Cafe - Quimpo Boulevard,Cakes,0.0,0,Davao City Davao Del Sur,False,
pzq9,Lugaw ni Bossing - Novo Colon,Porridge,5.0,185,Cebu City,True,5.0
pzr5,Earl of Sandwich - Glorietta,Sandwiches,5.0,66,Makati City,True,5.0
pzx1,Siomai House - Welcome Rotonda,Chinese,5.0,10,Quezon City,True,5.0
q03p,Upgrounds - One Bonifacio Highstreet,Coffee,4.8,48,Taguig City,True,4.8
q04r,Serenitea - One Ayala,Milk Tea,5.0,118,Makati City,True,5.0
q059,Hen Lin - Greenhills,Dim Sum,5.0,86,San Juan,True,5.0
q0am,Madrone Kebabs Etc. - 9th Ave.,Middle Eastern,4.3,288,Taguig City,True,4.3
q0as,Gerry's Grill - Market Market,Filipino,5.0,1493,Taguig City,True,5.0
q0av,Subway - Greenhills,Sandwiches,5.0,2274,San Juan,True,5.0
q0ay,Cinnabon - SM Megamall,Bread,5.0,754,Mandaluyong City,True,5.0
q0bg,Max's Restaurant - Greenhills,Chicken,4.9,471,San Juan,True,4.9
q0bh,Army Navy - Shaw Boulevard,Burgers,5.0,3283,Mandaluyong City,True,5.0
q0bm,Bintana - Camputhaw,Filipino,5.0,2547,Cebu City,True,5.0
q0c8,MOMOYO ICE CREAM & ICED COFFEE - SM City Santa Mesa,Ice Cream,4.9,52,Manila,True,4.9
q0cu,Shrimp Bucket - Ayala Malls The 30th,Seafood,4.8,86,Pasig City,True,4.8
q0cv,Mixed Temptation Chinese Restaurant - Poblacion,Fish,5.0,496,Davao City Davao Del Sur,True,5.0
q0cw,Makoto Ya Japanese Restaurant,Japanese,4.9,874,Davao City Davao Del Sur,True,4.9
q0de,Gerry's Grill - Robinsons Metro East,Filipino,5.0,350,Marikina,True,5.0
q0dm,Army Navy - Net Quad,Burgers,5.0,4435,Taguig City,True,5.0
q0dn,SOUV! by Cyma - BGC,Seafood,4.9,830,Taguig City,True,4.9
q0ds,Cucina Ilocana - Poblacion,Filipino,4.9,601,Davao City Davao Del Sur,True,4.9
q0ey,Jollibee - Cebu Gorordo,Fast Food,5.0,11131,Cebu City,True,5.0
q0fe,Mai Wei Fang - MOA,Chinese,5.0,123,Pasay City,True,5.0
q0fg,Lots'a Pizza - Maysilo,Pizza,5.0,3092,Mandaluyong City,True,5.0
q0fk,8CUTS - Salcedo,Burgers,5.0,3621,Makati City,True,5.0
q0fm,RACKS - The Fort Strip,American,5.0,2425,Taguig City,True,5.0
q0gk,Army Navy - Sta Lucia East Grand Mall,Burgers,5.0,3640,Marikina,True,5.0
q0he,Cinnabon - Mall of Asia,Bread,5.0,442,Pasay City,True,5.0
q0hw,Cinnabon - SM Seaside Cebu,Bread,5.0,908,Cebu City,True,5.0
q0id,Wardo - San Agustin,Asian,5.0,1886,Makati City,True,5.0
q0ii,Yellow Cab - Emerald Avenue,Pizza,5.0,842,Pasig City,True,5.0
q0iq,Kanzen Sushi Roll - Lilac,Sushi,5.0,496,Marikina,True,5.0
q0it,Salt Restaurant - Kamputhaw,Seafood,4.9,821,Cebu City,True,4.9
q0jl,New Found Burger - San Lorenzo Village,Burgers,5.0,663,Cebu City,True,5.0
q0js,Sushi Nori - UP Town,Sushi,5.0,1747,Quezon City,True,5.0
q0jt,Manam - MOA,Filipino,4.9,383,Pasay City,True,4.9
q0ju,David's Tea House - SM Mall of Asia,Chinese,5.0,195,Pasay City,True,5.0
q0jw,Shakey's Pizza - Pasong Tamo (MCS),Pizza,5.0,2745,Makati City,True,5.0
q0kl,Basil - MOA,Thai,4.9,112,Pasay City,True,4.9
q0kn,Ineng's Special BBQ - Main Avenue,Filipino,5.0,819,Quezon City,True,5.0
q0ko,Caramia Cakes & Gelato - Festival Mall,Cakes,5.0,660,Muntinlupa City,True,5.0
q0lf,Kitsune Japanese Restaurant - Matina,Japanese,4.6,1280,Davao City Davao Del Sur,True,4.6
q0lw,Wing Zone - Araneta,Chicken,5.0,1548,Quezon City,True,5.0
q0ml,Shakey's Pizza - Lourdes,Pizza,4.9,2745,San Juan,True,4.9
q0mn,Wadough's - Maginhawa,Cakes,5.0,140,Quezon City,True,5.0
q0mo,Zark's Burgers - SM Mall of Asia,American,4.9,666,Pasay City,True,4.9
q0mq,Ginkaku Japanese Restaurant - Matina,Japanese,5.0,945,Davao City Davao Del Sur,True,5.0
q0nb,Greenwich - Nepo Mall Dagupan,Pizza,4.9,3484,Dagupan Pangasinan,True,4.9
q0ns,Queens at Bollywood - Greenbelt 3,Indian,4.9,553,Makati City,True,4.9
q0nx,Infinitea - DLSU,Milk Tea,5.0,3372,Manila,True,5.0
q0ox,Hong Kong Noodles and Dimsum House - Meycauyan,Chinese,5.0,617,Malolos Bulacan,True,5.0
q0pe,Boulangerie22 - Robinsons Place Manila,Cakes,5.0,1505,Manila,True,5.0
q0pi,Taters - Tulip Drive,Snacks,4.9,245,Davao City Davao Del Sur,True,4.9
q0pl,Ooma - Greenhills,Japanese,5.0,928,San Juan,True,5.0
q0qv,Happy Lemon - SM Mall of Asia,Fruit Shake,5.0,1294,Pasay City,True,5.0
q0ro,Gloria Maris - Gateway Mall,Chinese,5.0,336,Quezon City,True,5.0
q0rs,Shrimp Bucket - San Juan,Seafood,4.8,46,San Juan,True,4.8
q0rz,Akrotiri Real Greek Restobar - Alabang,Sandwiches,4.9,60,Muntinlupa City,True,4.9
q0s1,Mixue Ice Cream & Tea - Harrison Pasay,Milk Tea,5.0,219,Pasay City,True,5.0
q0sa,Go Bento - 9th Avenue,Japanese,5.0,7433,Taguig City,True,5.0
q0sb,Dunkin' Donuts - National Life 2,Donut,5.0,593,Makati City,True,5.0
q0sf,SumoSam - Abreeza,Japanese,5.0,485,Davao City Davao Del Sur,True,5.0
q0sm,Fely J's Kitchen - Uptown Mall,Sisig,5.0,232,Taguig City,True,5.0
q0tj,Dodoy's Grill House - P. Ocampo,Filipino,4.7,816,Makati City,True,4.7
q0tm,Din Tai Fung - Rockwell,Asian,5.0,2144,Makati City,True,5.0
q0ua,Mai Wei Fang - Robinsons Manila,Noodles,4.9,199,Manila,True,4.9
q0ui,Greenwich - DD Meridian,Pizza,5.0,3192,Pasay City,True,5.0
q0un,Giardino Gelato - SM Lanang,Ice Cream,5.0,134,Davao City Davao Del Sur,True,5.0
q0uv,Chowking - San Joaquin,Fast Food,5.0,8426,Pasig City,True,5.0
q0vi,Peppy Olive - Valero,Chicken,5.0,471,Makati City,True,5.0
q0wd,Zark's Burgers - SM Manila,American,4.9,1177,Manila,True,4.9
q0wn,ECHOstore Sustainable Lifestyle - Buhangin,Western,5.0,226,Davao City Davao Del Sur,True,5.0
q0xq,Puesto Modern Mexican Comfort Food - Maginhawa,Wraps,5.0,654,Quezon City,True,5.0
q0yg,Mommy Lola's Native Lechon - Tionko,Lechon,4.9,936,Davao City Davao Del Sur,True,4.9
q0zz,Giardino Gelato - SM City,Ice Cream,5.0,220,Davao City Davao Del Sur,True,5.0
q115,Samgyupsalamat - San Juan,Korean,5.0,119,San Juan,True,5.0
q15v,Yanzi by Lido Cocina Tsina - Marikina,Rice Dishes,5.0,44,Marikina,True,5.0
q182,Turks - Robinsons Galleria,Shawarma,0.0,0,Quezon City,False,
q1ae,Subway - Pearl Drive,Sandwiches,5.0,2280,Pasig City,True,5.0
q1ap,Tetsuo - Loyola Heights,Chicken,5.0,2421,Quezon City,True,5.0
q1as,Gong cha - Galleria,Milk Tea,5.0,881,Mandaluyong City,True,5.0
q1aw,Zao - Promenade,Noodles,4.8,106,San Juan,True,4.8
q1bg,SaladStop! - Ortigas,Salads,5.0,2387,Pasig City,True,5.0
q1bs,Beiruti Bite Express - Market! Market!,Shawarma,4.9,3916,Taguig City,True,4.9
q1by,Max's Restaurant - Scout Tuazon,Chicken,4.9,735,Quezon City,True,4.9
q1cn,Kraken Takoyaki - Greenhills,Takoyaki,4.9,293,San Juan,True,4.9
q1cq,Señor Pollo - Ortigas,Chicken,5.0,1975,Pasig City,True,5.0
q1ct,Brothers Burger - Ayala Malls The 30th,Burgers,5.0,614,Pasig City,True,5.0
q1cy,Amici - BGC,Pizza,5.0,670,Taguig City,True,5.0
q1dj,FIC (Fruits in Ice Cream) - Powerplant Mall,Ice Cream,5.0,254,Makati City,True,5.0
q1do,Tipple and Slaw - Katipunan,Western,5.0,196,Quezon City,True,5.0
q1dx,BonChon - Bluewave,Chicken,5.0,4374,Marikina,True,5.0
q1ec,Gong cha - Araneta,Milk Tea,5.0,4769,Quezon City,True,5.0
q1el,La Panetteria Di Luigi - One Paseo,Western,4.9,512,Cebu City,True,4.9
q1ew,Salvatore Cuomo & Bar - Uptown Parade,Pizza,3.2,87,Taguig City,True,3.2
q1fy,Maisen- Shangri-la BGC,Japanese,5.0,1278,Taguig City,True,5.0
q1fz,Calderon - San Juan,Silog,4.8,167,San Juan,True,4.8
q1go,Hannah's Cassava Cakes and Cupcakes - Del Carmen,Cakes,5.0,1778,Marikina,True,5.0
q1hh,Plato Wraps - Manila,Wraps,5.0,309,Manila,True,5.0
q1hk,Pillows Hotel Cafe - Capitol Site,Filipino,5.0,589,Cebu City,True,5.0
q1hq,Sbarro - Uptown Mall BGC,Pizza,4.9,1224,Taguig City,True,4.9
q1hv,YDG Coffee - Mandala Park,Coffee,5.0,670,Mandaluyong City,True,5.0
q1je,Chili's - SM North Edsa,American,5.0,410,Quezon City,True,5.0
q1jg,Wildflour Cafe + Bakery - Greenhills,American,4.9,853,San Juan,True,4.9
q1lr,Pancake House - Harbor Square,American,5.0,521,Pasay City,True,5.0
q1ma,Ice Giants - Quimpo,Halo-Halo,5.0,466,Davao City Davao Del Sur,True,5.0
q1mc,Tenya Tempura Tendon - MOA,Japanese,5.0,284,Pasay City,True,5.0
q1nc,Chocolat Cakes - Addition Hills,Cakes,5.0,4002,San Juan,True,5.0
q1ni,Kabigting's HaloHalo - Congressional,Filipino,5.0,1368,Quezon City,True,5.0
q1o5,MOS Burger - Alabang,Burgers,5.0,100,Muntinlupa City,True,5.0
q1oc,Amare La Cucina - Canley,Pizza,4.9,878,Pasig City,True,4.9
q1on,McDonald's - Buendia,Fast Food,5.0,19021,Makati City,True,5.0
q1os,S&R New York Style Pizza - Cebu Warehouse,Pizza,5.0,3728,Cebu City,True,5.0
q1ow,A'Toda Madre - Makati Ave.,Wraps,5.0,326,Makati City,True,5.0
q1pt,Burger King - Raffles Bldg Emerald Ave,Burgers,5.0,5793,Pasig City,True,5.0
q1qd,S&R New York Style Pizza - Arvo Marikina,Pizza,5.0,6785,Marikina,True,5.0
q1qu,Army Navy - UST Dapitan,Burgers,5.0,7937,Manila,True,5.0
q1ra,Ponte Rialto Ristorante Italiano - Venice Grand Canal Mall,Pizza,5.0,47,Taguig City,True,5.0
q1rm,Krispy Kreme - Bonifacio High Street,Donut,5.0,1733,Taguig City,True,5.0
q1uc,"Chef Babs House of Sisig - U Mall, Taft Avenue",Sisig,5.0,1177,Manila,True,5.0
q1uh,Ersao - R Square,Coffee,5.0,747,Manila,True,5.0
q1vv,Pho Hoa - Tomas Morato,Noodles,5.0,1402,Quezon City,True,5.0
q1vw,Max's Restaurant - Pasig Downtown,Chicken,4.1,47,Pasig City,True,4.1
q1wn,Chatime - Uptown,Milk Tea,5.0,1603,Taguig City,True,5.0
q1xg,Lydia's Lechon - Roces,Filipino,4.9,1008,Quezon City,True,4.9
q1xl,Juan's Bistro - McKinley Hill,Filipino,5.0,314,Taguig City,True,5.0
q1xp,Frankie's New York Buffalo Wings - Pasig Kapitolyo,Chicken Wings,5.0,4934,Pasig City,True,5.0
q1xv,Totoy's Panciteria - Marikina,Filipino,5.0,1823,Marikina,True,5.0
q1xx,Ramen Nagi x Tendon Akimitsu - Trinoma,Ramen,4.9,80,Quezon City,True,4.9
q1yd,SaladStop! - Salcedo,Salads,5.0,4257,Makati City,True,5.0
q1yg,Greenwich - Rufino Tower,Pizza,5.0,9503,Makati City,True,5.0
q1yv,Big Guys! Pizza 36 inches - Gil Puyat,Pizza,4.6,259,Makati City,True,4.6
q1yz,Lydia's Lechon - Marcos Highway,Filipino,4.9,814,Marikina,True,4.9
q1zb,Ersao - Banawe Street,Thai,5.0,790,Quezon City,True,5.0
q1ze,Manilachon - Robinsons Galleria,Filipino,4.7,396,Quezon City,True,4.7
q1zn,Azucar Boulangerie and Patisserie - Dona Hemady,Cakes,5.0,2750,Quezon City,True,5.0
q22c,Paluto by Trinity Dampa - Sampaloc Manila,Seafood,5.0,54,Manila,True,5.0
q23t,24/7 Eats - Makati,American,5.0,2352,Makati City,True,5.0
q257,Popeyes Chicken - Strata 2000,Chicken,4.8,1278,Pasig City,True,4.8
q2ad,Super Bowl of China - Malate,Chinese,5.0,1054,Manila,True,5.0
q2ae,RACKS - Paseo De Magallanes,American,5.0,1765,Makati City,True,5.0
q2ah,Pho Hoa - Parklane,Noodles,5.0,949,Pasig City,True,5.0
q2ap,Big Guys! Pizza - Shaw Blvd.,Pizza,5.0,1420,Mandaluyong City,True,5.0
q2bc,Army Navy - Scape,Burgers,5.0,2867,Pasay City,True,5.0
q2cd,BonChon - Clean Fuel Pioneer,Chicken,5.0,5428,Mandaluyong City,True,5.0
q2cr,Barcino - Vertis North,Pasta,4.5,119,Quezon City,True,4.5
q2dj,Nihonkai Tsukiji Japanese Restaurant - Upper Mckinley Rd.,Japanese,5.0,441,Taguig City,True,5.0
q2em,Tomodachi Japanese Food Station - Redwood Street,Salads,4.7,1287,Marikina,True,4.7
q2en,Tapa King - L&Y Plaza,Filipino,5.0,1652,Pasig City,True,5.0
q2ez,Persia Grill - Taguig,Middle Eastern,5.0,1499,Taguig City,True,5.0
q2fc,Pancake House - El Molito,American,5.0,981,Muntinlupa City,True,5.0
q2fg,The HOB: The House Of Bagnet - Shorthorn Street,Filipino,5.0,1334,Quezon City,True,5.0
q2gy,Mang Rudy's Tuna Grill & Papaitan - Ayala Mall,Filipino,5.0,495,Makati City,True,5.0
q2hc,Army Navy - Commerce Avenue,Burgers,5.0,4084,Muntinlupa City,True,5.0
q2hf,The Wholesome Table - BGC,Filipino,5.0,629,Taguig City,True,5.0
q2hi,Pure Nectar - Glorietta 4,Fruit Shake,5.0,13,Makati City,True,5.0
q2hp,Buffalo's Wings N' Things - Megamall,Chicken Wings,5.0,957,Mandaluyong City,True,5.0
q2hq,French Baker - Unimart Greenhills,Bread,5.0,99,San Juan,True,5.0
q2ic,Chili's - BGC,American,4.9,1684,Taguig City,True,4.9
q2ja,Auntie Anne's - Paseo Center,Bread,5.0,1066,Makati City,True,5.0
q2jc,Banh Mi Kitchen - Mandala Park,Sandwiches,5.0,888,Mandaluyong City,True,5.0
q2jo,Hickory Burger - Manila,Burgers,4.9,286,Manila,True,4.9
q2jq,Max's Restaurant - SM San Lazaro,Chicken,5.0,849,Manila,True,5.0
q2jr,Pizza Express - Uptown BGC,Pizza,5.0,1015,Taguig City,True,5.0
q2jv,Barcino - SM Aura,Pasta,4.3,103,Taguig City,True,4.3
q2kb,Dunkin' - New Panaderos,Coffee,5.0,856,Manila,True,5.0
q2kk,Hanamaruken Ramen - The Grove,Japanese,5.0,712,Pasig City,True,5.0
q2ks,Max's Restaurant - Vista Mall,Chicken,5.0,392,Taguig City,True,5.0
q2lw,Maisen - Greenbelt 5,Japanese,5.0,1556,Makati City,True,5.0
q2my,Yellow Cab - Espana,Pizza,5.0,2682,Manila,True,5.0
q2nk,Shi Lin - Estancia,Chinese,5.0,352,Pasig City,True,5.0
q2oa,Army Navy - Blue Bay Walk,Burgers,5.0,1269,Pasay City,True,5.0
q2oj,Wildflour Cafe + Bakery - Rockwell,American,5.0,567,Makati City,True,5.0
q2on,Chatime - Shell Julia Vargas,Milk Tea,5.0,1648,Pasig City,True,5.0
q2pn,SaladStop! - Greenhills,Salads,5.0,3182,San Juan,True,5.0
q2ps,Happy Lemon - BGC,Milk Tea,5.0,4472,Taguig City,True,5.0
q2q0,Teriyaki Boy - Scout Tuason,Japanese,4.7,57,San Juan,True,4.7
q2qd,Goto Believe - Kapitolyo,Filipino,5.0,2675,Pasig City,True,5.0
q2qo,Army Navy - Taft,Burgers,5.0,9401,Manila,True,5.0
q2qv,Fat Jim's Steak House - FLC Center,American,5.0,570,Cebu City,True,5.0
q2qz,Ramen Kamekichi - Gorordo Avenue,Japanese,4.9,687,Cebu City,True,4.9
q2rq,Dencio's Kamayan - SM Ecoland,Filipino,5.0,1260,Davao City Davao Del Sur,True,5.0
q2se,Chikoy's Lugawan - Torres,Porridge,5.0,9195,Davao City Davao Del Sur,True,5.0
q2sm,George and Onnie's Filipino Restaurant - Salcedo,Filipino,5.0,823,Makati City,True,5.0
q2sy,Kublai Khan - Ayala Center Cebu,Rice Bowl,5.0,1654,Cebu City,True,5.0
q2sz,Yellow Cab - SM Mezza Residences,Pizza,5.0,2755,Quezon City,True,5.0
q2t2,Pedal Cafe - Ayala Malls Feliz,Coffee,5.0,14,Pasig City,True,5.0
q2td,Royaltea Philippines - Taft Residences,Beverages,5.0,1805,Manila,True,5.0
q2ue,Ineng's Special BBQ - Market Market,Filipino,5.0,1557,Taguig City,True,5.0
q2ur,Harley's Burgers and Shakes - C.M Recto,Burgers,4.9,510,Davao City Davao Del Sur,True,4.9
q2vf,S&R New York Style Pizza - Festival Mall,Pizza,5.0,1909,Muntinlupa City,True,5.0
q2vy,Lots'a Pizza - Evangelista Makati,Pizza,5.0,2801,Makati City,True,5.0
q2wh,Nitro 7 Coffee & Tea Bar - Eastwood,Coffee,5.0,177,Quezon City,True,5.0
q2wl,Chocolat Cakes - Makati,Cakes,5.0,4816,Manila,True,5.0
q2xv,Taters - Market! Market!,Snacks,5.0,762,Taguig City,True,5.0
q2xz,Ramen Nagi x Tendon Akimitsu - Ayala Malls The 30th,Ramen,4.9,185,Pasig City,True,4.9
q2zs,Army Navy - Hampton Garden,Burgers,5.0,2399,Pasig City,True,5.0
q305,Tah-Mee - Ayala Terraces,Desserts,4.9,146,Cebu City,True,4.9
q307,Grippy's - Comembo Taguig,Burgers,0.0,0,Taguig City,False,
q360,HONEYJUBU -  PROMENADE MALL GREENHILLS,Filipino,0.0,0,San Juan,False,
q3ai,Sbarro - Robinsons Magnolia,Pizza,5.0,1185,Quezon City,True,5.0
q3ap,Shakey's Pizza - JP Rizal,Pizza,5.0,2627,Makati City,True,5.0
q3aq,Army Navy  - Abreeza Mall,Burgers,5.0,3668,Davao City Davao Del Sur,True,5.0
q3b3,Haro Haro - Luzon Avenue,Milk Tea,5.0,40,Quezon City,True,5.0
q3be,McDonald's - Northgate Fastbytes,Fast Food,4.9,8972,Muntinlupa City,True,4.9
q3cg,BO's Coffee - Light Mall,Coffee,5.0,5320,Mandaluyong City,True,5.0
q3cp,BO's Coffee - Ayala 3 Terraces,Coffee,5.0,3890,Cebu City,True,5.0
q3du,Greenwich - Baliwag Bayan,Pizza,5.0,1587,Malolos Bulacan,True,5.0
q3eb,Super Bowl of China - SM Megamall,Chinese,5.0,1261,Mandaluyong City,True,5.0
q3ee,Tenya Tempura Tendon - SM Megamall,Japanese,5.0,794,Mandaluyong City,True,5.0
q3en,Greenwich - Robinson's Metro  East,Pizza,4.9,692,Pasig City,True,4.9
q3eu,Lartizan - Ayala Malls The 30th,Bread,5.0,161,Pasig City,True,5.0
q3ew,BonChon - Market Market,Fast Food,5.0,6549,Taguig City,True,5.0
q3fr,Swagat at Columns,Indian,4.9,4929,Makati City,True,4.9
q3gr,Wangfu Chinese Cafe - Il Terrazzo,Chinese,5.0,604,Quezon City,True,5.0
q3gy,George and Onnie's Filipino Restaurant - BGC,Filipino,5.0,1074,Taguig City,True,5.0
q3gy,George and Onnie's (Little Flour) Filipino Restaurant - BGC,Filipino,5.0,1065,Taguig City,True,5.0
q3hi,Nanbantei of Tokyo - Alabang,Japanese,5.0,267,Muntinlupa City,True,5.0
q3hv,Ka Tunying’s - Visayas Ave,Filipino,5.0,1772,Quezon City,True,5.0
q3ib,CargoFish - Taguig,Seafood,5.0,993,Taguig City,True,5.0
q3ie,Tittos Latin BBQ & Brew - Kapitolyo,Western,2.0,273,Pasig City,True,2.0
q3ik,Brothers Burger - High Street,Burgers,5.0,1545,Taguig City,True,5.0
q3iz,S&R New York Style Pizza - Shaw Warehouse,Pizza,4.9,7013,Mandaluyong City,True,4.9
q3jj,Burger King - Ortigas Roosevelt San Juan,Burgers,5.0,7434,San Juan,True,5.0
q3jk,Soul Kitchen Co. - Torres St.,Healthy,5.0,2611,Davao City Davao Del Sur,True,5.0
q3jo,ATM House of Noodles - NGI,Filipino,5.0,1331,Marikina,True,5.0
q3jr,Wild West Roadhouse Grill - Bonifacio High Street,American,5.0,682,Taguig City,True,5.0
q3lq,Prominent - D.Tuazon,Coffee,4.9,188,Quezon City,True,4.9
q3lr,Claudette's I Love Cakes - Easton Place,Cakes,5.0,1059,Quezon City,True,5.0
q3mv,Gong cha - SM Seaside,Milk Tea,5.0,1492,Cebu City,True,5.0
q3ng,S&R New York Style Pizza - Ayala 6789,Pizza,5.0,7501,Makati City,True,5.0
q3nr,Señor Pollo - Legaspi,Chicken,5.0,1690,Makati City,True,5.0
q3nx,Shakey's Pizza - IT Park,Pizza,5.0,1456,Cebu City,True,5.0
q3om,Happy Lemon - Festival,Milk Tea,5.0,1212,Muntinlupa City,True,5.0
q3op,RACKS - Robinsons Manila,American,5.0,2062,Manila,True,5.0
q3pd,Ella's Bakeshop - Tolentino St.,Desserts,5.0,579,Pasay City,True,5.0
q3pe,Gerry's Grill - SM Lanang,Filipino,5.0,425,Davao City Davao Del Sur,True,5.0
q3qe,M bakery - One Bonifacio High,Cakes,5.0,1159,Taguig City,True,5.0
q3qm,Greenwich - SM East Ortigas,Pizza,5.0,3623,Pasig City,True,5.0
q3qu,8CUTS - Serendra,Burgers,5.0,3468,Taguig City,True,5.0
q3rc,The Wholesome Table - Salcedo,Filipino,4.9,706,Makati City,True,4.9
q3rj,Empanada Nation - Taguig,Filipino,5.0,2303,Taguig City,True,5.0
q3su,Feta Mediterranean - Intrawest Center,Middle Eastern,5.0,277,San Juan,True,5.0
q3tk,Chocolat Cakes - Loyola Heights,Cakes,5.0,2928,Quezon City,True,5.0
q3tt,French Baker - Lucky Chinatown Mall,Bread,5.0,203,Manila,True,5.0
q3ve,Cupcakes by Sonja - Megamall,Cakes,5.0,371,Mandaluyong City,True,5.0
q3vj,Pondok Rasa - Palanan,Rice Dishes,5.0,3938,Makati City,True,5.0
q3vj,Pondok Rasa - Urban Avenue,Rice Dishes,5.0,3917,Makati City,True,5.0
q3wc,Ooma - Rockwell,Japanese,4.9,799,Makati City,True,4.9
q3wi,Bacolod-Chk-n-BBQ House - SM MOA,Chicken,4.8,51,Pasay City,True,4.8
q3xk,Sbarro - SM MOA North,Pizza,5.0,586,Pasay City,True,5.0
q3xl,Y Cafe - Don Chua Lamko Bldg.,Western,2.5,94,Makati City,True,2.5
q3xy,Coffee Project - Wiltower,Coffee,5.0,202,Quezon City,True,5.0
q3yj,Agave Mexican Cantina - Circuit,Snacks,4.9,53,Makati City,True,4.9
q3yk,Big Guys! Pizza 36 inches - A.H. Lacson Street,Pizza,5.0,118,Manila,True,5.0
q3za,Crazy Wings - Maginhawa,American,5.0,1615,Quezon City,True,5.0
q3zc,Burger King - E. Rodriguez Ave Q.C,Burgers,5.0,10949,Quezon City,True,5.0
q3zd,Brothers Burger - Trinoma,Burgers,5.0,478,Quezon City,True,5.0
q3zg,Shrimp Bucket - Trinoma,Seafood,5.0,83,Quezon City,True,5.0
q3zs,Shrimp Bucket - Taguig,Seafood,4.9,272,Taguig City,True,4.9
q41n,Vista Hotel & Restaurant - CM Recto,Filipino,5.0,86,Manila,True,5.0
q444,Don Benito's - Boni B,Cakes,5.0,150,Mandaluyong City,True,5.0
q466,Ilongga Bacolod Chicken Inasal House - Ramos,Coffee,5.0,77,Cebu City,True,5.0
q49l,Dencio's - Banawe,Filipino,0.0,0,Quezon City,False,
q4ac,RACKS - Greenhills,American,5.0,1255,San Juan,True,5.0
q4ar,Nanbantei of Tokyo - BGC,Japanese,4.9,782,Taguig City,True,4.9
q4bk,8CUTS - Alabang Town Center,Burgers,5.0,1821,Muntinlupa City,True,5.0
q4bn,Majestea - UM Matina,Milk Tea,5.0,1176,Davao City Davao Del Sur,True,5.0
q4bu,French Baker - South Supermarket Alabang,Bread,5.0,101,Muntinlupa City,True,5.0
q4bx,Dahon - Dahan Salad Bowls,Healthy,5.0,155,Quezon City,True,5.0
q4ch,S&R New York Style Pizza - Aseana Warehouse,Pizza,5.0,3440,Pasay City,True,5.0
q4ck,Sy Bee Tin - Tionko,Korean,4.9,563,Davao City Davao Del Sur,True,4.9
q4cl,Conlu Bread and Pastry Shop - Bangkal,Cakes,5.0,2243,Davao City Davao Del Sur,True,5.0
q4dg,The Sandwich Guy - Robinsons Summit,Sandwiches,5.0,1961,Makati City,True,5.0
q4eb,Army Navy - McKinley,Burgers,5.0,4080,Taguig City,True,5.0
q4ed,Max's Restaurant - BGC Stop Over,Chicken,5.0,1514,Taguig City,True,5.0
q4ee,Chowking - Waltermart Don Bosco,Fast Food,4.9,7139,Makati City,True,4.9
q4em,McDonald's - EDSA Boni,Fast Food,5.0,15667,Mandaluyong City,True,5.0
q4g2,Poke Bowls - Streetscape,Healthy,5.0,80,Cebu City,True,5.0
q4gg,Tori Box - Banawe,Japanese,5.0,1964,Quezon City,True,5.0
q4gm,McDonald's - JP Rizal Marikina,Fast Food,5.0,20081,Marikina,True,5.0
q4hc,Ramen Cool Japanese Restaurant - Pasig,Japanese,5.0,1249,Pasig City,True,5.0
q4hf,Jiang Nan Hotpot - Paseo,Chinese,4.4,40,Makati City,True,4.4
q4hv,Plato Wraps - SM Megamall,Wraps,5.0,145,Mandaluyong City,True,5.0
q4iu,Cinnabon - SM North Edsa,Bread,5.0,731,Quezon City,True,5.0
q4js,Army Navy - Greenhills,Burgers,5.0,1727,San Juan,True,5.0
q4kb,Gerry's Grill - Circuit Makati,Filipino,4.9,567,Makati City,True,4.9
q4kn,Propaganda Vietnamese Bistro - Greenbelt,Asian,4.6,77,Makati City,True,4.6
q4kw,Shawarma Sham - Manila,Shawarma,4.7,5025,Manila,True,4.7
q4lb,Sbarro - SM Megamall - Building A,Pizza,4.9,1137,Mandaluyong City,True,4.9
q4lo,Poison Coffee & Doughnuts - Karrivin Plaza,Donut,5.0,201,Makati City,True,5.0
q4lt,Doy's Homemade Delicacies - SM Ecoland (formerly Jaltan),Filipino,5.0,801,Davao City Davao Del Sur,True,5.0
q4lu,Barcino - Ortigas,Pasta,5.0,110,Pasig City,True,5.0
q4mg,Shakey's Pizza - Bayani Road,Pizza,5.0,1973,Taguig City,True,5.0
q4mi,Rackshack - Circuit Makati,American,5.0,912,Makati City,True,5.0
q4mj,JiPan - Estancia,Sandwiches,5.0,976,Pasig City,True,5.0
q4mt,Cinnabon - SM Aura,Bread,5.0,1128,Taguig City,True,5.0
q4my,The Little Joy Bakery - Serendra,Cakes,5.0,3145,Taguig City,True,5.0
q4ni,Chili's - Greenhills,American,4.9,1084,San Juan,True,4.9
q4od,Army Navy - Valero,Burgers,5.0,2152,Makati City,True,5.0
q4om,Chowking - Grand Mall Basak,Fast Food,5.0,7965,Lapu-Lapu City Cebu,True,5.0
q4ox,Laobeijing 老北京 - San Juan,Chinese,5.0,337,San Juan,True,5.0
q4pm,Lido Cocina Tsina - Mindanao Ave.,Chinese,5.0,1082,Quezon City,True,5.0
q4ps,99 Ramen - JY Square Mall,Japanese,5.0,1835,Cebu City,True,5.0
q4qg,Lowcal Salad + Wraps - Cybergate,Salads,5.0,1815,Cebu City,True,5.0
q4rg,Santiago Filipino Restaurant - Katipunan Avenue,Filipino,4.9,135,Quezon City,True,4.9
q4rn,French Baker - Makati Supermarket Alabang,Bread,5.0,47,Muntinlupa City,True,5.0
q4rx,Nitro 7 Coffee & Tea Bar - Robinsons Magnolia,Coffee,5.0,431,Quezon City,True,5.0
q4sa,Super Bowl of China Party Trays (Pre-Order) - Malate,Chinese,4.5,19,Manila,True,4.5
q4sq,Restoran Garuda - Salcedo,Rice Dishes,5.0,1661,Makati City,True,5.0
q4ta,The Porch by Casa Verde - Sikatuna Village,Rice Dishes,5.0,513,Quezon City,True,5.0
q4tb,Chocolat Cakes - Malate,Cakes,5.0,2538,Manila,True,5.0
q4uf,Laboratoire Cafe - Davao,Coffee,5.0,81,Davao City Davao Del Sur,True,5.0
q4um,Jollibee - Marikina Bayan,Fast Food,5.0,4801,Marikina,True,5.0
q4un,Burger King - Robinsons Ermita,Burgers,5.0,6235,Manila,True,5.0
q4vx,K Steaks Unlimited - Matina,Western,5.0,520,Davao City Davao Del Sur,True,5.0
q4vz,Yellow Cab - Pritil,Pizza,5.0,1069,Manila,True,5.0
q4wa,Bonchon Chicken - One Ecom,Fried Chicken,4.9,1674,Pasay City,True,4.9
q4wl,BO's Coffee - Three World Square,Coffee,5.0,5745,Taguig City,True,5.0
q4xw,Banh Mi Kitchen - Greenhills Mall Shoppeville,Asian,5.0,633,San Juan,True,5.0
q4xz,Burger King - BGC Mckinley Park Residences,Burgers,5.0,11887,Taguig City,True,5.0
q4yq,Ossu - Robinsons Magnolia,Japanese,4.3,349,Quezon City,True,4.3
q4yr,The Moroccan Lady’s Authentic Tagines,Unknown,5.0,721,Makati City,True,5.0
q4yu,Hanako - The Rock,Japanese,5.0,601,Quezon City,True,5.0
q4yv,Authentic Chinese Cuisine - Marikina,Chinese,4.9,786,Marikina,True,4.9
q574,My Thai Kitchen - Ayala Malls Feliz,Chicken,4.9,46,Pasig City,True,4.9
q58x,Takashi Japanese Cuisine - Pioneer Street,Japanese,0.0,0,Pasig City,False,
q5aa,Ineng's Special BBQ - La Vista,Filipino,5.0,579,Quezon City,True,5.0
q5as,Teriyaki Boy - Cash and Carry,Japanese,5.0,798,Makati City,True,5.0
q5ax,Auntie Anne's - Pasig,Bread,5.0,736,Pasig City,True,5.0
q5bc,Aboy's Fresh Lumpia - Shopwise Commonwealth,Filipino,5.0,361,Quezon City,True,5.0
q5bh,Red Ribbon - Waltermart Pasong Tamo,Cakes,5.0,2539,Makati City,True,5.0
q5cl,The Snack Shack - Sikatuna Village,Burgers,5.0,152,Quezon City,True,5.0
q5dv,Chili's - Robinsons QC,American,5.0,350,Quezon City,True,5.0
q5dy,French Baker - SM Seaside Cebu,Bread,5.0,189,Cebu City,True,5.0
q5ei,Chili's - Greenbelt 5,American,5.0,2254,Makati City,True,5.0
q5fu,SaladStop! - Mall of Asia (MOA),Salads,5.0,1907,Pasay City,True,5.0
q5gg,French Baker - Pioneer,Bread,5.0,628,Pasig City,True,5.0
q5gv,GoodAh - Granada,Filipino,5.0,2247,Quezon City,True,5.0
q5hn,BO's Coffee - IT Park,Coffee,5.0,4545,Cebu City,True,5.0
q5hs,Plato Wraps - Medical City,Wraps,4.9,20,Pasig City,True,4.9
q5ju,Cinnabon - Estancia Mall,Bread,5.0,615,Pasig City,True,5.0
q5lh,RACKS - MOA,American,5.0,273,Pasay City,True,5.0
q5m8,LING CHAN RESTAURANT - PANORAMA STREET,Chinese,4.7,10,Marikina,True,4.7
q5ml,Super Bowl of China - SM Mall of Asia,Chinese,5.0,455,Pasay City,True,5.0
q5na,Jiang Nan Hotpot - MOA,Chinese,4.6,7,Pasay City,True,4.6
q5nk,Auntie Anne's - MOA,Bread,5.0,374,Pasay City,True,5.0
q5ns,McDonald's - Concepcion Marikina,Fast Food,4.9,30396,Marikina,True,4.9
q5nx,Ojisan Yakitori Bar - Congressional,Japanese,4.9,1097,Quezon City,True,4.9
q5oi,Tako Depot Takoyaki - Ayala Malls Feliz,Takoyaki,4.9,228,Quezon City,True,4.9
q5ou,SaladStop! - Alabang Town Center (ATC),Salads,5.0,3305,Muntinlupa City,True,5.0
q5oy,NatuReal Juice - Gaisano Mall,Filipino,5.0,133,Davao City Davao Del Sur,True,5.0
q5pv,Empanada Nation - San Lorenzo Place,Filipino,5.0,807,Makati City,True,5.0
q5px,Greenwich - Valencia Reloc,Pizza,5.0,2680,Valencia Bukidnon,True,5.0
q5py,RACKS - SM Seaside,American,4.9,434,Cebu City,True,4.9
q5pz,Fat Fook Kitchen - Glorietta,Healthy,5.0,155,Makati City,True,5.0
q5qb,Pino Restaurant and Pipino Veg - Teachers Village,Snacks,5.0,685,Quezon City,True,5.0
q5qf,My Thai Kitchen - Festival 1,Chicken,4.8,292,Muntinlupa City,True,4.8
q5qs,Beyond The Flavors - Banawe Street,Ice Cream,5.0,760,Quezon City,True,5.0
q5ra,French Baker - SM Lanang Fountain,Bread,5.0,329,Davao City Davao Del Sur,True,5.0
q5rm,Barcino - Rockwell,Pasta,4.9,217,Makati City,True,4.9
q5rp,Sunburst Fried Chicken - Davao,Filipino,5.0,975,Davao City Davao Del Sur,True,5.0
q5sb,Ramen Nagi - Signa,Lechon,4.9,354,Makati City,True,4.9
q5sq,RACKS - Megamall,American,4.9,2297,Mandaluyong City,True,4.9
q5sv,Coffee Project - Vista Heights Legarda,Coffee,4.9,294,Manila,True,4.9
q5sy,Fat Fook Taiwanese Kitchen - SM North Edsa,Healthy,4.8,155,Quezon City,True,4.8
q5tf,Mazendo x Chatime - Frabelle Corporate Plaza,Milk Tea,4.9,917,Makati City,True,4.9
q5u9,FEI FEI by Choi Garden - Uptown Mall,Chinese,0.0,0,Taguig City,False,
q5uf,Beiruti Bite Express - Taguig,Shawarma,5.0,4988,Taguig City,True,5.0
q5uj,Ineng's Special BBQ - Pasig,Filipino,4.9,170,Pasig City,True,4.9
q5uk,Kuya J Restaurant - Grace Mall,Filipino,4.9,1691,Taguig City,True,4.9
q5ur,Super Panda Modern Chinese Canteen - N. Domingo,Seafood,5.0,2354,San Juan,True,5.0
q5va,Menya Noodle and Bento Bar - Greenhills Promenade,Ramen,5.0,703,Mandaluyong City,True,5.0
q5vd,Army Navy - Ayala Center Cebu,Burgers,5.0,2596,Cebu City,True,5.0
q5vo,Infinitea - Mayon,Milk Tea,5.0,2192,Davao City Davao Del Sur,True,5.0
q5vq,Bonchon - SM City Cebu,Chicken,5.0,2282,Cebu City,True,5.0
q5wb,Sbarro - SM City San Lazaro,Pizza,5.0,1142,Manila,True,5.0
q5xq,Gerry's Grill - SM City Sta. Mesa,Filipino,5.0,813,Quezon City,True,5.0
q5yb,Frankie's New York Buffalo Wings - SM North EDSA,Chicken Wings,5.0,3502,Quezon City,True,5.0
q5ye,Takamura Sushi & Ramen - Concepcion Avenue,Sushi,4.9,909,Pasig City,True,4.9
q5yo,Kebab & Curry - Jupiter,Indian,4.8,84,Makati City,True,4.8
q5yu,Pho Hoa - Netpark,Noodles,5.0,2973,Taguig City,True,5.0
q5zo,Jollibee - Cebu Lapu-lapu,Fast Food,5.0,11371,Lapu-Lapu City Cebu,True,5.0
q65w,T.F.F - Tarsier Fried Food - Binondo,Fast Food,4.9,386,Manila,True,4.9
q66h,Pizza Press - Enriquez Street,Pizza,0.0,0,Makati City,False,
q67x,NoKal - Makati,Burgers,0.0,0,Makati City,False,
q6aq,Hanamaruken Ramen - Trinoma,Japanese,5.0,587,Quezon City,True,5.0
q6bb,Big Guys! Pizza 36 Inches - Quirino Highway,Pizza,5.0,117,Quezon City,True,5.0
q6bo,BO's Coffee - Glorietta 5,Coffee,5.0,2593,Makati City,True,5.0
q6bq,Beyond The Flavors - Vertex One,Ice Cream,5.0,257,Manila,True,5.0
q6br,Yellow Cab - Portal,Pizza,5.0,2324,Mandaluyong City,True,5.0
q6bw,O' Banh Mi - Ayala 30th,Snacks,5.0,110,Pasig City,True,5.0
q6cd,Abuelo's - Damosa,Filipino,4.9,1262,Davao City Davao Del Sur,True,4.9
q6cl,Din Tai Fung - Greenbelt,Asian,5.0,3773,Makati City,True,5.0
q6cz,Auntie Anne's - Greenhills,Bread,5.0,567,San Juan,True,5.0
q6di,Auntie Anne's - SM Marikina Mall,Bread,5.0,571,Marikina,True,5.0
q6do,BO's Coffee - SM Davao,Coffee,5.0,2133,Davao City Davao Del Sur,True,5.0
q6dt,Tenya Tempura Tendon - SM Southmall,Japanese,5.0,737,Muntinlupa City,True,5.0
q6eh,Pepper Tree Foods - The Pop Up,Indian,5.0,511,Quezon City,True,5.0
q6eu,Mexicali - SM Megamall,Wraps,5.0,684,Mandaluyong City,True,5.0
q6fk,McDonald's - Davao Bajada,Fast Food,5.0,21541,Davao City Davao Del Sur,True,5.0
q6fr,Taters - Century City Mall,Snacks,5.0,1345,Makati City,True,5.0
q6gm,Tebaski - Malapantao Street,Chicken Wings,4.9,1084,Mandaluyong City,True,4.9
q6hf,Coffee Project - Shaw515,Coffee,4.6,582,Mandaluyong City,True,4.6
q6hg,Sbarro - Market! Market!,Pizza,5.0,537,Taguig City,True,5.0
q6hj,Coldlayers Cafe - Fishermall,Filipino,5.0,510,Quezon City,True,5.0
q6hs,Greenwich - Fairview Terraces,Pizza,5.0,1735,Quezon City,True,5.0
q6iq,Burger King - Marcos Highway,Burgers,5.0,9153,Marikina,True,5.0
q6kb,Rekado Filipino Comfort Cuisine - Jacinto Extension,Filipino,4.9,530,Davao City Davao Del Sur,True,4.9
q6kc,Happy Garden Cafe - Makati,Rice Bowl,4.9,351,Makati City,True,4.9
q6kf,Max's Restaurant - Intramuros,Chicken,5.0,211,Manila,True,5.0
q6lf,S&R New York Style Pizza - Lucky Chinatown Mall,Pizza,4.9,5200,Manila,True,4.9
q6ls,Cafe Sanso - V Cruz,Seafood,4.9,328,San Juan,True,4.9
q6me,Wing Zone - Feliz,Chicken,5.0,703,Marikina,True,5.0
q6nc,Cafe Aquatica - Binondo,American,4.6,71,Manila,True,4.6
q6ns,Max's Restaurant - Malolos Kapitolyo,Chicken,5.0,458,Malolos Bulacan,True,5.0
q6op,Lydia's Lechon - Baclaran,Filipino,4.9,574,Pasay City,True,4.9
q6p9,Basta Pasta - Manila,Pasta,4.9,578,Manila,True,4.9
q6pf,Tori Yamu - SM Lanang,Japanese,5.0,965,Davao City Davao Del Sur,True,5.0
q6ph,Kalye't Kusina Resto - J Abad Santos,Fried Chicken,5.0,652,Davao City Davao Del Sur,True,5.0
q6px,Boulangerie22 - Greenfield,Cakes,5.0,4221,Mandaluyong City,True,5.0
q6qp,Subway - Festival Mall,Sandwiches,5.0,582,Muntinlupa City,True,5.0
q6qr,Alibaba Shawarma - Mamay,Shawarma,5.0,2498,Davao City Davao Del Sur,True,5.0
q6sb,Via Milk Tea Cafe - Metlive Mall,Milk Tea,4.9,838,Pasay City,True,4.9
q6sh,Little Seed - Katipunan,Healthy,5.0,779,Quezon City,True,5.0
q6sp,Sally's Homemade Kakanin - Fisher Mall,Filipino,5.0,268,Quezon City,True,5.0
q6sw,Raging Bull Burgers - BGC,Burgers,5.0,3296,Taguig City,True,5.0
q6sy,Pancake House - Scout Tuazon,American,5.0,841,San Juan,True,5.0
q6ud,Greenwich - WM Plaridel,Pizza,5.0,1960,Malolos Bulacan,True,5.0
q6uf,Silla Korean Restaurant - Tomas Morato,Korean,5.0,471,Quezon City,True,5.0
q6vc,SOUV! by Cyma - Molito,Seafood,5.0,235,Muntinlupa City,True,5.0
q6vo,Tenya Tempura Tendon - Magallanes,Japanese,5.0,1206,Makati City,True,5.0
q6wg,BonChon - Starmall,Chicken,5.0,1118,Mandaluyong City,True,5.0
q6wi,BonChon - Robinsons Galleria,Chicken,5.0,1843,Pasig City,True,5.0
q6wz,K Steak Unlimited - Marfori,BBQ,4.9,526,Davao City Davao Del Sur,True,4.9
q6xa,Infuso Coffee Outlet - General Maxilom,Coffee,5.0,1299,Cebu City,True,5.0
q6xl,Doming's Ngohiong - Pacific Tourist Inn,Chinese,5.0,2371,Cebu City,True,5.0
q6xn,The Giving Cafe - Sheridan,Filipino,5.0,835,Mandaluyong City,True,5.0
q6yd,McDonald's - Quirino,Fast Food,5.0,18323,Manila,True,5.0
q6yo,Red Ribbon - Bayani Road,Cakes,5.0,1469,Taguig City,True,5.0
q6yp,Auntie Anne's - Venice Mall,Bread,5.0,726,Taguig City,True,5.0
q6yv,Cupcakes by Sonja - BGC,Cakes,5.0,590,Taguig City,True,5.0
q6yw,S&R New York Style Pizza - SM Manila,Pizza,5.0,5206,Manila,True,5.0
q6zv,Manam - Molito,Filipino,5.0,1131,Muntinlupa City,True,5.0
q78l,Iblend Coffee Tea - Ballecer Street,Beverages,0.0,0,Taguig City,False,
q7ab,Overdoughs - Century Mall,Bread,5.0,214,Makati City,True,5.0
q7aq,Beni's Falafel - Poblacion,Middle Eastern,5.0,2237,Makati City,True,5.0
q7bp,Greenwich - Market Market,Pizza,5.0,6659,Taguig City,True,5.0
q7bu,Sally's Homemade Kakanin -  Robinsons Galleria,Filipino,5.0,208,Pasig City,True,5.0
q7cf,Chowking - Annapolis Albany,Fast Food,5.0,2827,San Juan,True,5.0
q7ck,Taters - Alabang Town Center,Snacks,5.0,720,Muntinlupa City,True,5.0
q7cu,Alter Ego European-Asian Fusion Bistro,Bread,4.9,134,Quezon City,True,4.9
q7cx,Kopi lah Roti - Davao,Coffee,5.0,434,Davao City Davao Del Sur,True,5.0
q7dj,Bake Works - Rockwell,Desserts,4.9,60,Makati City,True,4.9
q7dk,RACKS - Trinoma,American,5.0,556,Quezon City,True,5.0
q7dr,Kuya J Restaurant - Waltermart Makati,Filipino,5.0,2311,Makati City,True,5.0
q7dx,Zark's Burgers - Glorietta,American,5.0,1145,Makati City,True,5.0
q7ff,BonChon - Ayala Center Cebu,Chicken,5.0,6357,Cebu City,True,5.0
q7g1,Kanoffee Coffee Bar - SM Lanang,Coffee,5.0,566,Davao City Davao Del Sur,True,5.0
q7gj,The Old Spaghetti House - Congressional,Pasta,5.0,378,Quezon City,True,5.0
q7hb,Chowking - Marina Mall Mepz 1,Fast Food,5.0,5094,Lapu-Lapu City Cebu,True,5.0
q7hv,Pizza Telefono - Jupiter,Pizza,5.0,1969,Makati City,True,5.0
q7im,Subway - UST,Sandwiches,5.0,5754,Manila,True,5.0
q7iy,Habib restobar - The Portal,Biryani,5.0,757,Mandaluyong City,True,5.0
q7jc,Nanbantei of Tokyo - Greenbelt 3,Japanese,5.0,742,Makati City,True,5.0
q7jg,Mix Lounge D' Brook Brothers - Guadalupe Nuevo,Filipino,4.9,957,Makati City,True,4.9
q7kf,Red Brickhouse - Plainview,Filipino,4.7,190,Mandaluyong City,True,4.7
q7kj,Yellow Cab - Alabang,Pizza,5.0,1516,Muntinlupa City,True,5.0
q7kr,The Sandwich Guy - Worldwide Shaw,Sandwiches,5.0,2584,Mandaluyong City,True,5.0
q7lb,Ooma - Molito,Japanese,5.0,598,Muntinlupa City,True,5.0
q7lq,Hocho Japanese Restaurant - Alphaland,Sushi,4.9,41,Makati City,True,4.9
q7me,Gerry's Grill - Binondo,Filipino,5.0,400,Manila,True,5.0
q7mm,St. Marc Cafe - SM Megamall,Coffee,4.9,112,Mandaluyong City,True,4.9
q7my,Annipie Bakeshop - Ecoland,Cakes,5.0,1897,Davao City Davao Del Sur,True,5.0
q7nn,The Beer Factory - Mandaluyong,Beverages,4.7,95,Mandaluyong City,True,4.7
q7nq,Auntie Anne's - Waltermart,Bread,5.0,1149,Makati City,True,5.0
q7od,Kraken Takoyaki - Uptown Mall,Takoyaki,5.0,760,Taguig City,True,5.0
q7og,Jollibee - Greenhills,Fast Food,5.0,3761,San Juan,True,5.0
q7on,Lido Cocina Tsina - E. Rodriguez,Chinese,5.0,1437,Quezon City,True,5.0
q7oo,TONI & SERGIO Gastro Italiano - Taguig,Pasta,5.0,284,Taguig City,True,5.0
q7ot,SaladStop! - Megamall,Salads,5.0,3565,Mandaluyong City,True,5.0
q7ou,Shakey's Pizza - Tejeron Ke,Pizza,4.9,2372,Manila,True,4.9
q7pr,Happy Lemon - SM City Davao,Milk Tea,5.0,1859,Davao City Davao Del Sur,True,5.0
q7pu,Barcino - UP Town Center,Pasta,4.6,69,Quezon City,True,4.6
q7pz,Cucina Severino - Bajada,Desserts,5.0,650,Davao City Davao Del Sur,True,5.0
q7qa,Overdoughs - Eastwood,Bread,5.0,146,Pasig City,True,5.0
q7qp,S&R New York Style Pizza - McKinley,Pizza,5.0,8424,Taguig City,True,5.0
q7qt,Barcino - Santolan,Pasta,4.8,258,San Juan,True,4.8
q7qy,The Little Joy Bakery - ATC,Cakes,5.0,872,Muntinlupa City,True,5.0
q7rc,Persiana - Ortigas Technopoint,Middle Eastern,5.0,722,Pasig City,True,5.0
q7ri,Manokhan Roasters - Agdao,Filipino,5.0,2430,Davao City Davao Del Sur,True,5.0
q7rp,Max's Restaurant - Commonwealth,Chicken,5.0,457,Quezon City,True,5.0
q7ru,Jollibee - Makati Avenue,Fast Food,5.0,20085,Makati City,True,5.0
q7sw,Dunkin' - Juan Luna,Coffee,5.0,530,Manila,True,5.0
q7tg,Sbarro - Metro Gaisano,Pizza,5.0,1110,Muntinlupa City,True,5.0
q7ui,Sugarhouse - Rockwell,Cakes,5.0,228,Makati City,True,5.0
q7uk,Yellow Cab - Muntinlupa,Pizza,4.9,550,Muntinlupa City,True,4.9
q7um,Max's Restaurant - RPL Pioneer,Chicken,4.6,674,Mandaluyong City,True,4.6
q7vn,Wing Zone - MOA,Chicken,4.9,551,Pasay City,True,4.9
q7wc,Greenwich - BGC Stop Over Pavillion,Pizza,5.0,8960,Taguig City,True,5.0
q7wn,Pancake House - South Supermarket,American,4.9,324,Muntinlupa City,True,4.9
q7ww,Sbarro - Ayala Center Cebu,Pizza,5.0,2104,Cebu City,True,5.0
q7xf,8CUTS - Greenhills Promenade,Burgers,5.0,1608,San Juan,True,5.0
q7yj,Greenwich - PCU Taft,Pizza,5.0,7769,Manila,True,5.0
q7yn,Chili's - Alabang,American,4.9,841,Muntinlupa City,True,4.9
q7yx,Gerry's Grill - Fishermall,Filipino,5.0,497,Quezon City,True,5.0
q7za,Bollywood Tandoor - Cebu,Indian,4.9,4357,Cebu City,True,4.9
q7zg,Crying Tiger - Guanzon,Asian,4.9,2517,Makati City,True,4.9
q7zx,Tai Koo HK Roast - The Podium,Chinese,4.9,1624,Mandaluyong City,True,4.9
q87w,Siomura - Kapalaran Holy Spirit,Siomai,4.7,85,Quezon City,True,4.7
q87z,Redbox Pizza - Puregold C Raymundo Pasig,Pizza,0.0,0,Pasig City,False,
q8an,Sushi Moshi - Wilcon City Center,Sushi,5.0,962,Quezon City,True,5.0
q8bk,Dunkin' Donuts - Soleum,Donut,4.9,1472,Pasay City,True,4.9
q8cw,Señor Pollo - BGC,Chicken,5.0,2173,Taguig City,True,5.0
q8di,RACKS - Festival Mall,American,5.0,608,Muntinlupa City,True,5.0
q8gf,Siomai House - South Park,Siomai,5.0,652,Muntinlupa City,True,5.0
q8gi,Lido Cocina Tsina - Makati,Chinese,5.0,1195,Makati City,True,5.0
q8gm,Figaro - Felcris Sales,Pasta,5.0,199,Davao City Davao Del Sur,True,5.0
q8gs,Shakey's Pizza - SM Seaside Cebu,Pizza,5.0,1066,Cebu City,True,5.0
q8gy,BonChon - One Central Mall,Chicken,5.0,7119,Cebu City,True,5.0
q8ia,KEBOMB - Cubao,Middle Eastern,4.9,357,Quezon City,True,4.9
q8ic,Gerry's Grill - SM Megamall,Filipino,5.0,1825,Mandaluyong City,True,5.0
q8ij,Tenya Express - Market Market,Japanese,5.0,913,Taguig City,True,5.0
q8ir,Greenwich - Basak Mactan - Pueblo,Pizza,5.0,4725,Cebu City,True,5.0
q8iu,Greenwich - Phil Heart Center,Pizza,5.0,3660,Quezon City,True,5.0
q8iv,Gerry's Grill - Robinsons Place Manila,Filipino,5.0,1117,Manila,True,5.0
q8iy,Hocho Japanese Restaurant - Taft,Sushi,4.9,244,Manila,True,4.9
q8jz,Banh Mi Kitchen - SM Pasig,Sandwiches,5.0,922,Pasig City,True,5.0
q8kf,Kuya J Restaurant - Baclaran,Filipino,4.9,1515,Pasay City,True,4.9
q8ku,Manam - Greenhills,Filipino,4.9,1471,San Juan,True,4.9
q8ky,Nanette's Pancit Malabon - Aurora Blvd. Q.C.,Chinese,4.9,285,Quezon City,True,4.9
q8ld,Auntie Anne's - Shangrila Plaza Mall,Bread,5.0,764,Mandaluyong City,True,5.0
q8li,Banh Mi Kitchen - SM Megamall,Sandwiches,5.0,1135,Mandaluyong City,True,5.0
q8lj,Coffee Project - Libis,Coffee,4.9,125,Quezon City,True,4.9
q8lo,Brothers Burger - Filoil Flying V Centre,Burgers,5.0,290,San Juan,True,5.0
q8me,Sushi Nori - ATC,Sushi,5.0,578,Muntinlupa City,True,5.0
q8mi,Hoy Panga! - Katipunan,Seafood,5.0,509,Quezon City,True,5.0
q8mo,Mama's Little Secret Creative Burgers - Cabahug,Burgers,4.8,168,Cebu City,True,4.8
q8nc,Lido Cocina Tsina - UN Avenue,Chinese,4.9,718,Manila,True,4.9
q8nj,Gloria Maris - Eastwood Mall,Chinese,4.9,237,Quezon City,True,4.9
q8nn,Chili's - SM Megamall,American,5.0,1373,Mandaluyong City,True,5.0
q8or,Motorino Napoletana Pizzeria - ATC,Pizza,4.9,333,Muntinlupa City,True,4.9
q8pv,Burst - Primo De Riveria,Filipino,4.9,783,Makati City,True,4.9
q8qf,Main Street - Kapitolyo,Western,5.0,1569,Pasig City,True,5.0
q8qk,Sbarro - Green Mall,Pizza,5.0,1286,Manila,True,5.0
q8qr,Saboten - Serendra,Japanese,5.0,1275,Taguig City,True,5.0
q8qx,Yellow Cab - Mckinley Hill,Pizza,4.9,628,Taguig City,True,4.9
q8r9,Banapple - Circuit Makati,Cakes,5.0,65,Makati City,True,5.0
q8st,Om Indian Kitchen - The Grove,Indian,4.8,675,Pasig City,True,4.8
q8uf,Izakaya Sensu/Chotto Matte - Neo Building,Sushi,4.9,815,Taguig City,True,4.9
q8us,Beiruti Bite Express - Makati,Shawarma,4.9,7610,Makati City,True,4.9
q8uw,Milky Cakes & Sweets - Buhangin,Cakes,4.9,2317,Davao City Davao Del Sur,True,4.9
q8vk,Auntie Anne's - SM North Annex,Bread,5.0,860,Quezon City,True,5.0
q8vq,Chikaan - Abreeza Mall,Filipino,5.0,1420,Davao City Davao Del Sur,True,5.0
q8vz,Plato Wraps - Pasay,Wraps,4.6,98,Pasay City,True,4.6
q8wj,Sushi Nori - SM Megamall,Sushi,5.0,2429,Mandaluyong City,True,5.0
q8wo,BonChon - South Park Alabang,Chicken,5.0,2033,Muntinlupa City,True,5.0
q8xo,The Little Joy Bakery - SM Jazz,Cakes,5.0,1820,Makati City,True,5.0
q8xx,Briquito Silvanas - Ayala,Desserts,5.0,119,Cebu City,True,5.0
q8y4,Paotsin - Robinsons Easymart Tumana,Asian,0.0,0,Marikina,False,
q8zm,8CUTS - MOA,Burgers,5.0,620,Pasay City,True,5.0
q8zs,Coffee Project Black - BGC,Coffee,5.0,623,Manila,True,5.0
q8zx,Seolhwa & The Cook - Festival Mall,Korean,5.0,196,Muntinlupa City,True,5.0
q903,Humba Heaven - Il Corso,Lechon,5.0,169,Cebu City,True,5.0
q9ad,Mang Inasal - Tejeros Makati (OLYMPIA),Chicken,5.0,12274,Makati City,True,5.0
q9aq,Upstairs - Erloom Building,Filipino,4.9,808,Davao City Davao Del Sur,True,4.9
q9ba,The Sandwich Guy - RCBC Plaza,Sandwiches,5.0,1673,Makati City,True,5.0
q9bc,Wendy's - Eastwood,Burgers,5.0,3656,San Juan,True,5.0
q9bj,Mang Inasal - Kalentong,Chicken,5.0,7576,Mandaluyong City,True,5.0
q9bp,Ayan's Italian Diner - Pembo,Pasta,5.0,4201,Makati City,True,5.0
q9bz,Happy Garden Cafe - BGC,Seafood,4.9,393,Taguig City,True,4.9
q9ca,Kuya J Restaurant - Waltermart North Edsa,Filipino,4.9,1148,Quezon City,True,4.9
q9cf,Parmigiano - Uptown,Pizza,4.9,302,Taguig City,True,4.9
q9ck,Motorino Napoletana Pizzeria - Estancia,Pizza,4.9,495,Pasig City,True,4.9
q9cr,Bicester Cafe - Kasambagan,Desserts,4.8,201,Cebu City,True,4.8
q9dl,Caramia Cakes & Gelato - Uptown Mall,Cakes,5.0,1160,Taguig City,True,5.0
q9dt,Sbarro - Robinsons Place Manila,Pizza,5.0,1030,Manila,True,5.0
q9dz,Motorino Napoletana Pizzeria - Podium,Pizza,5.0,640,Mandaluyong City,True,5.0
q9ed,Ineng's Special BBQ - Shaw,Filipino,5.0,883,Mandaluyong City,True,5.0
q9ep,Bigby's - SM Ecoland,American,4.9,409,Davao City Davao Del Sur,True,4.9
q9fa,Din Tai Fung - Megamall,Asian,5.0,3039,Mandaluyong City,True,5.0
q9fq,Tenya Tempura Tendon - Tiendesitas,Japanese,5.0,828,Pasig City,True,5.0
q9g5,McDonald's - Cordova,Fast Food,5.0,3112,Lapu-Lapu City Cebu,True,5.0
q9ga,Ramen Nagi - Alabang Town Center,Ramen,5.0,162,Muntinlupa City,True,5.0
q9gc,Sunahama Noodle Bar - Mabini,Japanese,4.9,409,Davao City Davao Del Sur,True,4.9
q9gd,Wing Zone - SM Megamall,Chicken,5.0,1524,Mandaluyong City,True,5.0
q9hf,99 Ramen - Robinsons Galleria Cebu,Japanese,5.0,361,Cebu City,True,5.0
q9hm,Taters - Robinsons Magnolia,Snacks,5.0,902,Quezon City,True,5.0
q9ho,Big Guys! Pizza - N. Domingo,Pizza,5.0,642,San Juan,True,5.0
q9iu,Sbarro - Fisher Mall,Pizza,5.0,835,Quezon City,True,5.0
q9jx,Big Guys! Pizza - A.H. Lacson Street,Pizza,5.0,1748,Manila,True,5.0
q9jz,Overdoughs - S'Maison,Bread,5.0,108,Pasay City,True,5.0
q9ke,Mrs. Fried Rice - Aguirre,Filipino,5.0,535,Muntinlupa City,True,5.0
q9kh,Greenwich - Gaisano Lapu Lapu,Pizza,5.0,3613,Lapu-Lapu City Cebu,True,5.0
q9ki,Frankie's New York Buffalo Wings - Molito Alabang,Chicken Wings,5.0,917,Muntinlupa City,True,5.0
q9lj,Super Bowl of China - Festival,Chinese,5.0,1004,Muntinlupa City,True,5.0
q9lp,Seouled Out - Leyte,Korean,5.0,7591,Manila,True,5.0
q9me,ATM House of Noodles Panciteria - Paraluman,Filipino,5.0,2637,Marikina,True,5.0
q9mo,Ohayo Japanese Comfort Food - Granada Street,Japanese,5.0,317,Quezon City,True,5.0
q9mx,ChristianiTea - Obrero,Milk Tea,4.9,403,Davao City Davao Del Sur,True,4.9
q9nf,Figaro Coffee - Apex Ayala Terraces Cebu,Coffee,4.5,367,Cebu City,True,4.5
q9oa,Auntie Anne's - Robinson's Manila,Bread,5.0,505,Manila,True,5.0
q9oh,Plato Wraps - Makati (Bel-Air),Wraps,5.0,382,Makati City,True,5.0
q9pa,McDonald's - Agora,Fast Food,4.9,14491,San Juan,True,4.9
q9qv,BonChon - Cash and Carry,Fast Food,5.0,5964,Makati City,True,5.0
q9qy,S&R New York Style Pizza - Ayala the 30th,Pizza,5.0,6536,Pasig City,True,5.0
q9rg,Jollibee - Cebu Basak mactan,Fast Food,5.0,13578,Lapu-Lapu City Cebu,True,5.0
q9tl,BonChon - Araneta Shopwise,Chicken,4.9,5869,Quezon City,True,4.9
q9vl,The Little Joy Bakery - SM North Edsa,Cakes,4.9,1785,Quezon City,True,4.9
q9vo,Boulangerie22 - OLP,Cakes,5.0,4654,Makati City,True,5.0
q9vt,Pancake House - Dela Rosa,American,5.0,655,Makati City,True,5.0
q9w1,Jamaican Nation Inc - San Juan,Fast Food,0.0,0,San Juan,False,
q9wc,McDonald's - Banaue Orthopedics,Fast Food,5.0,6111,Quezon City,True,5.0
q9we,BO's Coffee - D Tuazon,Coffee,5.0,5132,Quezon City,True,5.0
q9wq,Friends & Family - BGC,Filipino,4.9,1128,Taguig City,True,4.9
q9ww,Max's Restaurant - Waltermart Makati,Chicken,5.0,1261,Makati City,True,5.0
q9xe,Dunkin' - 500 Shaw Zentrum,Desserts,5.0,989,Mandaluyong City,True,5.0
q9xf,Chocolat Cakes - Tandang Sora,Cakes,5.0,1410,Quezon City,True,5.0
q9xl,Hanamaruken Ramen - San Juan,Japanese,5.0,595,San Juan,True,5.0
q9ye,BonChon - UN Square,Chicken,5.0,5174,Manila,True,5.0
q9yh,Coffee Project - WCC Shaw,Coffee,4.8,499,Mandaluyong City,True,4.8
q9yi,Army Navy - IT Park,Burgers,4.9,4540,Cebu City,True,4.9
q9ys,Ca Phe Saigon - Marikina,Bread,5.0,651,Marikina,True,5.0
q9zb,Army Navy - UP Technohub,Burgers,5.0,1682,Quezon City,True,5.0
q9zc,Manzoku Japanese Restaurant - Felcris Centrale Mall,Japanese,4.7,296,Davao City Davao Del Sur,True,4.7
q9zg,Hanamaruken Ramen - Alabang Town Center,Japanese,5.0,456,Muntinlupa City,True,5.0
q9zy,Chatime -  Unimart Greenhills,Milk Tea,5.0,1263,San Juan,True,5.0
qa80,Good Days Cafe Coffee and Milktea,Beverages,5.0,40,Davao City Davao Del Sur,True,5.0
qach,ZUS Coffee - SMDC Strip At Shell,Beverages,5.0,235,Pasay City,True,5.0
qacq,Arm's Damascus Grill House - Quirino Highway,Coffee,5.0,110,Quezon City,True,5.0
qak5,ArabianGrillDD,Middle Eastern,4.9,54,Pasay City,True,4.9
qako,Barista Bubble Tea Shop - Sikatuna Street,Milk Tea,4.7,81,Cebu City,True,4.7
qase,77 Milk Tea Shop - Capitol Site,Milk Tea,5.0,76,Cebu City,True,5.0
qatq,Ton's Cafe - Pajo,Coffee,5.0,27,Lapu-Lapu City Cebu,True,5.0
qay0,Go Gourmand - Malate,Silog,4.2,20,Manila,True,4.2
qb0h,Mr. Dagupeño - Guinhawa,Seafood,5.0,149,Malolos Bulacan,True,5.0
qb3u,Andres Bar and Restaurant,Filipino,0.0,0,Taguig City,False,
qb56,Sushi Shokunin - The Ignacia Place,Sushi,5.0,61,Quezon City,True,5.0
qb7w,Shinomiya Japanese Restaurant - Westgate Center,Japanese,5.0,54,Muntinlupa City,True,5.0
qb85,Lemonest- Cebu 1Nito Tower,Beverages,5.0,170,Cebu City,True,5.0
qbkl,Crying Tiger - Mother Ignacia,Chicken Wings,0.0,0,Quezon City,False,
qblw,Jinsei Japanese Restaurant - Winford Resort and Casino,Ramen,0.0,0,Manila,False,
qbm0,Potato Corner - Capitol Park,Fries,0.0,0,Malolos Bulacan,False,
qbup,Great Greens: Salads & Grains - Manila,Salads,5.0,1441,Manila,True,5.0
qbuw,FMA Biryani King - Divisoria 2,Biryani,0.0,0,Manila,False,
qbw8,Best Bites Boneless Fried Chicken - Evangelista,Chicken,0.0,0,Makati City,False,
qbxa,Zentea - Amado Tapuac,Milk Tea,5.0,131,Dagupan Pangasinan,True,5.0
qc99,Bulaluhan sa Espana - Espana Boulevard,Filipino,4.9,4927,Manila,True,4.9
qcet,David's Tea House Express - Mezza II,Chinese,4.9,41,Manila,True,4.9
qcgr,Muscafe Fusion - Padre Gomez Street,Coffee,0.0,0,Davao City Davao Del Sur,False,
qcmk,Coffee Brewtherhood - Arzo Hotel Manila,Coffee,0.0,0,Manila,False,
qcry,NATSU - Makati,Coffee,0.0,0,Makati City,False,
qcsn,Mood & Bites Cafe - Putatan,Coffee,0.0,0,Muntinlupa City,False,
qcv4,Kofee Manila - Pasay Branch,Coffee,4.7,11,Pasay City,True,4.7
qcyd,Donna Ice Cream - Purok 8A Tacunan,Ice Cream,5.0,29,Davao City Davao Del Sur,True,5.0
qcys,Chambee Milktea - Lifehomes,Milk Tea,4.9,184,Pasig City,True,4.9
qd42,Kambingan Bulaloan - Ecoland Drive,Filipino,4.4,27,Davao City Davao Del Sur,True,4.4
qd46,Express Party Tray - Quezon City,Sisig,0.0,0,Quezon City,False,
qd71,Albie’s Cafe,Ulam,0.0,0,Koronadal South Cotabato,False,
qd98,MAKI FEAST- 238 Shoe Ave,Japanese,0.0,0,Marikina,False,
qdll,B1T1 Takeway Coffee - Victory Pasay Mall,Coffee,0.0,0,Pasay City,False,
qdod,PHILNESS - EP Housing,Fruit Shake,5.0,139,Taguig City,True,5.0
qdqa,Claypot Rice Noodle Inc - PBCom Tower,Noodles,4.9,67,Makati City,True,4.9
qdtp,Mang Domeng's Bibingka - Puregold Ayala Malls Marikina,Desserts,5.0,46,Marikina,True,5.0
qdwh,Kalipay Café,Unknown,0.0,0,Koronadal South Cotabato,False,
qdym,Hen Lin - Greenhills Promenade,Chinese,4.9,48,San Juan,True,4.9
qdyn,Mr. Mediterranean - Pasay,Shawarma,4.6,223,Pasay City,True,4.6
qdzm,Caramia - Greenhills Mall,Cakes,0.0,0,San Juan,False,
qe0l,Mixue Ice Cream & Tea - EDSA C Muñoz,Milk Tea,5.0,200,Quezon City,True,5.0
qe1s,19 Nineteen Degrees - SM City North EDSA The Block,Wraps,5.0,319,Quezon City,True,5.0
qe85,Rita's - SM Fairview,Ice Cream,0.0,0,Quezon City,False,
qe8s,Zentea - Pablo Ocampo Sr. Ext. - Makati,Milk Tea,5.0,116,Makati City,True,5.0
qeb4,Sak-Yant Thai Food Express - Malate,Thai,4.9,132,Manila,True,4.9
qeb6,Gelato by Chef Miko - Greenhills,Ice Cream,0.0,0,San Juan,False,
qedl,MaisieLogan - Cebu South Road,Filipino,4.9,180,Cebu City,True,4.9
qegy,Sizzlin' Steak - Maria Orosa,American,0.0,0,Manila,False,
qeql,DODO-HOKKAIDO CHEESE CAKE - Makati,Cakes,4.9,530,Makati City,True,4.9
qerr,Nisu Ramen- Quezon City,Ramen,2.8,19,Quezon City,True,2.8
qeuw,Dolora’s Hauz Of Pancit Malabon - Pedro Gil,Pancit,5.0,463,Manila,True,5.0
qeuz,Binalot - RCBC,Filipino,4.9,619,Makati City,True,4.9
qewk,Yi Fang Taiwan Fruit Tea - Alabang Town Center,Milk Tea,5.0,68,Muntinlupa City,True,5.0
qexa,GUSTOKA LOW ACID COFFEE - Century Plaza,Coffee,5.0,79,Cebu City,True,5.0
qf3d,Mango on the Go - Robinsons Novaliches,Fruit Shake,5.0,66,Quezon City,True,5.0
qf6s,King Sisig Express - Libertad Tramo Pasay,Sisig,4.8,136,Pasay City,True,4.8
qf88,Bakmi Nyonya - Assembly Grounds,Asian,5.0,28,Makati City,True,5.0
qfd0,BO SONG VIETNAMESE RESTAURANT - Coral Way,Chicken,0.0,0,Pasay City,False,
qffy,Sulit Shawarma! - Pasay,Shawarma,4.6,430,Pasay City,True,4.6
qfih,Ribshack - SM Hypermarket Lapu-Lapu,Fast Food,5.0,3207,Lapu-Lapu City Cebu,True,5.0
qfka,Cochi Loco Tacos & Kitchen - Pinagkaisahan,Wraps,4.6,12,Makati City,True,4.6
qflp,Cafe JangGeum - MET Live,Coffee,5.0,13,Pasay City,True,5.0
qflv,Chicken United - Katipunan Avenue,Chicken,0.0,0,Quezon City,False,
qfms,Mr. Liempo - Sambag 1,Liempo,5.0,46,Cebu City,True,5.0
qfny,T.F.F - Tarsier Fried Food - Robinsons Metro east,Fast Food,5.0,10,Pasig City,True,5.0
qfqv,Max Mango - West Rembo Taguig,Beverages,5.0,105,Taguig City,True,5.0
qfuy,Bulalo World - Paco Mall,Filipino,0.0,0,Manila,False,
qfv1,Cabalen - Ayala Malls Feliz,Filipino,5.0,76,Marikina,True,5.0
qfw7,Big Boks - C Palanca,Chicken,0.0,0,Makati City,False,
qfwp,Jon Lourence House of Lechon - Poblacion Pardo,Lechon,0.0,0,Cebu City,False,
qfyw,Casa Crawford: Modern Mexican Kitchen - Makati,Rice Bowl,5.0,1005,Makati City,True,5.0
qg18,Mr. Moussetache Milk Tea House - Bangkal,Milk Tea,4.8,42,Davao City Davao Del Sur,True,4.8
qgbj,Five Star Chicken - Villaruel Street Pasay,Chicken,0.0,0,Pasay City,False,
qgev,Saigi - Vernida IV Bldg.,Japanese,4.9,45,Makati City,True,4.9
qgha,BENTO - GO - Jaena,Rice Bowl,5.0,25,Pasig City,True,5.0
qgyw,Chimmy - Unimart Capitol Commons,Milk Tea,0.0,0,Pasig City,False,
qh2a,Menya Kokoro - The Podium,Japanese,5.0,29,Mandaluyong City,True,5.0
qh5x,Anthony's Cafe - Mabolo,Coffee,5.0,121,Cebu City,True,5.0
qhe1,Ohayo Japanese Comfort Food - Banawe Avenue,Japanese,5.0,168,Quezon City,True,5.0
qhml,Blessed Bhiestro - Fairview,Italian,5.0,176,Quezon City,True,5.0
qhpu,Bang Bang Special Crispy Bangus - Lanang,Fish,5.0,229,Davao City Davao Del Sur,True,5.0
qhs3,Dichi's Cafe - Matimpiin Street,Coffee,0.0,0,Quezon City,False,
qhui,22nd Cafe + Bakery,Coffee,0.0,0,Quezon City,False,
qhum,D' Original Pares - Quirino Highway,Filipino,5.0,1131,Quezon City,True,5.0
qi5y,Coffee Dream Plus - SM City Cebu,Coffee,0.0,0,Cebu City,False,
qi67,Booba Milk Tea - Tandang Sora,Milk Tea,0.0,0,Quezon City,False,
qic1,Naki Tako - Pusok,Japanese,2.7,10,Lapu-Lapu City Cebu,True,2.7
qiit,House of Döner - Poblacion,Wraps,5.0,48,Makati City,True,5.0
qikp,The Original Boat Noodle - SM North,Thai,4.9,55,Quezon City,True,4.9
qiuk,Pure Nectar - MQI Building,Fruit Shake,0.0,0,Quezon City,False,
qixx,Samgyupsalamat - Cebu It Park,BBQ,5.0,68,Cebu City,True,5.0
qj15,Yukimaru Modern Izakaya - Axis Vibo Place,Sushi,4.9,120,Cebu City,True,4.9
qj5g,Aligato Carinderia - Makati,Japanese,5.0,15,Makati City,True,5.0
qj9q,Buffalo's Wings N' Things - Venice Grand Canal,Chicken Wings,0.0,0,Taguig City,False,
qja8,Wingfinity & Beyond - SM North EDSA,Chicken Wings,5.0,41,Quezon City,True,5.0
qjdh,Mo' Cookies - Mall of Asia,Desserts,5.0,18,Pasay City,True,5.0
qjfx,Angel's Pizza - Marikina,Pizza,5.0,121,Marikina,True,5.0
qjks,Nikkei Robata - Newport Mall,Japanese,4.8,14,Pasay City,True,4.8
qjmv,Balai Pandesal - New Manila,Bread,5.0,69,San Juan,True,5.0
qjud,VIVA Cafe - Araneta,Fried Chicken,0.0,0,Quezon City,False,
qjwm,Tara Wings - Longos,Chicken Wings,5.0,300,Malolos Bulacan,True,5.0
qkar,Best Bites Boneless Fried Chicken - Chino Roces Oriental Garden,Chicken,4.6,13,Makati City,True,4.6
qkfn,I Love Milktea - Caniogan,Milk Tea,5.0,318,Pasig City,True,5.0
qkgt,Potato Giant - Dagupan Junction,Filipino,0.0,0,Dagupan Pangasinan,False,
qkh4,Nic's - Park Terraces,Rice Bowl,0.0,0,Makati City,False,
qki2,K Ramyeon Station - Anonas LRT City Center,Korean,4.8,48,Quezon City,True,4.8
qki9,Balamban Liempo - Valencia,Liempo,4.9,189,Valencia Bukidnon,True,4.9
qkjw,The HQ - Pelaez Street,Coffee,5.0,61,Cebu City,True,5.0
qkjy,Fat Boy's Pizza Pasta - Victory Central Mall Monumento,Pizza,4.9,203,Mandaluyong City,True,4.9
qkmi,Dencio's - Westgate,Filipino,0.0,0,Muntinlupa City,False,
qkmm,"Wildflour Rotisserie Chicken - Rada, Legazpi Village",Chicken,0.0,0,Makati City,False,
qkq0,Zark's Burgers - Pearl Drive,American,5.0,666,Quezon City,True,5.0
qkrw,Manam - Lucky Chinatown,Filipino,5.0,217,Manila,True,5.0
qkvm,Jaedjay Food and Beverage - Leon Guinto Street,Snacks,0.0,0,Manila,False,
qldk,Fish & Co - ATC,American,0.0,0,Muntinlupa City,False,
qlg3,XO 46 Heritage Bistro - Century Mall,Filipino,0.0,0,Makati City,False,
qljm,Halohalo Lovers - Lacson Street,Halo-Halo,4.9,49,Davao City Davao Del Sur,True,4.9
qlmb,Kuya J Restaurant - SM Dagupan,Filipino,4.8,167,Dagupan Pangasinan,True,4.8
qloh,Bee Cafe & Co-working Space Corp - S Cabahug Street,Coffee,4.3,24,Cebu City,True,4.3
qltz,Mang Inasal	- Robinsons Valencia,Chicken,5.0,1042,Valencia Bukidnon,True,5.0
qlyv,Twelve Labors - The Alley,Beverages,0.0,0,Makati City,False,
qm04,Out of Nowhere Kitchen - SM Lanang,Filipino,5.0,13,Davao City Davao Del Sur,True,5.0
qm1p,Prince Buffalo - Sta. Mesa,Chicken,5.0,165,Manila,True,5.0
qm48,Tim Hortons - River Grove Lifestyle Center,Coffee,5.0,1003,Dagupan Pangasinan,True,5.0
qm4q,Taytayan Pinoy Restaurant,Filipino,0.0,0,Lapu-Lapu City Cebu,False,
qmci,Peppers Pizza - Marikina,Pizza,5.0,363,Marikina,True,5.0
qmd1,Lerma’s Barbecue,Filipino,0.0,0,Marikina,False,
qmgk,Starbucks - MacArthur Highway,Coffee,5.0,2676,Malolos Bulacan,True,5.0
qmii,P I F F Tea Station - Ipil Street,Milk Tea,0.0,0,Taguig City,False,
qmm1,Eataewon - Robinsons Ermita,Korean,5.0,80,Manila,True,5.0
qmmk,Corndog 28 - Lucky Chinatown Mall,Corndogs,5.0,469,Manila,True,5.0
qmns,Al Bacchio by Bizu - Legazpi Village,Pizza,0.0,0,Makati City,False,
qmvq,Taiwan Noodles,Rice Bowl,4.9,15,Makati City,True,4.9
qmvq,Yummy Ducklings,Rice Bowl,5.0,12,Makati City,True,5.0
qmx9,Lawson Cup & Go - 1210 Acacia,Coffee,4.7,19,Muntinlupa City,True,4.7
qn0n,Kenny Rogers Roasters - One Ayala,Chicken,5.0,133,Makati City,True,5.0
qn1r,Peri-Peri Charcoal Chicken & Sauce Bar - Mindanao Ave.,Chicken,5.0,503,Quezon City,True,5.0
qn3k,Uncle Roger's Special Food Products- North 8 Talamban,Asian,4.7,110,Cebu City,True,4.7
qn4n,Marugame Udon - SM City Cebu,Japanese,5.0,267,Cebu City,True,5.0
qn5l,Kwikk Bytes,Rice Bowl,0.0,0,Manila,False,
qn81,El Pollo Loco - Eastwood,American,0.0,0,Quezon City,False,
qna6,Ramenia Ramen - Sampaguita Avenue,Ramen,0.0,0,Quezon City,False,
qndm,Tomodachi Ramen House - Blas Ople Diversion Road,Japanese,5.0,389,Malolos Bulacan,True,5.0
qnfi,Yoyogi Yogurt - Theatre Mall,Ice Cream,0.0,0,San Juan,False,
qniz,Chooks to Go - Don Antonio QC 2,Chicken,5.0,214,Quezon City,True,5.0
qnke,Black Scoop Cafe - Greenhills,Milk Tea,5.0,256,San Juan,True,5.0
qnqy,Watami - Glorietta,Japanese,0.0,0,Makati City,False,
qnqz,Just Juice Lemonade - Marikina,Beverages,0.0,0,Marikina,False,
qnr3,Chooks To Go - Blumentritt Sta Cruz,Chicken,5.0,128,Manila,True,5.0
qns5,Yanzi by Lido Cocina Tsina - Banawe Street,Rice Dishes,5.0,80,Quezon City,True,5.0
qnu2,Oh Mango - Unlad Condominuim,Desserts,5.0,3040,Manila,True,5.0
qnuv,Korean J Grill and Restaurant - Tomas Morato,Korean,0.0,0,Quezon City,False,
qo22,8TEARY FOOD AND BEVERAGE HOUSE - STA MARIA STREET,Rice Bowl,0.0,0,Manila,False,
qo5y,Cheers Minimart and Food - The Marketplace Shopping Mall,Rice Dishes,0.0,0,Mandaluyong City,False,
qof9,Tagaytay Bulalo Specials - Libertad Tramo Pasay,Bulalo,4.9,50,Pasay City,True,4.9
qoha,Daily Lemon - Island Centre Mall,Fruit Shake,0.0,0,Lapu-Lapu City Cebu,False,
qoie,Propaganda Vietnamese Bistro - Molito,Asian,0.0,0,Muntinlupa City,False,
qoj9,Italianni's - Mall of Asia,Italian,0.0,0,Pasay City,False,
qojj,POPS Wings and Ribs - Bagong Ilog Pasig,Silog,0.0,0,Pasig City,False,
qor8,Puesto Neighborhood Cafe - Rockville Avenue,Coffee,5.0,219,Quezon City,True,5.0
qow4,Terra Mango - San Miguel Panacan,Beverages,0.0,0,Davao City Davao Del Sur,False,
qoxx,Chixx Pastilan - Lanang,Asian,0.0,0,Davao City Davao Del Sur,False,
qp2v,Eomma's Korean Fried Chickin - BGC,Fried Chicken,4.9,351,Taguig City,True,4.9
qp6w,24 Chicken - West Drive Commercial Center,Fried Chicken,5.0,4998,Marikina,True,5.0
qpdr,Candid Coffee - BGC,Coffee,5.0,56,Taguig City,True,5.0
qpex,Hallo Mango Bingsu PH - Guadalupe Commercial Complex,Desserts,0.0,0,Makati City,False,
qpf7,Kuya Ed's Manok Natin To - Socorro Murphy,Filipino,0.0,0,Quezon City,False,
qpfu,The Manhattan Bar by Central Park Diner - Madison 101 Hotel + Tower,American,4.9,81,Quezon City,True,4.9
qpgk,Kuya J’s Boneless Lechon House - San Pedro Street,Lechon,5.0,98,Ormoc Leyte,True,5.0
qpi7,Ooh Cha - Robinsons Metroeast,Beverages,0.0,0,Pasig City,False,
qpua,LunchFree Kitchen,Chicken,5.0,121,Taguig City,True,5.0
qq2h,Tendon Akimitsu - Robinsons Manila,Japanese,0.0,0,Manila,False,
qq3m,Golden Noodle House - Farmers,Asian,0.0,0,Quezon City,False,
qq9k,J.CO Donuts & Coffee - Blue Bay Walk,Donut,5.0,2209,Pasay City,True,5.0
qqea,ZenTea - Maginhawa Street,Milk Tea,5.0,94,Quezon City,True,5.0
qqj4,Bunado's Lechon - Gorordo Avenue,Lechon,5.0,6174,Cebu City,True,5.0
qqj7,Bistro Bowlstar - Roosevelt QC,Sisig,0.0,0,Quezon City,False,
qqlh,Tamp Cafe & Co. - R Arcenas Street,Unknown,5.0,432,Cebu City,True,5.0
qqt0,Macao Imperial Tea - SM East Ortigas,Beverages,5.0,401,Pasig City,True,5.0
qqt5,Treasures of Region 12 Trade Expo - Glorietta,Snacks,0.0,0,Makati City,False,
qqtx,Unnie K-Corndog - Koronadal,Snacks,5.0,63,Koronadal South Cotabato,True,5.0
qqvs,Gino's Brick Oven Pizza - Serendra,Pizza,5.0,783,Taguig City,True,5.0
qqw5,The Hungry Bar - Mandaluyong,Burgers,0.0,0,Mandaluyong City,False,
qr15,Home  Plate - Grace Mall,Filipino,0.0,0,Taguig City,False,
qrdi,Georgie's Grill House - Southwestern University Aznar Coliseum,Chicken,0.0,0,Cebu City,False,
qria,Cup Of Joy - Narra St,Coffee,0.0,0,Davao City Davao Del Sur,False,
qrka,Mylk Tea - Perez Boulevard,Desserts,4.9,645,Dagupan Pangasinan,True,4.9
qrlk,Blessed Bhiestro - BGC,Pasta,5.0,276,Taguig City,True,5.0
qrm9,Coffee Spot - Mango Avenue,Unknown,0.0,0,Cebu City,False,
qroe,Tapsilogan Ni Awe - North Fairview,Filipino,4.9,58,Quezon City,True,4.9
qs09,Dkpress - Alfonso Street,Filipino,0.0,0,Pasig City,False,
qs34,Baliwag Lechon Manok at Liempo - Life Homes Subdivision,Chicken,5.0,211,Pasig City,True,5.0
qs4b,RJ-BEN's Pizza - Kilometer 5,Pizza,4.9,119,Davao City Davao Del Sur,True,4.9
qs4k,Jailourd's Hab-Hub Eatery - Obrero,Filipino,5.0,753,Davao City Davao Del Sur,True,5.0
qs75,ChaTraMue - SM City North EDSA,Beverages,0.0,0,Quezon City,False,
qs8p,Arabo Grill - Cabantian,Biryani,0.0,0,Davao City Davao Del Sur,False,
qsb9,Hearts and Bells - Venice Grand Canal Mall,Cakes,5.0,57,Taguig City,True,5.0
qsk0,Alishan at The Alley - One Pacific Residence,Milk Tea,5.0,178,Lapu-Lapu City Cebu,True,5.0
qspq,Tito Rex's -  Marikina Heights,Filipino,5.0,225,Marikina,True,5.0
qsqd,St. Martin's Cafe - F. Lamas,Milk Tea,4.9,25,Cebu City,True,4.9
qsru,Pomodoro Pasta House - Artiaga,Pasta,3.6,97,Davao City Davao Del Sur,True,3.6
qstb,BaSilog Atbp - Nacua Compd.,Rice Dishes,4.9,10,Cebu City,True,4.9
qstw,World Chicken - Robinson's Galleria,Chicken,5.0,88,Quezon City,True,5.0
qszc,Friesday - Bukidnon Street,Asian,4.9,470,Quezon City,True,4.9
qt0q,Max Mango X Joe Erning’s - Paseo Del Congreso Malolos,Milk Tea,5.0,1621,Malolos Bulacan,True,5.0
qt15,OW MY TEA - STA ANA,Filipino,0.0,0,Manila,False,
qt2z,Zap Milktea - Sta. Lucia,Milk Tea,4.8,160,Quezon City,True,4.8
qt6h,Sunniest Sushi House - Westdrive Commercial Center,Sushi,5.0,34,Marikina,True,5.0
qt7i,Morning Delights,Asian,0.0,0,Pasay City,False,
qta5,Baked Sushi by Nessa - Lope de Vega Street,Sushi,4.9,348,Manila,True,4.9
qtey,Jiang Nan Hotpot - Holy Spirit,Chinese,0.0,0,Quezon City,False,
qtvt,Rapsilog - Uranus Street,Filipino,0.0,0,Quezon City,False,
qu05,Pasteleria de Ciudad - Tambac,Bread,4.9,16,Dagupan Pangasinan,True,4.9
qu0g,Aylrahs Takoyaki - Kalye Uno,Takoyaki,5.0,234,Quezon City,True,5.0
qu4f,Popeyes Chicken - Greenhills,Chicken,4.9,114,San Juan,True,4.9
qu4h,Dai Pai Dong - SM City Cebu,Chicken,0.0,0,Cebu City,False,
qu7n,Cotti Coffee - Ecomax,Coffee,0.0,0,Pasig City,False,
quko,Coffee Spot - Greater Lagro,Beverages,0.0,0,Quezon City,False,
quoj,Wicked Wings - Makati,Chicken Wings,4.8,33,Makati City,True,4.8
qup8,An'dale Mood Food - Mactan Newtown,Chicken,4.9,32,Lapu-Lapu City Cebu,True,4.9
qux6,Siklab - Shangri-La,Filipino,5.0,15,Mandaluyong City,True,5.0
qv1s,Burger Beast - Lucky Chinatown Mall,Burgers,0.0,0,Manila,False,
qv4i,Creamy Palabok and Malabon by Aling Banang MNL - Pureza,Filipino,5.0,144,Manila,True,5.0
qva3,28th Street Bar And Restaurant - Billingham Building,Asian,5.0,106,Taguig City,True,5.0
qvcv,ZUS Coffee - SM Makati,Coffee,5.0,240,Makati City,True,5.0
qvfz,House of Katsu - Pasig,Milk Tea,4.8,868,Pasig City,True,4.8
qvm5,Orchids Hotel - Bagong Ilog,Filipino,5.0,811,Pasig City,True,5.0
qvuj,Gochugang - Public Eatery,Fried Chicken,0.0,0,Quezon City,False,
qvvd,Galley's Eatery - Timog Ave,Silog,0.0,0,Quezon City,False,
qvx7,Goldilocks - Opon Lapu Lapu,Cakes,5.0,26,Lapu-Lapu City Cebu,True,5.0
qvyd,Four Seasons Cafe - New Society Village,Beverages,0.0,0,Davao City Davao Del Sur,False,
qvz3,Tara Eats Everyday Platter - Bagsakan Road,Filipino,5.0,325,Taguig City,True,5.0
qw97,Kurimi Milk Tea Bar - Connecticut Greenhills,Milk Tea,0.0,0,San Juan,False,
qwj8,The Snack Shack - UP Diliman,Burgers,5.0,59,Quezon City,True,5.0
qwjp,"But First, Coffee -  Ayala Malls Central Bloc",Coffee,5.0,62,Cebu City,True,5.0
qwm5,Gugu Chocolate - Ayala Malls Central Bloc,Beverages,4.8,26,Cebu City,True,4.8
qwnh,BLK N' WHT Cafe - Sampaloc,Coffee,0.0,0,Manila,False,
qwor,Chatime - High Pointe Medical Lab,Beverages,5.0,501,Mandaluyong City,True,5.0
qwro,Korean Street Food - A Bonifacio,Korean,4.9,723,Marikina,True,4.9
qwsk,Dai Pai Dong - Robinsons Cybergate,Chicken,0.0,0,Cebu City,False,
qwut,Mad Crab Seafood Restaurant - San Antonio,Seafood,0.0,0,Makati City,False,
qww0,Don Silog - Cebu,Filipino,5.0,10997,Cebu City,True,5.0
qwwz,K'malig Grill and Restaurant,Filipino,4.8,39,Koronadal South Cotabato,True,4.8
qwxa,Sandwich Factor - Project 4,Sandwiches,4.4,11,Quezon City,True,4.4
qx7h,Mr. Pugon Flavored Lechon Belly - Lucero Street,Lechon,5.0,38,Malolos Bulacan,True,5.0
qx8c,Out of the Box Cafe - Felmans Place,Pasta,4.9,324,Mandaluyong City,True,4.9
qxao,Marfori Best Burger - Poblacion,Burgers,1.5,30,Davao City Davao Del Sur,True,1.5
qxdx,Recovery Food - Crossroads,Filipino,5.0,604,Taguig City,True,5.0
qxen,Proben And Tasty Snack - Matina,Filipino,5.0,116,Davao City Davao Del Sur,True,5.0
qxl7,Le Katsu MNL - Project 8,Burgers,0.0,0,Quezon City,False,
qxrm,99 Peso Rice Bowls To Go - BGC,Rice Bowl,5.0,461,Taguig City,True,5.0
qxsk,Kokorro Curry - Jetti Macapagal,Korean,0.0,0,Pasay City,False,
qxu0,TAKOYAKI CORNER - QUEZON AVENUE,Takoyaki,0.0,0,Quezon City,False,
qxws,Tamarind House Cafe,Filipino,0.0,0,Quezon City,False,
qxzy,Mr. Manong's Grill House,Desserts,0.0,0,Davao City Davao Del Sur,False,
qy0s,Gyeran Eats - New Era,Rice Bowl,0.0,0,Quezon City,False,
qy2k,Peppers Pizza - Project 4,Pizza,5.0,278,Quezon City,True,5.0
qya0,Cafe Abuela - Balmores Street,Silog,5.0,103,Koronadal South Cotabato,True,5.0
qybz,Coffee Buddy - Panay Avenue,Coffee,5.0,31,Quezon City,True,5.0
qycf,Dot Coffee - Festival Mall,Coffee,5.0,280,Muntinlupa City,True,5.0
qyo5,Jack's Fresh Lemonade - Ayala Malls Feliz,Milk Tea,5.0,68,Pasig City,True,5.0
qyyq,Ersao - Erod,Siomai,5.0,53,Quezon City,True,5.0
qz0d,Tony's Lechon House & Restaurant - Poblacion Mercado,Lechon,4.9,119,Lapu-Lapu City Cebu,True,4.9
qz2e,JIM FRUIT STAND,Rice Dishes,0.0,0,Marikina,False,
qz48,We Got Cha - Toril,Milk Tea,5.0,1542,Davao City Davao Del Sur,True,5.0
qz87,Merry Moo - Makati,Desserts,5.0,22,Makati City,True,5.0
qz9p,Khandan Kebab & Biryani House- Kapitolyo,Biryani,5.0,519,Pasig City,True,5.0
qzjh,Macao imperial Tea - Capital Towers,Milk Tea,5.0,1883,Quezon City,True,5.0
qzl7,Hummus Express - Malolos,Middle Eastern,4.9,43,Malolos Bulacan,True,4.9
qzp3,Goldilocks - SM Center Las Piñas,Cakes,5.0,120,Muntinlupa City,True,5.0
qzrl,"PICKUP COFFEE - Corner Market, The Podium",Coffee,5.0,288,Mandaluyong City,True,5.0
qzur,Corndog 28 - Ayala Malls Circuit Makati,Corndogs,5.0,1008,Makati City,True,5.0
qzwn,Takoyadon - SM City Marikina,Takoyaki,4.9,11,Marikina,True,4.9
r02j,Caffeine Manila - Malibay,Beverages,0.0,0,Pasay City,False,
r02k,Baga Burger - Taguig,Burgers,5.0,248,Taguig City,True,5.0
r0ez,The Cha Empire - Sta Ana,Milk Tea,5.0,716,Manila,True,5.0
r0g4,MAA FOOD HUB - Delos Reyes St,Filipino,5.0,26,Manila,True,5.0
r0go,SaladStop! - Trinoma,Salads,5.0,1763,Quezon City,True,5.0
r0hf,Mang Inasal - Victory Pasay Mall,Chicken,5.0,2810,Pasay City,True,5.0
r0hm,Aum Veggieballs,Ulam,4.4,107,Davao City Davao Del Sur,True,4.4
r0hv,Pizza Hut - Marcos Highway,Pizza,5.0,2388,Marikina,True,5.0
r0hz,Yuki:Flavors of Hokkaido - San Antonio,Japanese,5.0,64,Makati City,True,5.0
r0iu,Jollibee - Edsa Guevarra,Fast Food,5.0,10967,Mandaluyong City,True,5.0
r0jm,24/7 Wings - Makati,Chicken Wings,4.9,1280,Makati City,True,4.9
r0jr,Chatime - SM Marikina,Milk Tea,5.0,1103,Marikina,True,5.0
r0ke,Tokyo Tempura - Ayala Feliz,Japanese,4.9,82,Pasig City,True,4.9
r0ku,Casa Verde - Ayala Center Cebu,Western,5.0,342,Cebu City,True,5.0
r0lu,Michelle's Putong Ube - Zone Complex,Filipino,4.9,184,Makati City,True,4.9
r0mt,Bec & Geri's - Ecoland,Filipino,4.6,94,Davao City Davao Del Sur,True,4.6
r0nh,Lucy in the Sky Café - Wack Wack Greenhills,Healthy,5.0,314,San Juan,True,5.0
r0of,Pho Hoa - Festival Mall 1,Noodles,5.0,326,Muntinlupa City,True,5.0
r0on,Ikkousha Ramen - Robinsons Galleria,Ramen,5.0,231,Cebu City,True,5.0
r0pm,Tiktilaok - Pacific Mall,Chicken,4.9,1008,Cebu City,True,4.9
r0px,Classic Savory - Market! Market!,Chicken,5.0,1046,Taguig City,True,5.0
r0qy,Jonie's Sizzlers & Roast - I.T. Park,Asian,5.0,1049,Cebu City,True,5.0
r0ra,32 Chicken Run - A. Villanueva,Chicken,5.0,2789,Cebu City,True,5.0
r0ro,Maricar's - Pasig,Cakes,5.0,152,Pasig City,True,5.0
r0ru,Hot Kitchen - SMDC Light Mall,Filipino,5.0,5423,Mandaluyong City,True,5.0
r0sb,Nono's - Valero,Sandwiches,5.0,1319,Makati City,True,5.0
r0sf,Kilometer One Coffee & Kitchen - J. Bocobo,Coffee,4.9,226,Manila,True,4.9
r0ui,Gerry's Grill - SM Mall of Asia,Filipino,4.9,107,Pasay City,True,4.9
r0uo,Hobing Cafe - Market Market,Korean,5.0,1105,Taguig City,True,5.0
r0uz,Peri-Peri Charcoal Chicken & Sauce Bar - Resorts World,Chicken,5.0,311,Pasay City,True,5.0
r0vc,Formosa Taiwan Milk Tea - Mabolo,Milk Tea,5.0,3957,Cebu City,True,5.0
r0vr,Classic Savory - SM Seaside City Cebu,Chicken,5.0,718,Cebu City,True,5.0
r0wc,Fruitas - Ayala Malls Marikina,Fruit Shake,5.0,588,Marikina,True,5.0
r0xz,Bhon Cafe - Bangkal,Pasta,5.0,1092,Makati City,True,5.0
r0yq,Alzen Food Station - Tres de Abril,Filipino,4.8,5429,Cebu City,True,4.8
r0za,99 Peso Sulit Chicken - Manila,Chicken,5.0,7414,Manila,True,5.0
r0zn,Shakey's Pizza - SM Marikina,Pizza,4.9,190,Marikina,True,4.9
r0zs,Healthy To Go - Manila,Healthy,5.0,1999,Manila,True,5.0
r1ak,Hummus Express - Makati,Middle Eastern,5.0,282,Makati City,True,5.0
r1bh,Yi Fang Taiwan Fruit Tea - Ayala Feliz,Milk Tea,5.0,2608,Quezon City,True,5.0
r1bv,Super Chicken Tenders - Makati,Chicken,4.8,1838,Makati City,True,4.8
r1cg,Maura Shore Creamery - Obrero,Ice Cream,5.0,469,Davao City Davao Del Sur,True,5.0
r1cy,Ville Fruit - Sugbo Mercado,Fruit Shake,5.0,759,Cebu City,True,5.0
r1dj,99 Peso Rice Bowls To Go - Makati,Rice Bowl,5.0,1374,Makati City,True,5.0
r1dy,Ding Dong's Tuna Grill - Poblacion,Filipino,4.9,3734,Davao City Davao Del Sur,True,4.9
r1ee,Greyson's Dimsum & Noodles - Mo. Ignacia,Noodles,5.0,1831,Quezon City,True,5.0
r1fg,XO 46 Heritage Bistro - S Maison,Filipino,0.0,0,Pasay City,False,
r1fs,Pizza Hut - Buendia,Pizza,5.0,4225,Pasay City,True,5.0
r1go,The Coffee Bean & Tea Leaf - Ortigas Park,Coffee,5.0,591,Pasig City,True,5.0
r1gw,Cafe Sarree - Escario,Western,5.0,375,Cebu City,True,5.0
r1hu,Ineng's Special BBQ - Marikina,Filipino,5.0,466,Marikina,True,5.0
r1ia,Sip & Chow Food Express - Sampaloc,Asian,4.9,1524,Manila,True,4.9
r1is,Michelle's Putong Ube - Pasig,Filipino,5.0,76,Pasig City,True,5.0
r1jp,Ochado - Buhangin,Milk Tea,4.8,298,Davao City Davao Del Sur,True,4.8
r1kf,Chawadicup - Manila,Milk Tea,5.0,259,Manila,True,5.0
r1kt,Tea Kong Cafe - Wilcon,Milk Tea,5.0,682,Quezon City,True,5.0
r1ll,RACKS - SM North EDSA,American,5.0,644,Quezon City,True,5.0
r1mr,24/7 Wings - Maginhawa,Chicken Wings,4.7,1264,Quezon City,True,4.7
r1ne,Giardino Gelato - IT Park,Desserts,4.8,79,Cebu City,True,4.8
r1ni,Jolly Bubble Taiwan Milktea - Lahug,Filipino,5.0,4866,Cebu City,True,5.0
r1ns,Nanyang - Bonifacio High Street,Chicken,5.0,1006,Taguig City,True,5.0
r1nx,Scout's Honor - Santolan,Desserts,5.0,1019,San Juan,True,5.0
r1o0,Warmasha Taste Of Middle East - Fairview,Wraps,0.0,0,Quezon City,False,
r1oe,Rice and Shine - Manila,Silog,5.0,2211,Manila,True,5.0
r1oj,Calorie Club - Manila,Healthy,5.0,572,Manila,True,5.0
r1ot,Tetam's Tapsihan - Dimasalang,Filipino,5.0,4276,Pasay City,True,5.0
r1ou,Good Cup Coffee Co - Cebu,Coffee,5.0,1485,Cebu City,True,5.0
r1ow,The Coffee Bean & Tea Leaf - Estancia,Coffee,5.0,879,Pasig City,True,5.0
r1ox,Manam - Ayala by the Bay,Filipino,4.9,402,Pasay City,True,4.9
r1pf,Black Scoop Cafe - Fisher Mall,Milk Tea,4.9,1877,Quezon City,True,4.9
r1pg,Yuan's Wings - P. Lopez,Chicken Wings,5.0,363,Mandaluyong City,True,5.0
r1pq,Zark's Burgers - BGC,American,5.0,1319,Taguig City,True,5.0
r1qa,Ristorante Spirale - Damosa,Pasta,5.0,149,Davao City Davao Del Sur,True,5.0
r1qi,The Fat Seed + Roastery - UP Town,Coffee,5.0,274,Quezon City,True,5.0
r1rg,Tender Bob's - Ortigas,Western,4.9,50,Mandaluyong City,True,4.9
r1ru,Max's Restaurant - MOA,Chicken,5.0,175,Pasay City,True,5.0
r1si,Yummy Tokyo - Maginhawa,Japanese,4.9,1172,Quezon City,True,4.9
r1sl,Pochon Chicken - Pasay,Chicken,5.0,1601,Pasay City,True,5.0
r1uh,The Perfect Pint - Alabang,Western,4.9,74,Muntinlupa City,True,4.9
r1um,Nid's Balot 'n Bilao - Shaw Hillcrest,Filipino,5.0,3057,Pasig City,True,5.0
r1us,The Bayleaf - Intramuros,Filipino,5.0,165,Manila,True,5.0
r1vc,Michelle's Putong Ube - Market Market,Filipino,5.0,117,Taguig City,True,5.0
r1vl,Tim Hortons - I-Care,Coffee,5.0,11182,Makati City,True,5.0
r1xp,Pizza Hut - Parkmall Cebu,Pizza,5.0,1600,Cebu City,True,5.0
r1xs,The Vegetarian Kitchen - Paligsahan,Filipino,5.0,433,Quezon City,True,5.0
r1yi,Baa Baa Thai Tea - Panay,Milk Tea,5.0,2173,Quezon City,True,5.0
r1yr,The Sugar-Free Bakery - Mandaluyong,Cakes,5.0,771,Mandaluyong City,True,5.0
r1yv,Potato Giant - SM City Manila,Snacks,5.0,295,Manila,True,5.0
r1za,Poochinis Restaurant - Valero,Filipino,5.0,584,Makati City,True,5.0
r1zf,Tim Hortons - Burgos Circle,Coffee,5.0,4077,Taguig City,True,5.0
r1zv,Peri-Peri Charcoal Chicken & Sauce Bar - Robinsons Magnolia,Chicken,4.9,769,Quezon City,True,4.9
r20n,Izakaya Ichi Ryu - F.B. Harrison Street,Japanese,5.0,47,Manila,True,5.0
r22d,Budbod Popss - Makati,Filipino,0.0,0,Makati City,False,
r23s,KOALAFRAPPE MILKTEA SHOP - 1123 PEDRO GUEVARA ST.,Asian,0.0,0,Manila,False,
r273,Rob's Diner - Buhangin,Ulam,4.9,14,Davao City Davao Del Sur,True,4.9
r288,Bistro Bowlstar - Mandaluyong,Sisig,0.0,0,Mandaluyong City,False,
r2br,Tim Hortons - Festival Supermall,Coffee,5.0,5518,Muntinlupa City,True,5.0
r2bw,Banh Mi Kitchen - Lucky Chinatown,Asian,5.0,1322,Manila,True,5.0
r2cl,Cafe Belle (Boss Lemon | Boss Sisig),Asian,5.0,379,Cebu City,True,5.0
r2cl,Cafe Belle - Talamban,Asian,5.0,378,Cebu City,True,5.0
r2cp,Classic Savory - SM Hypermarket Pasig,Chicken,5.0,1086,Pasig City,True,5.0
r2du,24/7 Super Healthy - Makati,Healthy,5.0,5129,Makati City,True,5.0
r2eq,Yumzie - Valero,Healthy,5.0,1099,Makati City,True,5.0
r2es,Scout's Honor - UP Town,Desserts,5.0,469,Quezon City,True,5.0
r2fc,Bober Tea - Valero Plaza,Milk Tea,5.0,2171,Makati City,True,5.0
r2gc,Mang Inasal - Edsa Arayat,Chicken,4.9,6447,San Juan,True,4.9
r2gh,Pizza Hut - Xavierville,Pizza,5.0,3634,Quezon City,True,5.0
r2gn,BO's Coffee - Green Residences,Coffee,5.0,4772,Manila,True,5.0
r2hb,"The Alley ""It's time for Tea"" - Mall of Asia",Milk Tea,5.0,407,Pasay City,True,5.0
r2hq,Kraken Takoyaki - Glorietta,Takoyaki,5.0,521,Makati City,True,5.0
r2iu,Tapa King - San Lorenzo,Filipino,4.9,969,Makati City,True,4.9
r2ji,Fruitfussion Shake Hub - OPL,Healthy,5.0,454,Makati City,True,5.0
r2ju,Jonie's Sizzlers & Roast - City Time Square,Asian,5.0,665,Cebu City,True,5.0
r2ka,Itealicious - Lahug,Milk Tea,5.0,9591,Cebu City,True,5.0
r2ke,Chicken Pete - Illustre,Fried Chicken,4.5,570,Davao City Davao Del Sur,True,4.5
r2kj,Authentic Chinese Cuisine - Makati,Chinese,4.7,863,Makati City,True,4.7
r2le,Jollibee - Bocaue Lolomboy,Fast Food,5.0,7492,Malolos Bulacan,True,5.0
r2mo,Good Munch - Agno,Fast Food,5.0,215,Manila,True,5.0
r2mq,CoCo Fresh Tea & Juice - Sapphire Bloc Ortigas,Milk Tea,5.0,6804,Pasig City,True,5.0
r2mr,Ping Ping Native Lechon - Paang Bundok,Lechon,5.0,21502,Quezon City,True,5.0
r2np,Classic Savory - SM Lanang,Chicken,5.0,1084,Davao City Davao Del Sur,True,5.0
r2op,Pepi Cubano - Greenbelt,Fast Food,4.9,91,Makati City,True,4.9
r2ox,Dimsum Diner - Torres,Chinese,5.0,1754,Davao City Davao Del Sur,True,5.0
r2pf,Calves Steakside - Central Park,BBQ,5.0,206,Davao City Davao Del Sur,True,5.0
r2pg,Pidoks - Lanang,Filipino,5.0,818,Davao City Davao Del Sur,True,5.0
r2pj,Yi Fang Taiwan Fruit Tea - BGC,Milk Tea,5.0,2853,Taguig City,True,5.0
r2ps,Wok to Go - Padre Faura,Chinese,5.0,1973,Manila,True,5.0
r2qq,Aling Banang This Is It Pancit! - San Juan,Filipino,5.0,5917,San Juan,True,5.0
r2qx,Chops to Go - SM Manila,Chicken,4.6,139,Manila,True,4.6
r2rl,PotDog - SM Megamall,Seafood,4.9,192,Mandaluyong City,True,4.9
r2sf,Black Scoop Cafe - California Garden Square,Milk Tea,5.0,2846,Mandaluyong City,True,5.0
r2si,Fore Pairs Buffalo Wings - Poblacion,Chicken Wings,5.0,3158,Mandaluyong City,True,5.0
r2tx,Celso's Crib - Talamban,Coffee,5.0,97,Cebu City,True,5.0
r2uj,Dampa Express - Pioneer,Fish,5.0,736,Pasig City,True,5.0
r2uu,Kairos Kitchen - Davao,Filipino,5.0,1271,Davao City Davao Del Sur,True,5.0
r2wg,Shanghai Hand-pulled Noodles,Chinese,5.0,3197,Quezon City,True,5.0
r2wh,ShareTea - Pioneer,Milk Tea,5.0,959,Pasig City,True,5.0
r2wo,SuToKil & Seafood Grill - Davao,Filipino,4.9,835,Davao City Davao Del Sur,True,4.9
r2xn,Street Ramen - Arayat,Japanese,4.9,809,Mandaluyong City,True,4.9
r2yo,Annapoorna - Mandaluyong City,Indian,4.9,1535,Mandaluyong City,True,4.9
r2za,Toryano's Chicken Haus - Matina,Filipino,4.9,517,Davao City Davao Del Sur,True,4.9
r2zl,PotDog - Ever Supermarket Masangkay,Seafood,5.0,433,Manila,True,5.0
r3af,Super Chicken Tenders - Maginhawa,Chicken,4.9,2055,Quezon City,True,4.9
r3aj,Max Mango - SM Sta. Mesa,Beverages,5.0,1346,Manila,True,5.0
r3al,Cold Stone Creamery - Megamall,Ice Cream,4.9,161,Mandaluyong City,True,4.9
r3bc,Classic Savory - SM Marikina,Chicken,5.0,478,Marikina,True,5.0
r3bw,Eat Sleep Burger - Bayanan,Burgers,5.0,1512,Muntinlupa City,True,5.0
r3cf,"The Alley ""It's Time for Tea"" - SM Megamall",Milk Tea,5.0,801,Mandaluyong City,True,5.0
r3dc,Cha Tuk Chak - Salcedo,Milk Tea,5.0,2981,Makati City,True,5.0
r3dg,Manam - Seven NEO ( Net Park),Filipino,4.9,3260,Taguig City,True,4.9
r3dj,Yao's Kitchen - Sacred Heart,Chinese,4.9,1022,Makati City,True,4.9
r3dv,Empanada Nation - Cyberpark 1,Filipino,5.0,1074,Quezon City,True,5.0
r3dw,Caitlyn's Dumpling Bar - Marfori Heights,Dumpling,5.0,2837,Davao City Davao Del Sur,True,5.0
r3eg,Subway - Citi Plaza,Sandwiches,5.0,6544,Taguig City,True,5.0
r3hv,Zumara Japanese Restaurant - Pinagsama,Japanese,5.0,1464,Taguig City,True,5.0
r3iy,Rose Homemade Specials - Marfori,Healthy,5.0,1033,Davao City Davao Del Sur,True,5.0
r3jw,Hummus Express - Manila,Middle Eastern,5.0,353,Manila,True,5.0
r3k3,Lembest Lechon - Villamor,Liempo,4.9,793,Pasay City,True,4.9
r3ka,Coffee Box - SM Lanang,Coffee,4.9,433,Davao City Davao Del Sur,True,4.9
r3kh,Suki Gyouza - BGC,Fast Food,5.0,444,Taguig City,True,5.0
r3lk,Lots'a Pizza - Villamor,Pizza,5.0,1250,Pasay City,True,5.0
r3lv,Cantina Angrydobo,Filipino,4.9,505,Manila,True,4.9
r3mn,Michelle's Putong Ube - Glorietta,Filipino,5.0,46,Makati City,True,5.0
r3mo,Auntie May's - Pioneer Street Market,Seafood,1.6,72,Mandaluyong City,True,1.6
r3ms,Bad Cafe - Windsor Tower,Coffee,5.0,323,Makati City,True,5.0
r3ne,Kuya J Restaurant - Festival Mall,Filipino,5.0,682,Muntinlupa City,True,5.0
r3nj,Melliza Cakes & Pastries - San Antonio,Cakes,5.0,224,Makati City,True,5.0
r3oi,S&R New York Style Pizza - Landmark Alabang,Pizza,5.0,2709,Muntinlupa City,True,5.0
r3on,Red Ribbon - Muntinlupa Bayan,Cakes,5.0,1426,Muntinlupa City,True,5.0
r3or,Chowking - Bukidnon Valencia,Fast Food,4.9,4396,Valencia Bukidnon,True,4.9
r3ot,Blazin Bonfire Grill - San Sebastian,American,4.8,489,Manila,True,4.8
r3pc,Mo' Cookies - Robinsons Place Manila,Desserts,5.0,401,Manila,True,5.0
r3pu,Tim Hortons - UN Square Mall,Coffee,5.0,9383,Manila,True,5.0
r3py,Burger Beast - Makati,Burgers,4.9,2421,Makati City,True,4.9
r3qx,Tim Hortons - KIA Theatre,Coffee,5.0,11272,Quezon City,True,5.0
r3qz,Tea Heaven Cafe - Bolton,Chinese,5.0,2285,Davao City Davao Del Sur,True,5.0
r3rl,Five Grains - Pasay,Chinese,4.9,72,Pasay City,True,4.9
r3sj,Mr. Bones Grill - Il Corso Foodyard South,Filipino,5.0,415,Cebu City,True,5.0
r3tu,Quan Native Delicacies - Palanan,Desserts,5.0,1798,Makati City,True,5.0
r3ty,Moon Rabbit Cafe - Ledesma Street,Noodles,5.0,89,San Juan,True,5.0
r3u9,SaladStop! - Estancia Mall,Salads,5.0,26,Pasig City,True,5.0
r3ud,The Coffee Bean & Tea Leaf - Ayala North Exchange,Coffee,5.0,1155,Makati City,True,5.0
r3ue,Shakey's Pizza - Maybunga,Pizza,5.0,2839,Pasig City,True,5.0
r3um,Ono Poke - Greenbelt,Rice Bowl,5.0,1110,Makati City,True,5.0
r3un,8CUTS - Megamall,Burgers,5.0,2572,Mandaluyong City,True,5.0
r3uz,The Director's Cafe - Barangay 746,Coffee,4.4,37,Manila,True,4.4
r3vd,Ooma - Greenbelt,Japanese,5.0,777,Makati City,True,5.0
r3vz,Sinangag Station - Pueblo Verde,Filipino,5.0,2550,Lapu-Lapu City Cebu,True,5.0
r3wb,Nathaniel's Bakeshop - Sycamore Arcade,Filipino,5.0,765,Muntinlupa City,True,5.0
r3wp,La Toscana Italian Restaurant - Tionko Building,Pasta,4.9,386,Davao City Davao Del Sur,True,4.9
r3ww,HoHo Chickenchop - Binondo,Chicken,4.9,155,Manila,True,4.9
r3xd,Hummus Express - Maginhawa,Middle Eastern,5.0,407,Quezon City,True,5.0
r3xe,Pizza Hut - SM Davao,Pizza,5.0,1857,Davao City Davao Del Sur,True,5.0
r3yy,BO's Coffee - Pueblo Verde,Coffee,5.0,4920,Lapu-Lapu City Cebu,True,5.0
r3zr,Asakusa: Home of Tempura - Ayala Malls Vertis North,Japanese,4.9,42,Quezon City,True,4.9
r42n,Kenny Rogers Roasters - SM Ormoc,Chicken,5.0,213,Ormoc Leyte,True,5.0
r436,99 Peso Sulit Chicken - Putatan,Chicken,1.5,15,Muntinlupa City,True,1.5
r45l,Bad Bird - Public Eatery,Fried Chicken,4.7,26,Quezon City,True,4.7
r465,BBQ Bob - Victory Mall Pasay,BBQ,5.0,51,Pasay City,True,5.0
r46c,Lemon Hub - SM Dagupan,Milk Tea,5.0,179,Dagupan Pangasinan,True,5.0
r4ba,Chowking - Muntinlupa Bayan,Fast Food,5.0,7574,Muntinlupa City,True,5.0
r4bk,Park Avenue Desserts - Magallanes,Cakes,5.0,663,Makati City,True,5.0
r4cf,Queens at Bollywood - Serendra,Indian,4.9,977,Taguig City,True,4.9
r4cq,Muncher Cafe - Spazio Bernardo,Beverages,5.0,3506,Quezon City,True,5.0
r4cu,Pizza Hut - Evangelista,Pizza,5.0,4485,Makati City,True,5.0
r4cv,Calorie Club - Makati,Healthy,5.0,847,Makati City,True,5.0
r4ei,Nathaniel's Bakeshop - San Juan,Cakes,5.0,721,San Juan,True,5.0
r4ek,Noor - Forbestown,Western,4.9,233,Taguig City,True,4.9
r4eo,Lots'a Pizza - Paco,Pizza,5.0,2415,Manila,True,5.0
r4et,Michelle's Putong Ube - Trinoma,Filipino,5.0,60,Quezon City,True,5.0
r4fb,Kuzina Guadalupe - SM Seaside,Filipino,5.0,203,Cebu City,True,5.0
r4fo,Brique Modern Kitchen - Robinsons Galleria,Burgers,5.0,274,Cebu City,True,5.0
r4gn,Streat Side Coffee and Tea - Zobel,Milk Tea,4.8,799,Manila,True,4.8
r4hf,24/7 Super Healthy - Manila,Healthy,5.0,6596,Manila,True,5.0
r4hx,99 Peso Rice Bowls To Go - Manila,Rice Bowl,5.0,1459,Manila,True,5.0
r4ig,Banana Leaf - Rockwell,Thai,4.9,481,Makati City,True,4.9
r4jy,Samgyeop Seoul - Open Kitchen (Congre),Korean,5.0,932,Quezon City,True,5.0
r4kc,Tai Koo HK Roast - Kroma Tower,Chinese,4.7,708,Makati City,True,4.7
r4kg,Banana Leaf - Estancia Mall,Thai,5.0,697,Pasig City,True,5.0
r4ku,Tropic Fruit Bar - Sugbo Mercado,Fruit Shake,5.0,953,Cebu City,True,5.0
r4l2,BLK N' WHT - Lope de vega,Coffee,0.0,0,Manila,False,
r4mp,Dot43 Cafe - Marikina,Milk Tea,5.0,2413,Marikina,True,5.0
r4mv,Cebu Lasagna - Sugbo Mercado IT Park,Asian,5.0,2086,Cebu City,True,5.0
r4po,Kuya J Restaurant - SM Seaside,Filipino,4.9,1084,Cebu City,True,4.9
r4qn,"The Alley ""It's Time for Tea"" - SM North Edsa",Milk Tea,5.0,538,Quezon City,True,5.0
r4qv,Gong cha - Torre Lorenzo,Milk Tea,5.0,1831,Manila,True,5.0
r4rn,Incredible India Food and Product Depot - PTT,Indian,4.6,599,Makati City,True,4.6
r4ru,Plato Wraps - Ayala Malls Marikina,Wraps,5.0,251,Marikina,True,5.0
r4rx,Takaku Japanese Restaurant - Avenida,Japanese,4.9,7944,Taguig City,True,4.9
r4sd,Dampa Express - Holy Spirit,Fish,4.9,153,Quezon City,True,4.9
r4si,Super Chicken Tenders - Manila,Chicken,4.9,2960,Manila,True,4.9
r4tu,Yi Fang Taiwan Fruit Tea - Malate,Milk Tea,5.0,1929,Manila,True,5.0
r4ub,Chambee Tea Shop - Bayani Road,Milk Tea,5.0,697,Taguig City,True,5.0
r4uv,Tropic Fruit Bar - Escario,Fruit Shake,5.0,2458,Cebu City,True,5.0
r4vb,Ylaya Maki and Lumpia House - Evangeline Building,Filipino,4.9,1258,Quezon City,True,4.9
r4vh,Hot Kitchen - Grace Mall,Filipino,5.0,5491,Taguig City,True,5.0
r4w4,PICKUP COFFEE - Aeon Tower Davao,Coffee,5.0,277,Davao City Davao Del Sur,True,5.0
r4wc,LemonZilla - SM Lanang,Coffee,5.0,213,Davao City Davao Del Sur,True,5.0
r4wl,Kuya J Restaurant - Mckinley,Filipino,4.9,1171,Taguig City,True,4.9
r4wm,Jafar's Shawarma - Ayala Business Park,Wraps,5.0,5327,Cebu City,True,5.0
r4wo,iVegan Cafe Restaurant - Plaza 100,Asian,5.0,1189,Makati City,True,5.0
r4wv,Chowking - Koronadal,Fast Food,4.9,2655,Koronadal South Cotabato,True,4.9
r4xz,Paku - Cebu,Chicken Wings,5.0,940,Cebu City,True,5.0
r4yb,Boozy.ph Liquor Store - Quezon City,Beverages,5.0,433,Quezon City,True,5.0
r4zi,Apo Ni Rose Empanada & Lumpia Special - Victoria Plaza,Filipino,4.9,2413,Davao City Davao Del Sur,True,4.9
r52f,Espacio Cafe - Banawe Quezon,Coffee,0.0,0,Quezon City,False,
r52h,Proud Chicken - R Arcenas Street Banawa,Fried Chicken,5.0,22,Cebu City,True,5.0
r59w,Selecta Ice Cream Shop - General Ricarte Street,Ice Cream,5.0,41,Makati City,True,5.0
r5bm,Whistlestop - Alabang,Seafood,4.9,62,Muntinlupa City,True,4.9
r5bs,Golden Brown Specialties - Duterte St.,Filipino,5.0,1747,Davao City Davao Del Sur,True,5.0
r5dj,Gourmet Trays - Congressional,Pasta,5.0,70,Quezon City,True,5.0
r5eu,Kenji Tei Ramen House - ATC,Japanese,5.0,223,Muntinlupa City,True,5.0
r5ev,Ono Poke - Mandaluyong,Rice Bowl,5.0,1356,Mandaluyong City,True,5.0
r5fc,Fiftea - Gaisano Grand Citygate Mall,Milk Tea,5.0,661,Davao City Davao Del Sur,True,5.0
r5gl,Rice and Shine - Makati,Silog,5.0,2188,Makati City,True,5.0
r5gz,Ono Poke - BGC,Rice Bowl,5.0,1209,Taguig City,True,5.0
r5hj,Mamma Maria's Pizzeria Cafe - Lanang Branch,Pizza,4.9,751,Davao City Davao Del Sur,True,4.9
r5if,Classic Savory - SM Davao,Chicken,5.0,1519,Davao City Davao Del Sur,True,5.0
r5jd,"Angelito's Batchoy, FriedRice Atbp. - Maguikay",Filipino,5.0,3533,Cebu City,True,5.0
r5jp,Kite Kebab Bar – Salcedo,Shawarma,4.8,226,Makati City,True,4.8
r5jq,Classic Savory - Greenhills,Chicken,4.9,401,San Juan,True,4.9
r5m1,Sugarhouse - Marikina,Chicken,0.0,0,Marikina,False,
r5mn,Elsa Silogan - Urgello,Filipino,4.9,2052,Cebu City,True,4.9
r5mx,Jalslee's Grill - Pusok,Filipino,5.0,1442,Lapu-Lapu City Cebu,True,5.0
r5nd,Wildflour Italian - BGC,Pizza,5.0,710,Taguig City,True,5.0
r5ou,The Coffee Bean & Tea Leaf - Eastwood,Coffee,4.9,741,Quezon City,True,4.9
r5qb,Yi Fang Taiwan Fruit Tea - Shangri La,Milk Tea,5.0,1411,Mandaluyong City,True,5.0
r5qh,Gong Cha - Greenfield,Milk Tea,5.0,1054,Mandaluyong City,True,5.0
r5qi,Joanna's Halo-Halo & Snack - Banawa,Halo-Halo,5.0,2627,Cebu City,True,5.0
r5rr,Masta Tako - Pio Del Pilar,Takoyaki,4.9,555,Makati City,True,4.9
r5rx,I Love Milktea - Malvar,Milk Tea,5.0,418,Davao City Davao Del Sur,True,5.0
r5td,Kumokuro Ramens - Sta. Mesa,Japanese,5.0,1878,Manila,True,5.0
r5tj,Black Scoop Cafe - Festival Mall,Milk Tea,4.9,411,Muntinlupa City,True,4.9
r5ts,Spence Cafe & Kitchen - Solinea,Seafood,5.0,425,Cebu City,True,5.0
r5tz,Milk Fridge Taiwan Bubble Tea - Quezon City,Milk Tea,4.9,1342,Quezon City,True,4.9
r5um,David's Tea House - Mandaue,Chinese,5.0,1376,Cebu City,True,5.0
r5ur,Tapa King - RCBC BGC,Filipino,5.0,2238,Taguig City,True,5.0
r5vm,Wow Lechon - Katipunan Diner,Lechon,5.0,8574,Davao City Davao Del Sur,True,5.0
r5vp,Cecil's - Ecoland,Filipino,5.0,888,Davao City Davao Del Sur,True,5.0
r5vt,Souper Hot Fast Ma La Tang Hot Pot - Araneta City,Chinese,3.9,124,Quezon City,True,3.9
r5wb,Happon Ramen House - Maginhawa,Japanese,5.0,554,Quezon City,True,5.0
r5wc,Infinitea - Crossroad Tandang Sora,Milk Tea,5.0,1059,Quezon City,True,5.0
r5yf,Scout's Honor - Uptown,Desserts,4.9,775,Taguig City,True,4.9
r5yi,PARMIGIANO Ristorante Pizzeria - Newport Mall,Pizza,5.0,45,Pasay City,True,5.0
r5yq,Caramia Cakes & Gelato - BGC,Cakes,5.0,1171,Taguig City,True,5.0
r5zl,SaLang Restaurant - Ortigas Center,Korean,5.0,3120,Pasig City,True,5.0
r65x,Tapa King - California Garden Mandaluyong City,Filipino,5.0,216,Mandaluyong City,True,5.0
r69h,Siomai Grets - Malolos,Siomai,0.0,0,Malolos Bulacan,False,
r6b5,The Matcha Tokyo - Robinsons Magnolia,Beverages,0.0,0,Quezon City,False,
r6by,Kape Sur - Phil. Stock Exchange Pasig,Coffee,5.0,516,Pasig City,True,5.0
r6cs,Wendy's - S&R Shaw Boulevard,Burgers,5.0,4572,Mandaluyong City,True,5.0
r6cv,Gong cha - Abreeza Mall,Milk Tea,5.0,1741,Davao City Davao Del Sur,True,5.0
r6da,Bober Tea Express - Ayala Malls Vertis North,Milk Tea,5.0,444,Quezon City,True,5.0
r6de,Kape Sur - BGC,Coffee,5.0,682,Taguig City,True,5.0
r6dq,The Mess Hall by The Moment Group - Karrivin Plaza,Filipino,4.9,249,Makati City,True,4.9
r6dv,Kharabons - Alabang,Fried Chicken,4.9,950,Muntinlupa City,True,4.9
r6dy,Cecil's - Anda,Filipino,5.0,1757,Davao City Davao Del Sur,True,5.0
r6ef,Peri-Peri Charcoal Chicken & Sauce Bar - Uptown Parade,Chicken,5.0,1201,Taguig City,True,5.0
r6ep,Tokyo Tempura - Market Market,Japanese,5.0,426,Taguig City,True,5.0
r6ew,Mang Inasal - Gate 3,Chicken,5.0,3650,Taguig City,True,5.0
r6ex,Sinangag Station - Maginhawa,Filipino,5.0,1595,Quezon City,True,5.0
r6ge,Bakmi Nyonya - Pioneer,Cakes,5.0,363,Mandaluyong City,True,5.0
r6gg,The Lobby Cafe - Arcadia,Beverages,5.0,373,Davao City Davao Del Sur,True,5.0
r6hs,Chica's Bagnet Express - Shoppers' Mart,Filipino,4.7,199,Manila,True,4.7
r6ih,DiCofi - Valero Plaza,Noodles,5.0,687,Makati City,True,5.0
r6im,Black Scoop Cafe - UST Dapitan,Milk Tea,5.0,2403,Manila,True,5.0
r6it,Helen's Kitchen - Buhangin,Filipino,5.0,496,Davao City Davao Del Sur,True,5.0
r6iw,Peri-Peri Charcoal Chicken & Sauce Bar - Alabang Town Center,Chicken,5.0,366,Muntinlupa City,True,5.0
r6j0,Buri-Bap Japanese & Korean Rice Bowls - The Tents Zeta Tower,Japanese,5.0,18,Quezon City,True,5.0
r6jn,Kuya J Restaurant - Island Central Mall,Ulam,4.9,394,Lapu-Lapu City Cebu,True,4.9
r6ka,Salvatore Cuomo Cafe - The Podium Mall,Pasta,5.0,292,Mandaluyong City,True,5.0
r6ks,Merry Mango - Gaisano Illustre,Beverages,5.0,684,Davao City Davao Del Sur,True,5.0
r6lo,The Sandwich Guy - Alabang,Sandwiches,4.9,1750,Muntinlupa City,True,4.9
r6lt,Marrie's Kitchen - Davao,Pasta,4.8,507,Davao City Davao Del Sur,True,4.8
r6ne,Kanzen Sushi Roll - San Juan,Sushi,5.0,453,San Juan,True,5.0
r6np,Lots'A Pizza - Edsa Malibay,Pizza,5.0,1421,Pasay City,True,5.0
r6nr,8CUTS - Rockwell,Burgers,5.0,1201,Makati City,True,5.0
r6nt,RACKS - Tiendesitas,American,5.0,1200,Pasig City,True,5.0
r6ow,MLK and TEA - Adriatico,Milk Tea,4.9,1829,Manila,True,4.9
r6pt,Tapsulit - M. Dela Cruz,Filipino,5.0,2458,Pasay City,True,5.0
r6qf,Classic Savory - Festival Mall,Chicken,5.0,426,Muntinlupa City,True,5.0
r6qj,Le Sucre Lab - The Annex SM City Noth Edsa,Cakes,5.0,355,Quezon City,True,5.0
r6r5,Boulanger by Instabread - Marfori,Ulam,0.0,0,Davao City Davao Del Sur,False,
r6rg,Michelle's Putong Ube - Gilmore,Filipino,4.9,172,Quezon City,True,4.9
r6si,Manam - Ermita,Filipino,4.9,2571,Manila,True,4.9
r6sz,Hap Chan - One Ecom,Chinese,5.0,37,Pasay City,True,5.0
r6tr,Chowking - Malolos,Fast Food,5.0,6502,Malolos Bulacan,True,5.0
r6tx,Whistlestop - Jupiter,Asian,4.8,55,Makati City,True,4.8
r6tz,Burger 3001 - Evangelista,Burgers,5.0,280,Makati City,True,5.0
r6uh,Nathaniel's Bakeshop - Timog,Cakes,5.0,869,Quezon City,True,5.0
r6uu,Pancit Ng Taga Malabon - Del Monte,Pancit,5.0,176,Quezon City,True,5.0
r6va,Chicken Basket Restaurant - Marius Arcadia,Filipino,5.0,1492,Pasig City,True,5.0
r6vg,Big Mama - Makati,Korean,5.0,502,Makati City,True,5.0
r6vn,Boozy.ph Liquor Store - Makati,Beverages,5.0,1295,Makati City,True,5.0
r6vv,Banana Leaf - SM Aura,Thai,5.0,931,Taguig City,True,5.0
r6xi,Pizza Hut - CM Recto,Pizza,5.0,1759,Manila,True,5.0
r6yb,One Zo Tapioca - Banawe,Milk Tea,5.0,2674,Quezon City,True,5.0
r6yh,Tender Bob's - Greenhills,American,5.0,33,San Juan,True,5.0
r6zs,Peri-Peri Charcoal Chicken & Sauce Bar - SM Megamall,Chicken,4.9,820,Mandaluyong City,True,4.9
r6zs,Peri-Peri Charcoal Chicken and Sauce Bar - SM Megamall,Chicken,4.9,820,Mandaluyong City,True,4.9
r70g,Capt. Chef Silogan - Sampaguita Street,Silog,4.9,134,Makati City,True,4.9
r75b,Katsu Sama - Xavierville,Japanese,5.0,52,Quezon City,True,5.0
r782,Balai Pandesal & Ling Nam Fried Siopao - The Podium,Bread,5.0,259,Mandaluyong City,True,5.0
r7aq,Classic Savory - SM Manila,Chicken,5.0,1162,Manila,True,5.0
r7bk,Tim Hortons - Blue Bay Walk,Coffee,5.0,7669,Pasay City,True,5.0
r7ch,Nanyang - SM Aura,Chicken,5.0,771,Taguig City,True,5.0
r7cq,Romeo's Sisigan - Dakbayan,Sisig,5.0,2008,Davao City Davao Del Sur,True,5.0
r7ct,Evan's Goto - San Andres,Filipino,4.9,5771,Manila,True,4.9
r7de,24/7 Wings - Manila,Chicken Wings,4.9,948,Manila,True,4.9
r7dg,LekLek Mango Float & Fruitshakes - E.Quintos,Fruit Shake,4.9,301,Manila,True,4.9
r7dp,Kenji Tei Ramen House - Greenbelt,Japanese,5.0,140,Makati City,True,5.0
r7dq,Max's Restaurant - Starmall EDSA,Chicken,5.0,560,Mandaluyong City,True,5.0
r7fu,Tim Hortons - Greenhills,Coffee,5.0,6454,San Juan,True,5.0
r7gk,50嵐 (Fiftea) - Robinsons Otis,Milk Tea,4.9,676,Manila,True,4.9
r7gp,Mega Milk - Mabolo Gagfa,Milk Tea,5.0,4766,Cebu City,True,5.0
r7h7,Ate Rica's Bacsilog - Worldwide Corporate Center,Silog,4.9,714,Mandaluyong City,True,4.9
r7hy,Le Sucre Lab Chocolates - Alabang Town Center,Cakes,5.0,358,Muntinlupa City,True,5.0
r7i3,Greenwich - LG Garden Walk Mactan Sto. Niño,Pizza,5.0,927,Lapu-Lapu City Cebu,True,5.0
r7ip,Buffalo Swing Cafe - Dr Sixto,Pasta,5.0,548,Pasig City,True,5.0
r7je,Pizza Hut - Kalentong,Pizza,5.0,3735,Mandaluyong City,True,5.0
r7jq,Pho Bac Vietnamese Specialties - Glorietta,Noodles,5.0,356,Makati City,True,5.0
r7kg,Beiruti Bite Express - Pioneer,Shawarma,5.0,5788,Mandaluyong City,True,5.0
r7lk,Barrio Fiesta - Makati Avenue,Filipino,5.0,1235,Makati City,True,5.0
r7mg,Honestea - Bajada,Milk Tea,5.0,322,Davao City Davao Del Sur,True,5.0
r7mx,Happon Ramen House - Marikina,Japanese,4.9,314,Marikina,True,4.9
r7nb,Tiong Bahru Boneless Hainanese Chicken Rice - Met Live,Chinese,5.0,1166,Pasay City,True,5.0
r7ov,Sauce Chef - Villamor,Rice Dishes,5.0,3599,Pasay City,True,5.0
r7pg,Banana Pancake Trail - Escario,Asian,5.0,6030,Cebu City,True,5.0
r7pv,Red Ribbon - Gaisano Ilustre,Cakes,5.0,925,Davao City Davao Del Sur,True,5.0
r7px,Makati Wings - Santa Cruz,Chicken Wings,4.9,663,Makati City,True,4.9
r7py,Cebu's Ayers Lechon - E-Mall,Lechon,4.7,290,Cebu City,True,4.7
r7qr,Shakey's Pizza - Domestic,Pizza,4.9,1630,Pasay City,True,4.9
r7qv,Wendy's - PITX,Burgers,4.9,992,Pasay City,True,4.9
r7sp,Parikit Lucban Specialties - Santa Elena,Filipino,5.0,320,Marikina,True,5.0
r7tv,Chōru Chicken - Arnaiz Street,Fried Chicken,4.9,1490,Pasay City,True,4.9
r7uf,Lydia's Lechon - Cash And Carry,Filipino,4.9,816,Manila,True,4.9
r7ux,Hanako - Townville,Japanese,5.0,456,Quezon City,True,5.0
r7vt,Ooma - BGC,Japanese,5.0,1920,Taguig City,True,5.0
r7wp,Sincerity Cafe & Restaurant- Quintin Paredes St.,Chinese,5.0,1097,Manila,True,5.0
r7xp,Pizza Hut - Concepcion Bayan Bayanan,Pizza,5.0,2841,Marikina,True,5.0
r7xr,Minute Burger - Cabrera,American,4.9,1950,Pasay City,True,4.9
r7yb,Sincerity Cafe & Restaurant - Banawe,Chinese,5.0,1476,Quezon City,True,5.0
r7yo,Sushi Nori - Glorietta,Sushi,5.0,823,Makati City,True,5.0
r7yz,Isshin Japanese Restaurant - Arnaiz,Japanese,5.0,1647,Makati City,True,5.0
r81w,Mano Chicken - Maceda,Fried Chicken,4.6,67,Manila,True,4.6
r832,Barcino - NUSTAR Resort and Casino,Ulam,0.0,0,Cebu City,False,
r88b,Puzzles Takoyaki - SM Ecoland,Takoyaki,4.9,141,Davao City Davao Del Sur,True,4.9
r89e,71 Food house and Catering Services - Toril,Ulam,4.7,23,Davao City Davao Del Sur,True,4.7
r8an,Gong cha - Technopoint,Milk Tea,5.0,732,Pasig City,True,5.0
r8ax,Mo' Cookies - Rockwell,Desserts,5.0,411,Makati City,True,5.0
r8b3,Lucky Boba Milktea - Perla Street,Snacks,5.0,149,Manila,True,5.0
r8bx,Katsu Country - Junction Building,Japanese,5.0,999,Davao City Davao Del Sur,True,5.0
r8cl,Jickong's - MTS,Filipino,5.0,507,Davao City Davao Del Sur,True,5.0
r8cx,Burger Beast - Maginhawa,Burgers,4.9,1377,Quezon City,True,4.9
r8de,Black Scoop Cafe - Avida BGC,Milk Tea,5.0,1826,Taguig City,True,5.0
r8dj,Belly Good - Dona Juliana,Filipino,4.9,1012,Pasig City,True,4.9
r8do,Nono's - Festival Mall,Sandwiches,5.0,361,Muntinlupa City,True,5.0
r8ee,Red Gate Pizzeria - General Echavez,Pizza,5.0,690,Cebu City,True,5.0
r8ex,Tim Hortons - San Lorenzo Place,Coffee,5.0,2090,Makati City,True,5.0
r8ez,Chachago - Obrero,Milk Tea,5.0,2570,Davao City Davao Del Sur,True,5.0
r8ft,Ohayo Bubble Tea & Cafe - Air Force Road,Milk Tea,5.0,4155,Quezon City,True,5.0
r8fx,"Tola, Kan-anan sa Balay Oboza",Filipino,4.9,182,Davao City Davao Del Sur,True,4.9
r8ge,Crave 'N' Chill - Project 6,Milk Tea,5.0,508,Quezon City,True,5.0
r8gq,Beanhi - MH Del Pilar,Coffee,5.0,66,Marikina,True,5.0
r8gt,Kink Cakes Commonwealth - Holy Spirit,Cakes,4.9,34,Quezon City,True,4.9
r8hb,Asakusa: Home of Tempura - The Grove by Rockwell,Japanese,5.0,386,Pasig City,True,5.0
r8hc,Zaifu Japanese Restaurant - Power Plant Mall,Japanese,4.9,533,Makati City,True,4.9
r8hf,Gulu Gulu PH - Mayon,Milk Tea,5.0,2465,Quezon City,True,5.0
r8hh,Simply Thai - Greenbelt 5,Thai,5.0,823,Makati City,True,5.0
r8hx,Merry Moo - SM Megamall,Ice Cream,5.0,145,Mandaluyong City,True,5.0
r8ir,Habitual Coffee - Salcedo,Coffee,5.0,302,Makati City,True,5.0
r8jb,Shakey's Pizza - Ayala Feliz,Pizza,5.0,520,Pasig City,True,5.0
r8kj,Healthy To Go - Makati,Healthy,5.0,2040,Makati City,True,5.0
r8kp,Suki Gyouza - Makati,Japanese,5.0,928,Makati City,True,5.0
r8kv,Chowking - Waltermart Guiguinto,Fast Food,5.0,4472,Malolos Bulacan,True,5.0
r8lh,Kaizen Davao - Torres,Japanese,5.0,503,Davao City Davao Del Sur,True,5.0
r8ls,Shakey's Pizza - Shaw 500,Pizza,5.0,1565,Mandaluyong City,True,5.0
r8ly,Peri-Peri Charcoal Chicken & Sauce Bar - Ayala North Exchange,Chicken,5.0,1879,Makati City,True,5.0
r8mc,Tim Hortons - San Lazaro,Coffee,5.0,13730,Manila,True,5.0
r8mg,Jad's Grill - Cabantian,Filipino,4.8,1182,Davao City Davao Del Sur,True,4.8
r8mt,Flossom Kitchen + Cafe - Flossom Place,Pasta,5.0,448,San Juan,True,5.0
r8n6,Starbucks - 515 Shaw,Coffee,5.0,3028,Mandaluyong City,True,5.0
r8nc,Minute Burger - BCDA,American,5.0,1996,Taguig City,True,5.0
r8nf,Hot Kitchen - M Place @ South Triangle,Filipino,5.0,2979,Quezon City,True,5.0
r8nk,Wing Zone - Ayala North Exchange,Chicken,4.9,2059,Makati City,True,4.9
r8nq,Jolly Bubble Taiwanese Cuisine - Lahug,Coffee,5.0,2835,Cebu City,True,5.0
r8op,Manam - SM Megamall,Filipino,4.9,1448,Mandaluyong City,True,4.9
r8rf,Classic Savory - One E-Com Center,Chicken,5.0,340,Pasay City,True,5.0
r8rs,Jollibee - Baliuag 1,Fast Food,5.0,4816,Malolos Bulacan,True,5.0
r8sk,Gryn Wasabi Sushi Bar - Pasay,Sushi,5.0,109,Pasay City,True,5.0
r8sx,Puesto Restaurant - The Greenary,Western,5.0,856,Cebu City,True,5.0
r8ta,Classic Savory - Robinsons Galleria,Chicken,5.0,241,Quezon City,True,5.0
r8tl,Cafe Meraki - Makati (Pio),Milk Tea,5.0,1672,Makati City,True,5.0
r8uc,Rarjap Sushi House - Sta. Ana,Healthy,5.0,2859,Manila,True,5.0
r8uo,Le Sucre Lab Chocolates - SM Megamall,Cakes,5.0,909,Mandaluyong City,True,5.0
r8uv,Street Ramen - Makati,Japanese,4.8,2144,Makati City,True,4.8
r8wc,Hanamaruken Ramen - BGC,Japanese,5.0,730,Taguig City,True,5.0
r8wj,Kuya J Restaurant - SM Lanang,Filipino,4.8,364,Davao City Davao Del Sur,True,4.8
r8xy,Pizza Hut - Sta Ana,Pizza,5.0,4319,Manila,True,5.0
r8yg,MiPanda Milk Tea Hub - Grass Residences,Milk Tea,5.0,957,Quezon City,True,5.0
r8ys,Banana Leaf - Greenhills,Thai,4.8,365,San Juan,True,4.8
r8zc,Seabu - Mandaue,Seafood,5.0,3318,Cebu City,True,5.0
r8zl,Minute Burger - Gastambide,American,5.0,2525,Manila,True,5.0
r8zq,99 Peso Sulit Chicken - Makati,Chicken,5.0,6347,Makati City,True,5.0
r8zv,My Falafel - The Fort Strip,Shawarma,5.0,100,Taguig City,True,5.0
r98p,Toniq Juice Bar - Ayala Center Cebu,Beverages,5.0,80,Cebu City,True,5.0
r9ab,BO's Coffee - Espana,Coffee,5.0,7028,Manila,True,5.0
r9ah,Ikigai Japanese Restaurant - Spring Valley,Rice Bowl,4.9,2377,Davao City Davao Del Sur,True,4.9
r9aj,Michelle's Putong Ube - Mandaluyong,Filipino,5.0,338,San Juan,True,5.0
r9cd,Elsa Silogan - Basak,Filipino,4.9,2598,Cebu City,True,4.9
r9cq,Shakey's Pizza - Cityland Pioneer,Pizza,4.9,2242,Mandaluyong City,True,4.9
r9cs,Mabini BBQ Haus - Roxas,BBQ,4.8,801,Davao City Davao Del Sur,True,4.8
r9ds,Dimsum Diner - Damosa,Chinese,4.9,1065,Davao City Davao Del Sur,True,4.9
r9ej,Kuya J Restaurant - SM City Ecoland,Filipino,4.9,308,Davao City Davao Del Sur,True,4.9
r9f7,Leo Food Services ( Muntinlupa City),Pizza,0.0,0,Quezon City,False,
r9fj,"Nid's Balot 'n Bilao - Edsa, Boni",Filipino,5.0,6076,Mandaluyong City,True,5.0
r9gn,Lanie's Halo-Halo,Halo-Halo,5.0,828,Davao City Davao Del Sur,True,5.0
r9gr,Bubble & Brew - Guizo,Milk Tea,5.0,1865,Cebu City,True,5.0
r9gt,JH Garden Cafe- Juan Luna Branch,Coffee,4.0,50,Davao City Davao Del Sur,True,4.0
r9gy,Barefruit Guyabano - Victoria Plaza,Beverages,5.0,469,Davao City Davao Del Sur,True,5.0
r9hd,Shakey's Pizza - Gil Fernando,Pizza,5.0,1500,Marikina,True,5.0
r9hf,RoyalTea - San Juan,Beverages,5.0,745,San Juan,True,5.0
r9hn,Chili's - Manila Bay,American,5.0,138,Pasay City,True,5.0
r9hx,Yi Fang Taiwan Fruit Tea - Rufino,Milk Tea,5.0,1370,Makati City,True,5.0
r9jm,Maricar's - Quezon City,Cakes,5.0,277,Quezon City,True,5.0
r9kn,Black Canyon Coffee - Circuit Makati,American,5.0,883,Makati City,True,5.0
r9kt,McDonald's - SPMC,Fast Food,5.0,18594,Davao City Davao Del Sur,True,5.0
r9lg,Nitro 7 Coffee & Tea Bar - Glorietta,Coffee,5.0,123,Makati City,True,5.0
r9lk,Nid's Balot 'n Bilao - E. Rodriguez,Filipino,5.0,2662,Quezon City,True,5.0
r9mk,Chowking - Dagupan,Fast Food,4.9,2941,Dagupan Pangasinan,True,4.9
r9oh,One Zo Tapioca - Greenhills Promenade,Milk Tea,5.0,1214,San Juan,True,5.0
r9pj,Patok sa Manok - Lanang,Chicken,5.0,2345,Davao City Davao Del Sur,True,5.0
r9pq,Pies and Pies Pizzeria - Urban Homes,Pizza,4.9,447,Cebu City,True,4.9
r9ps,Black Canyon Coffee - UP Town Center,American,5.0,506,Quezon City,True,5.0
r9pw,Toryano's Chicken Haus - SM Lanang,Filipino,4.9,407,Davao City Davao Del Sur,True,4.9
r9px,Mr. Liempo - E.rod,Liempo,5.0,1192,San Juan,True,5.0
r9qq,ShareTea - Petron P. Guevarra,Milk Tea,5.0,2188,San Juan,True,5.0
r9qt,Ramen Daisho - The Rise,Japanese,4.9,541,Makati City,True,4.9
r9re,Ooma - Megamall,Japanese,4.9,1114,Mandaluyong City,True,4.9
r9rn,Tim Hortons - Estancia,Coffee,5.0,14407,Pasig City,True,5.0
r9sl,Michelle's Putong Ube - San Juan,Filipino,0.0,0,San Juan,False,
r9su,Humba Heaven - Sugbo Mercado,Filipino,5.0,1529,Cebu City,True,5.0
r9sx,Family Fried Chicken - Matutum,Chinese,5.0,2370,Quezon City,True,5.0
r9td,New Asia Restaurant - Tan Building,Filipino,4.9,1008,Davao City Davao Del Sur,True,4.9
r9ty,Crepeman Cafe - Kapitolyo,Sandwiches,5.0,740,Pasig City,True,5.0
r9ue,Dadax FoodShoppe - Dona Rosario,Filipino,5.0,2000,Cebu City,True,5.0
r9ui,Earl of Sandwich - Mall Of Asia,Sandwiches,4.9,71,Pasay City,True,4.9
r9uq,Farinas Ilocos Empanada - Pasig Blvd,Filipino,5.0,1001,Pasig City,True,5.0
r9uy,PeteChel's Bulalo House - EGI Building,Filipino,5.0,2604,Makati City,True,5.0
r9xd,Carousel Creamery - San Juan,Ice Cream,5.0,300,San Juan,True,5.0
r9yf,Firehouse Pizza - Civic Drive,Pizza,5.0,132,Muntinlupa City,True,5.0
r9zf,Papa Diddi's Handcrafted Ice Cream - Eastwood Mall,Ice Cream,5.0,62,Quezon City,True,5.0
r9zs,Kate's Specialty - Buhangin,Filipino,5.0,231,Davao City Davao Del Sur,True,5.0
ra1u,B1T1 Takeaway Coffee - Fort Palm Spring,Beverages,0.0,0,Taguig City,False,
ra54,Takoyaki J - Visayas Medical Center,Takoyaki,0.0,0,Cebu City,False,
rad7,Pan De Manila - JP Rizal Marikina,Bread,0.0,0,Marikina,False,
ragh,Go Bento - Legarda,Japanese,5.0,709,Manila,True,5.0
raor,Minute Burger - Pembo,American,5.0,520,Makati City,True,5.0
rapz,Luke’s Seafoods -  Vulcan Street,Sushi,4.9,90,Taguig City,True,4.9
ratf,Burger Beast - Ortigas,Burgers,0.0,0,Mandaluyong City,False,
rava,8Cuts - Quezon City,American,4.9,66,Quezon City,True,4.9
rawr,Hungry Barry - Pasay,Chicken,4.8,47,Pasay City,True,4.8
rb10,Rarjap Rice N Box - Santolan Road,Filipino,5.0,403,San Juan,True,5.0
rb3l,Cookies by the Bucket - Waltermart Makati,Desserts,0.0,0,Makati City,False,
rb8x,DQ Cakes - Alphaland Makati,Cakes,5.0,17,Makati City,True,5.0
rb9s,Diner's Grill & Sizzling Hub - Buhangin,Filipino,4.9,441,Davao City Davao Del Sur,True,4.9
rbl8,Wings & Chops - Narra Street,Fried Chicken,5.0,135,Quezon City,True,5.0
rblq,Jo’s Milagrina Restaurant,Chicken,5.0,206,Ormoc Leyte,True,5.0
rblq,Jo's Chicken Inato Milagrina - Real,Chicken,5.0,192,Ormoc Leyte,True,5.0
rblw,HURRY CURRY in AbacaEats - Vista Mar Mactan,Indian,0.0,0,Lapu-Lapu City Cebu,False,
rbpk,Sunburst Fried Chicken - SM City Cebu,American,5.0,273,Cebu City,True,5.0
rbui,Puno's Ice Cream and Sherbet - Mandaluyong,Ice Cream,5.0,192,Mandaluyong City,True,5.0
rc0f,Teasay Avenue by Southwing - Damosa,Milk Tea,4.9,48,Davao City Davao Del Sur,True,4.9
rc3p,Fei Mui Premium Roasts - C Raymundo Avenue,Chinese,4.7,29,Pasig City,True,4.7
rc6k,Rhian Ramos' Healthy Appetite - Fairview,Chicken,4.9,310,Quezon City,True,4.9
rcb1,Singko Star Lucky Fried Chicken - Cebu,Fried Chicken,4.9,33,Cebu City,True,4.9
rcd9,PAUL Le Café - SM North Edsa,Italian,0.0,0,Quezon City,False,
rch5,Wing Bomb Korean Chicken Wings - Pasig,Fried Chicken,4.9,1440,Pasig City,True,4.9
rcjl,Starr's Famous Shakes - UST Pacific Icon 2,Desserts,5.0,208,Manila,True,5.0
rcos,Bored Egg - Binondo,Sandwiches,5.0,169,Manila,True,5.0
rctb,Halu Kopi - Makati,Coffee,5.0,11,Makati City,True,5.0
rctx,Papangss Lechon House - Matina Aplaya,Lechon,0.0,0,Davao City Davao Del Sur,False,
rcul,Eric Kayser -  Mitsukoshi Mall,Bread,0.0,0,Taguig City,False,
rcup,Alexsea Delicatessen - Farmers Market Cubao,Sushi,5.0,708,Manila,True,5.0
rcv8,Baga Burger - Sauyo Novaliches,Burgers,4.9,87,Quezon City,True,4.9
rczu,NYFD (New York Fries and Dips) - SM City Muntinlupa,Fries,4.6,26,Muntinlupa City,True,4.6
rd0p,Geland Sugbahan,Filipino,5.0,429,Pasig City,True,5.0
rd1c,"Diner Daddy: Burgers, Chicken & More - Marikina",Fast Food,5.0,425,Marikina,True,5.0
rd5q,LAUAN Restaurant - Kapitolyo,Seafood,4.9,28,Pasig City,True,4.9
rd8h,Don Ramon's Old School Sisig House,Fast Food,0.0,0,Pasig City,False,
rda1,Healthy To Go - Marikina Heights,Healthy,5.0,863,Marikina,True,5.0
rda5,Yogorino - Mitsukoshi Mall,Desserts,4.4,11,Taguig City,True,4.4
rdce,Nanyang - Robinsons Manila,Chicken,4.9,509,Manila,True,4.9
rdfn,Red Lizard - Ayala Center Cebu,American,4.9,46,Cebu City,True,4.9
rdgm,The Bad Shot Coffee - Tomas Mapua Street,Coffee,0.0,0,Manila,False,
rdj2,Silog Express Atbp. - Pasay,Silog,4.9,459,Pasay City,True,4.9
rdly,Savor and Kribs Cafe - Intramuros,Filipino,4.7,29,Manila,True,4.7
rdpy,Tikim Takam - Antonio Luz Arcade,Filipino,4.7,101,Marikina,True,4.7
rdt0,Sib's Coffee by Silog In A Box - Matina,Filipino,4.9,68,Davao City Davao Del Sur,True,4.9
re0a,King Chef - SM Cherry Shaw,Chinese,4.9,21,Mandaluyong City,True,4.9
re0y,Uncle John's - Roxas Boulevard,Chicken,4.9,61,Pasay City,True,4.9
re3u,Mr. Monk - Eastwood Mall,Siomai,0.0,0,Quezon City,False,
re42,Chooks to Go - Mightee Mart Soldier Hills,Chicken,5.0,243,Muntinlupa City,True,5.0
re79,Kuy's Lechon Restaurant - Lahug,Lechon,0.0,0,Cebu City,False,
re8l,Tummy Tea - Deca Mall,Milk Tea,5.0,71,Manila,True,5.0
re92,Teriyaki Boy - The Cabanas,Japanese,4.9,131,Malolos Bulacan,True,4.9
redd,Sajang Chicken - Lilac Street,Chicken,5.0,686,Marikina,True,5.0
reeg,Sabroso Lechon - C Palanca,Snacks,0.0,0,Makati City,False,
regp,Auro Chocolate Cafe - BGC,Snacks,5.0,37,Taguig City,True,5.0
reim,This is it: Unli Wings - F. Roxas,Chicken Wings,0.0,0,Manila,False,
rej9,Recovery Food - Stopover,Filipino,5.0,438,Taguig City,True,5.0
repf,AX Pancit Con Lechon - Boni Avenue,Pancit,5.0,164,Mandaluyong City,True,5.0
rewj,M&A’s Tapsilogan,Filipino,0.0,0,Quezon City,False,
reyd,"Paotsin - Metro Supermarket Market Market, Basement",Dumpling,5.0,3593,Taguig City,True,5.0
rezj,The Thai Plate - BGC,Thai,5.0,55,Makati City,True,5.0
rezs,Pater sa Tisa - Katipunan Street,Unknown,5.0,3820,Cebu City,True,5.0
rf0r,Amare La Cucina - Megamall,Pizza,4.9,67,Mandaluyong City,True,4.9
rfcw,Parekoys Grill - MCF Lifestyle Hub,Filipino,5.0,103,Malolos Bulacan,True,5.0
rfd2,Mr. Jjang Dak Tasty Fried Chicken House - Arellano Luxury Pad,Chicken,5.0,220,Manila,True,5.0
rfgh,Coffee 101 - Marfori,Coffee,5.0,164,Davao City Davao Del Sur,True,5.0
rfka,Cooler City - Novaliches Quirino,Ice Cream,0.0,0,Quezon City,False,
rfkn,Tealive - SM North Edsa,Milk Tea,5.0,1273,Quezon City,True,5.0
rftr,Tagaytay Bulalo Specials - Shaw Boulevard,Soups,5.0,225,Mandaluyong City,True,5.0
rfwu,Dolora's Hauz Of Pancit Malabon - Kalumpang,Pancit,5.0,831,Marikina,True,5.0
rfxo,S.A.L.O. - SM City San Lazaro,Filipino,4.9,86,Manila,True,4.9
rg5w,Vee-Win Food House - Pasay,Asian,5.0,673,Pasay City,True,5.0
rg5z,19 Nineteen Degrees - Eastwood,Milk Tea,5.0,631,Quezon City,True,5.0
rgc5,Little While Coffee Shop - M.A. Roxas St.,Coffee,0.0,0,Marikina,False,
rgj5,Dinuguan Republique - Salinas Drive,Ulam,0.0,0,Cebu City,False,
rgjn,Cooler City - Russel Ave Baclaran,Ice Cream,0.0,0,Pasay City,False,
rgkh,CHIBOG! 24 Hours - Scout Ybardolaza,Filipino,0.0,0,Quezon City,False,
rgno,Hungry Humans - Sandoval Avenue,Chicken Wings,5.0,76,Pasig City,True,5.0
rgr3,Takoyakim Ramen Bar - Pinagbakahan Malolos,Takoyaki,4.9,289,Malolos Bulacan,True,4.9
rguf,Taste of Joy - Bayanan,Filipino,5.0,973,Muntinlupa City,True,5.0
rhbj,Tiong Bahru Boneless Hainanese Chicken Rice - One Ayala Mall,Chicken,5.0,36,Makati City,True,5.0
rhc2,Yoboo by Chaboba - Marikina Heights,Beverages,5.0,142,Marikina,True,5.0
rhcw,TGI Fridays - Estancia,American,0.0,0,Pasig City,False,
rhei,Mister Donut - Valencia,Donut,5.0,31,Valencia Bukidnon,True,5.0
rhel,Candid Coffee Shangri-La,Coffee,5.0,21,Mandaluyong City,True,5.0
rhg2,Ivan's Goto,Filipino,5.0,11,Pasig City,True,5.0
rhgr,Samy Samgy Unlimited Grill and Hotpot - Herbosa Street,Japanese,4.9,141,Manila,True,4.9
rhr9,Our Third Cafe - Perez Boulevard,Coffee,0.0,0,Dagupan Pangasinan,False,
rht0,Enzo's Pizza - Crocodile Park,Burgers,5.0,58,Davao City Davao Del Sur,True,5.0
rhus,Takoyaken Takoyaki - Circle C,Japanese,0.0,0,Quezon City,False,
rhxj,CLUCK IT! - C. Raymundo,Chicken,5.0,50,Pasig City,True,5.0
ri6s,Mean Greens - South Triangle,Salads,5.0,1425,Quezon City,True,5.0
ri8p,Sopranos Pizza - Quezon City,Pizza,0.0,0,Quezon City,False,
riaa,Chimmy - Ayala Malls Marikina,Beverages,5.0,15,Marikina,True,5.0
rimk,Chica's Bagnet Express - VPVD,Liempo,0.0,0,Mandaluyong City,False,
riww,The Crunch - Graceland Malolos,Fried Chicken,5.0,181,Malolos Bulacan,True,5.0
riz6,PICKUP COFFEE - Garden Bloc,Coffee,4.9,1791,Cebu City,True,4.9
rj1l,Halo Halo of the Year - 20th Avenue,Takoyaki,4.9,674,Quezon City,True,4.9
rj3g,Babo Pizza Halal,Filipino,0.0,0,Taguig City,False,
rj4d,The Salted Wings,Chicken,0.0,0,Quezon City,False,
rj7y,Tori Kraze - San Juan,Japanese,4.9,255,San Juan,True,4.9
rjeu,Lukas Cafe - Bonifacio,Asian,4.9,93,Davao City Davao Del Sur,True,4.9
rjkk,Big Brew - Regalado,Milk Tea,5.0,182,Quezon City,True,5.0
rjmm,Friends Fries - Ayala Malls Cloverleaf,Fries,5.0,82,Quezon City,True,5.0
rjpm,Kape Pahinahan - 3776 Mascardo Street,Filipino,0.0,0,Makati City,False,
rjtz,Saints and Lattes Restaurant - Maginhawa Branch,Beverages,0.0,0,Quezon City,False,
rk14,Marugame Udon - SM MOA,Japanese,5.0,1540,Pasay City,True,5.0
rk38,Formosa Taiwan Milktea - Central Bloc,Milk Tea,0.0,0,Cebu City,False,
rk4f,CLAUDS CAFETERIA - SUNVAR PLAZA,Filipino,0.0,0,Makati City,False,
rkaz,Golden Mami House - Burgos,Filipino,5.0,779,Dagupan Pangasinan,True,5.0
rkcu,JUJA BREW & BITES,Beverages,5.0,18,Quezon City,True,5.0
rkdo,Don Benito's - Subangdako,Cakes,5.0,366,Lapu-Lapu City Cebu,True,5.0
rkjy,Barcada by Malabar - SM City East Ortigas,Fruit Shake,0.0,0,Pasig City,False,
rkkq,Timplang Pinoy: Filipino Eats - Malolos,Filipino,4.9,139,Malolos Bulacan,True,4.9
rkno,Macao Imperial Tea - Greenhills,Beverages,4.9,57,San Juan,True,4.9
rksx,Selecta Ice Cream Shop - Bayswater Subdivision,Ice Cream,0.0,0,Lapu-Lapu City Cebu,False,
rku0,Mangiamo Ristorante,Italian,5.0,15,Makati City,True,5.0
rkzj,Cafe De Gram - Javelin Street,Coffee,5.0,177,Davao City Davao Del Sur,True,5.0
rkzq,Uncle John's - Benavidez Makati,Chicken,4.9,64,Makati City,True,4.9
rl7l,Cafe 408 - The Rock Holy Spirit,Coffee,0.0,0,Quezon City,False,
rlc6,Turks - SM City Cebu Foodcourt,Shawarma,4.9,100,Cebu City,True,4.9
rle2,Cabalen - TriNoma,Ulam,4.9,39,Quezon City,True,4.9
rle9,Ramen Nagi - EDSA Shangri-La Plaza,Ramen,0.0,0,Mandaluyong City,False,
rlgb,Greek Alpha - Mall of Asia,Shawarma,5.0,1,Pasay City,True,5.0
rlhe,BENTO - GO - Congressional,Rice Bowl,4.4,16,Quezon City,True,4.4
rlja,Lugaw Republic - Malolos City,Filipino,4.9,204,Malolos Bulacan,True,4.9
rlkk,Chixboy Grill - Juna,Filipino,5.0,217,Davao City Davao Del Sur,True,5.0
rlm9,Jim Hoppers Pizza Point - Lanang,Pizza,5.0,395,Davao City Davao Del Sur,True,5.0
rlmf,Cheggs Pastries and Desserts Shop - Ayala Central Block,Filipino,0.0,0,Cebu City,False,
rlsw,Goto Pilipinas  - Waltermart E Rodriguez,Filipino,4.7,16,Quezon City,True,4.7
rlwj,Tasty & Healthy Bowls - Roosevelt Avenue,Rice Bowl,4.9,276,Quezon City,True,4.9
rlwv,CLD Chicken + Fry ETC,Fried Chicken,5.0,284,Cebu City,True,5.0
rm37,Kirakuya Ramen - Jupiter,Japanese,0.0,0,Makati City,False,
rm4d,Mo' Cookies - Robinsons Magnolia,Desserts,5.0,100,Quezon City,True,5.0
rmey,Domino's Pizza - Ayala Alabang,Pizza,4.8,857,Muntinlupa City,True,4.8
rmft,InLuck Chinese Takeout x JustKitchen - Malate,Chinese,0.0,0,Manila,False,
rmfx,Steak - Spot - Sugbo Mercado IT Park,Filipino,5.0,46,Cebu City,True,5.0
rmgj,Baa Baa Thai Tea - Mercedes Avenue,Milk Tea,0.0,0,Pasig City,False,
rmgu,Oyster King - Amorsolo Street,Seafood,5.0,34,Makati City,True,5.0
rmh6,Elibeight Food and Beverage House - 11 Dipolog,Filipino,5.0,77,Quezon City,True,5.0
rmhg,Toss & Bite - Makati,Healthy,0.0,0,Makati City,False,
rmo9,Sisig Hooray - SM City San Lazaro,Sisig,4.9,391,Manila,True,4.9
rn2n,Boomdogs - Harrison Pasay,American,4.9,19,Pasay City,True,4.9
rn4v,Bakery Soesterberg - Streetscape,Bread,5.0,300,Cebu City,True,5.0
rn63,KHALUTS - LECHON MANOK & SISIG,Filipino,5.0,101,Dagupan Pangasinan,True,5.0
rn7w,Pearl 101 Cafe - Pajac,Milk Tea,4.8,73,Lapu-Lapu City Cebu,True,4.8
rnfj,Tokyo Tokyo - Congressional 2 QC,Japanese,5.0,2432,Quezon City,True,5.0
rng2,Alfrancs Café - Osmena Boulevard,Beverages,0.0,0,Cebu City,False,
rngi,Mango Magic - Loyola Heights,Fruit Shake,5.0,13,Quezon City,True,5.0
rnjm,Fryes - Englis V. Rama,Fries,5.0,214,Cebu City,True,5.0
rnr3,Black Pearl & Ling Nam Fried Siopao - Ayala Malls Cloverleaf,Fruit Shake,0.0,0,Quezon City,False,
rnrn,Tempu Yum - High Pointe Medical Hub,Asian,4.9,79,Mandaluyong City,True,4.9
rnui,Yumyan Chicken - Cubao,Fried Chicken,4.9,28,Quezon City,True,4.9
rnus,Pizzarina Pizzarap - SM City San Lazaro,Pizza,0.0,0,Manila,False,
ro3s,Secret Steaks and Grill - N Domingo,Pares,0.0,0,San Juan,False,
ro43,Lunch Meals - Bonifacio,Asian,4.7,69,Davao City Davao Del Sur,True,4.7
ro6z,Dr. Chicken PH - Chinese General Hospital,Filipino,0.0,0,Manila,False,
ro8i,Fruitas & De Original Jamaican Pattie Shop and Juice Bar - The Medical City,Filipino,5.0,106,Pasig City,True,5.0
rob8,Chooks! - Ali Mall,Chicken,4.9,327,Quezon City,True,4.9
rojz,Bow Appetit Dog Cafe - IT Park Terminal,Coffee,0.0,0,Cebu City,False,
ropn,Siomai House - Ayala Malls Marikina,Siomai,5.0,196,Marikina,True,5.0
rouz,Pepa Wings - Shangri-La Mall Food Forum,Chicken Wings,4.9,142,Mandaluyong City,True,4.9
roxz,Siomai King - Molave,Asian,0.0,0,Quezon City,False,
roy9,Minute Eats - Grand Royale,Filipino,3.0,17,Malolos Bulacan,True,3.0
rp8g,Fordham Cakes - Katipunan Avenue,Cakes,5.0,20,Quezon City,True,5.0
rpb4,Happy Coffee - Metro Ayala,Coffee,0.0,0,Cebu City,False,
rpd4,Fruity Lemons - SM MOA,Fruit Shake,0.0,0,Pasay City,False,
rpfk,Estoria Cafe - Manila,Coffee,5.0,102,Manila,True,5.0
rpfq,Dericks Food to Go - Violeta Street,Filipino,5.0,326,Quezon City,True,5.0
rpm4,Rice Above - Bonifacio,Asian,4.9,158,Davao City Davao Del Sur,True,4.9
rpmk,La Lemon - Ormoc,Beverages,5.0,10,Ormoc Leyte,True,5.0
rpq2,Mango Love PH - Tandang Sora Avenue,Fruit Shake,5.0,282,Quezon City,True,5.0
rpt8,Alberto's Pizza - Lahug,Pizza,5.0,4817,Cebu City,True,5.0
rpwd,Juan Takoyaki - Mindanao Avenue,Japanese,0.0,0,Quezon City,False,
rpwk,Kaokee - The Belamy House,Rice Dishes,5.0,31,Makati City,True,5.0
rpwr,CUPS - UBELT,Coffee,4.8,56,Manila,True,4.8
rpz4,TOMO Coffee - Taft,Coffee,5.0,372,Manila,True,5.0
rq0z,Tsibog Mo,Filipino,0.0,0,Quezon City,False,
rq24,Milk Fridge - AB Fernandez Avenue,Milk Tea,5.0,822,Dagupan Pangasinan,True,5.0
rqez,Bert's Brew - Pedro Gil Street,Coffee,0.0,0,Manila,False,
rqgb,404 Not Found Cafe,Beverages,0.0,0,Makati City,False,
rqi8,Bigg Chow Diner - Elizabeth Mall,Chinese,3.2,373,Cebu City,True,3.2
rqo4,Momo Eggdrop - Uptown Mall,Sandwiches,5.0,292,Taguig City,True,5.0
rqqf,Tokyo Prime - Leveriza Street,Silog,0.0,0,Manila,False,
rqz9,King Chef - Malate,Chinese,0.0,0,Manila,False,
rr0d,Pares Pinoy Cebu,Pares,4.8,21,Cebu City,True,4.8
rr2d,PAMPA KWAN - ROYALE PLACE MALL,Filipino,0.0,0,Quezon City,False,
rrd7,Angel's Pizza - V Rama,Pizza,5.0,5975,Cebu City,True,5.0
rrj7,BBQ Chicken - Robinsons Magnolia,Fried Chicken,5.0,484,Quezon City,True,5.0
rrl4,Tom N Toms Coffee - Dagupan,Coffee,5.0,60,Dagupan Pangasinan,True,5.0
rrlw,HappiLee Korean Kitchen - Festival Mall,Korean,5.0,157,Muntinlupa City,True,5.0
rrmg,Lemon Square Bakery Treats - Sixto Pasig,Cakes,5.0,1502,Pasig City,True,5.0
rrmp,T7 Restaurant - Makati Cinema Square,Rice Dishes,5.0,63,Makati City,True,5.0
rrow,Keyki Cakes and Pastries Shop - Davao City,Filipino,0.0,0,Davao City Davao Del Sur,False,
rrqy,Yanmix Barbecue Stand - Sambag,Silog,0.0,0,Cebu City,False,
rruj,Coolblog - SM Makati,Beverages,5.0,10,Makati City,True,5.0
rruq,Ventea Otso Cafe - Sampaguita,Asian,0.0,0,Marikina,False,
rrz5,Coffeo Cafe - 1008 Quezon Avenue,Coffee,0.0,0,Quezon City,False,
rsaa,S&R New York Style Pizza - Circuit Warehouse,Pizza,4.9,3729,Makati City,True,4.9
rsbs,Mily's Siomai and Steamed Rice - Consolacion,Dumpling,5.0,305,Cebu City,True,5.0
rscn,King Fu - Victory Pasay Mall,Chinese,4.9,42,Pasay City,True,4.9
rsgb,Caramia - Shangri-La Mall,Cakes,5.0,509,Mandaluyong City,True,5.0
rsgk,Go Gourmand - South Signal Village,Silog,4.6,19,Taguig City,True,4.6
rso4,Black Pearl - SM Center Ormoc,Milk Tea,5.0,120,Ormoc Leyte,True,5.0
rsvs,L&R Café and Pizzeria - Gannet Street Sauyo,Coffee,0.0,0,Quezon City,False,
rswf,Spotted Pig Cafe - Esteban Street,Coffee,5.0,65,Makati City,True,5.0
rt2z,Kaz Pares - Pedro Gil Street,Fast Food,4.9,59,Manila,True,4.9
rt3y,Rico's Lechon - Blue Bay Walk,Filipino,4.9,87,Pasay City,True,4.9
rt6s,Yogorino - SM Seaside Cebu,Desserts,5.0,34,Cebu City,True,5.0
rt7n,Sushi-Masa-Rap - Tejeros,Sushi,4.9,834,Makati City,True,4.9
rt8r,We Got Cha - Alunan,Milk Tea,4.9,194,Koronadal South Cotabato,True,4.9
rt97,Angkan Coffee - Capitol Commons,Coffee,5.0,100,Pasig City,True,5.0
rtbz,Chix R Us - Granada Street,Chicken,4.0,59,San Juan,True,4.0
rth0,Brownies Unlimited - SM Mall of Asia,Desserts,5.0,155,Pasay City,True,5.0
rtp0,Coffee Nook - Salcedo,Coffee,0.0,0,Makati City,False,
rtzh,Bayan Eats 24/7 (Mix and Match) - Manila,Ulam,0.0,0,Manila,False,
ru2h,1st Chicken - LG Garden Walk,Fried Chicken,0.0,0,Lapu-Lapu City Cebu,False,
ru2w,Baliwag Lechon Manok at Liempo - San Guillermo Street,Chicken,5.0,692,Muntinlupa City,True,5.0
ru7j,Tipon Bistro - Cubao,Unknown,4.9,67,Quezon City,True,4.9
ruhe,Julie’s Bakeshop - Festival Mall Alabang,Bread,5.0,11,Muntinlupa City,True,5.0
ruk8,JM Shawarma - Gaisano Capital Ormoc,Shawarma,4.9,123,Ormoc Leyte,True,4.9
rukq,Manduca Taberna - BGC,Alcoholic Drinks,0.0,0,Taguig City,False,
rus6,Edens Vegan Food Hub - Tondo Manila,Salads,0.0,0,Manila,False,
ruwt,Buena Cocina - Danlig Street,Filipino,4.9,82,Makati City,True,4.9
ruz8,T.F.F - Tarsier Fried Food - The Shops BGC,Fast Food,5.0,670,Taguig City,True,5.0
rv6d,Buko ni Fruitas - Ayala Malls Feliz,Fruit Shake,0.0,0,Marikina,False,
rv77,Pizza Telefono - Tomas Morato,Pizza,4.9,179,Quezon City,True,4.9
rv9v,Wing's Haven Restaurant - LG Garden Walk,Chicken Wings,4.9,237,Lapu-Lapu City Cebu,True,4.9
rvg6,Hinam Hinam - Cebu,Salads,4.9,13,Cebu City,True,4.9
rvhb,Zark's Burgers - Ayala Cebu,American,5.0,404,Cebu City,True,5.0
rvhp,Corndog Cafe - The Boundary,Corndogs,0.0,0,Cebu City,False,
rvjk,The Coffee Hub - UP Diliman,Coffee,5.0,134,Quezon City,True,5.0
rvjm,Paotsin - Delar Rosa Car Park,Asian,0.0,0,Makati City,False,
rvju,Bistro Bowlstar - Pablo Ocampo Makati,Sisig,0.0,0,Makati City,False,
rvmk,Family Fried Chicken -  Masangkay,Fried Chicken,5.0,19,Manila,True,5.0
rvp0,Lex's Pizza Atbp - Rivera Street,Pizza,0.0,0,Manila,False,
rvqe,Bowl Marrow - SM City Fairview,Rice Bowl,0.0,0,Quezon City,False,
rvsq,Tikim Takam - Maysilo,Filipino,5.0,379,Mandaluyong City,True,5.0
rvx7,Khit's Silogan - Claveria,Filipino,5.0,646,Davao City Davao Del Sur,True,5.0
rvy0,Tiger Sugar - One Ayala,Milk Tea,4.8,68,Makati City,True,4.8
rvy9,Paldo - Scout Santiago,Rice Bowl,0.0,0,Quezon City,False,
rvz7,Homi Korean Restaurant - Mandaluyong,Snacks,0.0,0,Mandaluyong City,False,
rw42,Percie's - Malolos,Western,0.0,0,Malolos Bulacan,False,
rwc2,Libertea Milktea - Dela Rosa Carpark,Milk Tea,0.0,0,Makati City,False,
rwja,Barista Coffee Beans - Fisher Mall,Coffee,4.9,26,Quezon City,True,4.9
rwkk,Ko-Tea - Tisa,Milk Tea,0.0,0,Cebu City,False,
rwkw,Whynot Coffee PH - E Rodriguez,Coffee,5.0,33,Quezon City,True,5.0
rwmt,Sammara Cafe - Valencia,Coffee,4.9,25,Valencia Bukidnon,True,4.9
rwn2,JUICE & DUES,Beverages,0.0,0,Manila,False,
rwnc,Nanay Imba’s Eatery - Macarthur Highway,Filipino,5.0,454,Malolos Bulacan,True,5.0
rwnv,Best Lolama - Susano,Snacks,5.0,26,Quezon City,True,5.0
rwp6,Morgan Kaffe,Coffee,0.0,0,Pasig City,False,
rwtq,CHIMAC Chicken & Beer - Eastwood Citywalk,Fried Chicken,0.0,0,Quezon City,False,
rwzj,Jia's Samgyup Store - Regalado Avenue,Rice Bowl,5.0,125,Quezon City,True,5.0
rx0i,Siaton Siaomao Station - Bankerohan,Siomai,0.0,0,Davao City Davao Del Sur,False,
rx22,Potato Corner - MCF Lifestyle Hub,Fries,5.0,1100,Malolos Bulacan,True,5.0
rx2z,MOMOYO ICE CREAM & ICED COFFEE - SM Seaside City Cebu,Ice Cream,5.0,127,Cebu City,True,5.0
rxs5,Town Kitchen - Gomezville,Filipino,0.0,0,Mandaluyong City,False,
rxt2,Davao Mission Foods - Olive Road,Rice Bowl,5.0,11,Davao City Davao Del Sur,True,5.0
rxu9,YOLO Milktea Shop - P Tuazon Boulevard,Beverages,0.0,0,Quezon City,False,
ry58,EGGSY - San Andres St.,Cakes,5.0,40,Manila,True,5.0
ryg1,The Reign Tea - Toril,Milk Tea,4.7,56,Davao City Davao Del Sur,True,4.7
rygv,Siomai House - Robinsons Easymart Liberty,Siomai,5.0,58,Mandaluyong City,True,5.0
ryi6,Goto Pilipinas - Lucky Chinatown Mall,Filipino,4.8,13,Manila,True,4.8
rykz,Don Wings - Tisa,Fried Chicken,0.0,0,Cebu City,False,
ryrc,Watami - Ayala Fairview Terraces,Japanese,0.0,0,Quezon City,False,
ryub,Ramen Menzo - SM North Edsa Basement Foodcourt,Ramen,0.0,0,Quezon City,False,
ryvt,Biryani hut & Milkshake by Sollie's Pakistani Indian Restaurant - Pajac,Indian,5.0,54,Lapu-Lapu City Cebu,True,5.0
ryxy,Big Bradz Food Service - Remedios Street,Silog,0.0,0,Manila,False,
ryy7,Shake Shack - Gateway Mall,American,5.0,212,Quezon City,True,5.0
ryys,The Green Menu - Manila,Healthy,5.0,779,Manila,True,5.0
ryzd,Chika Kanto Style Fried Chicken - C Raymundo Ave,Chicken,5.0,115,Pasig City,True,5.0
rz18,Big Mummy's Express - Makati,Indian,4.8,652,Makati City,True,4.8
rz2g,Asian Taste - Seascape Village,Seafood,5.0,45,Pasay City,True,5.0
rz39,Naki Tako - Shell Banilad,Japanese,2.2,11,Cebu City,True,2.2
rz4h,Recovery Food - West Kamias,Filipino,4.9,143,Quezon City,True,4.9
rzds,Tropical Hut - Riverbanks,Burgers,5.0,1626,Marikina,True,5.0
rzng,Lia's Cakes in Season - Kapitolyo,Filipino,0.0,0,Pasig City,False,
rzp0,Pinoy Bento - Amang Rodriguez,Rice Bowl,4.9,80,Pasig City,True,4.9
s045,Workplace Cafe - Ayala Central Bloc,Beverages,4.4,24,Cebu City,True,4.4
s05h,Mrs. Macs - Lahug,Filipino,4.9,10,Cebu City,True,4.9
s07x,Fruitas & Buko ni Fruitas - SM Center Pasig,Fruit Shake,5.0,187,Pasig City,True,5.0
s07y,Mang Domeng's Bibingka - Puregold Paco,Cakes,4.9,20,Manila,True,4.9
s0ab,Dairy Queen - SM Mall of Asia,Ice Cream,5.0,626,Pasay City,True,5.0
s0az,Dad's Grill - Quirino Highway,Filipino,4.9,294,Quezon City,True,4.9
s0bu,Burger King - Double Dragon Meridian,Burgers,4.9,1122,Pasay City,True,4.9
s0dm,Jollibee - Phoenix Lanang,Fast Food,5.0,17419,Davao City Davao Del Sur,True,5.0
s0gg,McDonald's - Madison,Fast Food,5.0,7573,San Juan,True,5.0
s0hl,Street Shawarma - Maginhawa,Unknown,0.0,0,Quezon City,False,
s0hr,Driver's Stop Carinderia - Bangkal,Filipino,5.0,1220,Davao City Davao Del Sur,True,5.0
s0jj,Fat Fook Kitchen - ATC,Asian,4.9,111,Muntinlupa City,True,4.9
s0lc,The Coffee Bean & Tea Leaf - Mezza Residences,Coffee,5.0,1609,Mandaluyong City,True,5.0
s0mo,Rafa's Kitchen - Regis Center,Filipino,5.0,136,Quezon City,True,5.0
s0mp,Kkachibunsik Korean Restaurant – Poblacion,Korean,4.9,937,Makati City,True,4.9
s0na,Black Dragon Milktea - SM Seaside,Milk Tea,5.0,880,Cebu City,True,5.0
s0ni,Goldilocks - SM Supermarket Marikina,Cakes,0.0,0,Marikina,False,
s0nn,Lispher Inn - Juna Subdivision,Chicken,5.0,826,Davao City Davao Del Sur,True,5.0
s0oc,Burger King - BGC 11th Corporate Center,Burgers,5.0,9607,Taguig City,True,5.0
s0qh,Topsilog District - Mactan,Filipino,4.9,251,Lapu-Lapu City Cebu,True,4.9
s0rv,Drink Lab Cafe - Quezon City,Milk Tea,4.8,1324,Quezon City,True,4.8
s0se,Tuna Republik - Lapu-Lapu,Seafood,5.0,2261,Lapu-Lapu City Cebu,True,5.0
s0sg,Goldilocks - SM Hypermart MOA,Cakes,0.0,0,Pasay City,False,
s0sk,Max's Restaurant - Muntinlupa,Chicken,5.0,484,Muntinlupa City,True,5.0
s0ti,Hakata Ton-ichi - SM North Towers,Ramen,5.0,290,Quezon City,True,5.0
s0uk,Fish2Go Metro - V. Luna Extension,Seafood,5.0,411,Quezon City,True,5.0
s0ux,Banh Mi Kitchen - Ayala Central Bloc,Asian,5.0,1172,Cebu City,True,5.0
s0we,Belly Fiesta - Central Signal Village,Filipino,4.9,1271,Taguig City,True,4.9
s0xh,Burger Beast - San Juan,Burgers,5.0,1695,San Juan,True,5.0
s0yj,Dairy Queen - Gaisano Davao,Ice Cream,5.0,1081,Davao City Davao Del Sur,True,5.0
s0yy,Goldilocks - SM Aura,Cakes,0.0,0,Taguig City,False,
s0z7,La Condessa Café + Lounge - Tomas Morato Avenue,Coffee,0.0,0,Quezon City,False,
s0zc,Totoy's Kanto Pares - J.P Rizal Street,Filipino,5.0,4288,Marikina,True,5.0
s10l,Heybo - Central Square,Healthy,5.0,615,Taguig City,True,5.0
s112,Agkafetta Coffee - Pililia Street,Filipino,0.0,0,Makati City,False,
s1bi,99 Peso Sulit Chicken - San Juan,Chicken,5.0,3470,San Juan,True,5.0
s1da,Mang Inasal - MI SM Seaside,Chicken,5.0,5247,Cebu City,True,5.0
s1ea,Taco Bell - Trinoma,Wraps,5.0,1481,Quezon City,True,5.0
s1fm,Kiraku Japanese Bistro - Cabantian,Japanese,5.0,341,Davao City Davao Del Sur,True,5.0
s1gl,Tokyo Milk Cheese Factory - Estancia,Ice Cream,5.0,583,Pasig City,True,5.0
s1he,Dragon Boba Tea House - TSL Building,Milk Tea,4.9,4032,Quezon City,True,4.9
s1hn,99 Peso Rice Bowls To Go - Kapitolyo,Rice Bowl,5.0,743,Pasig City,True,5.0
s1i9,Mister Donut - Juliana Market,Donut,4.9,19,Quezon City,True,4.9
s1is,Drip Tea - Pelaez Street,Milk Tea,5.0,651,Cebu City,True,5.0
s1jl,Kenny Rogers Roasters - Festival Mall,Chicken,5.0,1477,Muntinlupa City,True,5.0
s1ke,Yellow Cab - SM MOA,Pizza,5.0,303,Pasay City,True,5.0
s1ky,Jonas Pares - La Loma,Filipino,5.0,1192,Quezon City,True,5.0
s1lj,McDonald's - One Ecommerce,Fast Food,4.9,3717,Pasay City,True,4.9
s1lr,Snacks Republic - Obrero,American,5.0,620,Davao City Davao Del Sur,True,5.0
s1n6,Food Crib - Buenamar Subdivision,Milk Tea,0.0,0,Quezon City,False,
s1nx,Chicken Backyard - Punta Princessa,Fried Chicken,3.5,1452,Cebu City,True,3.5
s1nz,Goldilocks - Gaisano Mandaue North,Cakes,5.0,333,Cebu City,True,5.0
s1of,Krispy Kreme - SM Lanang,Donut,5.0,1529,Davao City Davao Del Sur,True,5.0
s1pj,The Green Bounty Kitchen - Ecoland,Healthy,5.0,853,Davao City Davao Del Sur,True,5.0
s1pm,Basteakoy - Malibay,Fruit Shake,5.0,740,Pasay City,True,5.0
s1pu,Balamban Liempo - Punta Princesa,Liempo,5.0,840,Cebu City,True,5.0
s1qh,Dakasi - Tutuban,Milk Tea,5.0,498,Manila,True,5.0
s1rh,Chicken Backyard - Mandaue,Fried Chicken,3.1,851,Cebu City,True,3.1
s1rr,Babi Boba PH - Poblacion,Milk Tea,5.0,3751,Muntinlupa City,True,5.0
s1rv,Romantic Baboy - Robinsons Magnolia,Korean,4.9,227,Quezon City,True,4.9
s1sb,Burger Beast - Kapitolyo,Burgers,5.0,1160,Pasig City,True,5.0
s1tg,Burger King -  J.P. Laurel Davao,Burgers,5.0,12971,Davao City Davao Del Sur,True,5.0
s1th,Happy Fit - Bajada JP Laurel,Healthy,5.0,791,Davao City Davao Del Sur,True,5.0
s1tj,24/7 Super Healthy - Kapitolyo,Healthy,5.0,2022,Pasig City,True,5.0
s1to,Minute Burger - Colon,American,5.0,701,Cebu City,True,5.0
s1tp,Peri-Peri Charcoal Chicken & Sauce Bar - SM East,Chicken,5.0,729,Pasig City,True,5.0
s1tq,Lechon Haus - SM City Manila,Lechon,4.9,502,Manila,True,4.9
s1tt,Boodle Inasal - Sampaloc,Filipino,5.0,3531,Manila,True,5.0
s1ud,Happy Lemon - Estancia,Milk Tea,5.0,1638,San Juan,True,5.0
s1ul,Chucky's Beef Pares and Pastil - Mabini,Rice Dishes,5.0,1649,Davao City Davao Del Sur,True,5.0
s1ve,SweetTea - Sta. Ana,Milk Tea,5.0,5839,Manila,True,5.0
s1vt,King Sisig - Isetann,Sisig,5.0,1065,Manila,True,5.0
s1w0,Timplang Pinoy: Filipino Eats - Manila,Filipino,4.9,118,Manila,True,4.9
s1yl,Big Chill - Robinsons Magnolia,Beverages,5.0,122,Quezon City,True,5.0
s1yq,Mo' Cookies - Glorietta,Desserts,5.0,313,Makati City,True,5.0
s1zc,Dairy Queen - Alabang Town Center,Ice Cream,5.0,452,Muntinlupa City,True,5.0
s1zg,Healthy to Go - Kapitolyo,Healthy,5.0,618,Pasig City,True,5.0
s1zv,Gringo - Legaspi Village,Chicken,5.0,1280,Makati City,True,5.0
s1zy,Gerry's Grill - Vista Place Taguig,Filipino,5.0,774,Taguig City,True,5.0
s21t,Wild Bites Resto Bar - Gensan Drive,Filipino,4.9,101,Koronadal South Cotabato,True,4.9
s28f,Fuk Yen Restaurant,Chinese,0.0,0,Quezon City,False,
s2b7,Pampangga’s Grill House - Surveyor Street,Ulam,5.0,14,Davao City Davao Del Sur,True,5.0
s2bm,Rice Toppings - North Commissary Mandaue,Filipino,4.9,2342,Cebu City,True,4.9
s2bz,Bubble Tea Station - Bonifacio District,Milk Tea,5.0,870,Cebu City,True,5.0
s2ca,Tsoko Nut Batirol - Scout Reyes,Beverages,5.0,278,Quezon City,True,5.0
s2co,Barbeque Boss - Quirino,Filipino,5.0,3550,Davao City Davao Del Sur,True,5.0
s2do,Seoul Galbi - San Antonio,Korean,5.0,2526,Makati City,True,5.0
s2ee,Hangry Pares - Paco,Filipino,4.9,222,Manila,True,4.9
s2ej,Saikono Japanese Restaurant - Matina,Sushi,5.0,383,Davao City Davao Del Sur,True,5.0
s2ex,Gong cha - Santolan Town Plaza,Milk Tea,5.0,1236,San Juan,True,5.0
s2fr,Buko Juan - Puregold Arvo,Fruit Shake,5.0,639,Marikina,True,5.0
s2hr,Somac Korean Restaurant - Mabolo,Korean,5.0,6617,Cebu City,True,5.0
s2hv,Taiwan Kitchen 小台北下午茶 - Milk Tea And Xiaolongbao With Chicken And Rice (Main Branch),Asian,5.0,5909,Makati City,True,5.0
s2ia,Chachago - Fishermall,Milk Tea,4.9,271,Quezon City,True,4.9
s2ih,Tempura Japanese Grill - Mall Of Asia,Japanese,4.9,91,Pasay City,True,4.9
s2ip,Kenny Rogers Roasters - SM Light Mall,Chicken,5.0,3646,Mandaluyong City,True,5.0
s2jh,Goldilocks - Waltermart Makati,Cakes,5.0,679,Makati City,True,5.0
s2ko,Jim Hopper's Pizza Point - Juna,Pizza,5.0,876,Davao City Davao Del Sur,True,5.0
s2kq,Chachago - Ateneo Davao,Milk Tea,5.0,1487,Davao City Davao Del Sur,True,5.0
s2lf,Eat! Chiro - Tavera,Rice Bowl,5.0,6247,Davao City Davao Del Sur,True,5.0
s2lm,Cap1925 - Toril,Filipino,4.9,958,Davao City Davao Del Sur,True,4.9
s2lw,Chinitoboy Barbecue Grill Joint - Molave,Filipino,5.0,3750,Quezon City,True,5.0
s2mu,Fruitfussion- Shake Hub,Fruit Shake,5.0,608,Makati City,True,5.0
s2n1,Libertea Milktea - Buting,Milk Tea,5.0,126,Pasig City,True,5.0
s2no,ChizMozza - Capitol Commons,Snacks,4.9,118,Pasig City,True,4.9
s2oa,Subway - Robinsons Bridgetowne Exxa,Sandwiches,5.0,474,Quezon City,True,5.0
s2q0,Cole's Cansi Cup - The Outlets,Soups,5.0,160,Lapu-Lapu City Cebu,True,5.0
s2qb,Goldilocks - SM Savemore Del Monte,Cakes,0.0,0,San Juan,False,
s2qt,Burger King - Buhangin Davao,Burgers,5.0,9875,Davao City Davao Del Sur,True,5.0
s2qw,Sabroso Lechon - Katipunan,Lechon,4.9,338,Quezon City,True,4.9
s2rj,Buko Juan - 168,Fruit Shake,5.0,137,Manila,True,5.0
s2sn,Mang Rudy's Tuna Grill & Papaitan - Bagtikan,Filipino,5.0,1622,Makati City,True,5.0
s2t4,Mamita's Pizza - Ma Cristina,Pizza,4.9,19,Cebu City,True,4.9
s2te,EBC - SM Manila,Snacks,5.0,2601,Manila,True,5.0
s2tf,Panda Express - SM Megamall,Snacks,4.9,5083,Mandaluyong City,True,4.9
s2tl,Hangout Cafe - Putatan,Beverages,4.8,569,Muntinlupa City,True,4.8
s2tx,LA Halo - Halo - Matina,Halo-Halo,5.0,1802,Davao City Davao Del Sur,True,5.0
s2ui,Green Coffee - Marfori,Coffee,5.0,1833,Davao City Davao Del Sur,True,5.0
s2uo,Barbeque Boss - Lanang,Filipino,5.0,3868,Davao City Davao Del Sur,True,5.0
s2wb,Mo' Cookies - SM Megamall,Cakes,5.0,489,Mandaluyong City,True,5.0
s2wu,David's Tea House - Circuit Makati,Chinese,5.0,1493,Makati City,True,5.0
s2xb,The Coffee Bean & Tea Leaf - Bellagio Residences,Coffee,5.0,904,Manila,True,5.0
s2xk,Twirly Tails Dessert Corner - Mercato de Mactan,Fruit Shake,5.0,695,Lapu-Lapu City Cebu,True,5.0
s2xv,Wing Master Silog - Toril Davao,Chicken Wings,4.9,788,Davao City Davao Del Sur,True,4.9
s2ys,Bakahan at Manukan - Roxas Boulevard,Filipino,5.0,1059,Pasay City,True,5.0
s2z4,Buffalo Wing Corner - Concha Street,Fried Chicken,0.0,0,Manila,False,
s2zd,Cup Sawi - Obrero,Beverages,3.7,93,Davao City Davao Del Sur,True,3.7
s2zi,King Sisig - Comembo,Sisig,4.9,1452,Makati City,True,4.9
s2zq,Send Noodles - FB Harrison,Noodles,4.9,3644,Manila,True,4.9
s31w,Good Morning - Mayon,Japanese,5.0,2187,Quezon City,True,5.0
s31w,Good Morning - Mayon Avenue,Japanese,5.0,2149,Quezon City,True,5.0
s322,Buffalo's Wings N' Things - SM City Fairview,Chicken Wings,5.0,72,Quezon City,True,5.0
s36c,JIXIN RESTAURANT,Chinese,0.0,0,Manila,False,
s3ay,Gong cha - Feliz,Milk Tea,5.0,1634,Marikina,True,5.0
s3bm,Macao Imperial Tea - Banawe,Milk Tea,5.0,2733,Quezon City,True,5.0
s3ct,Jeddy's Luncheonette - Sta Cruz,Chinese,5.0,1166,Manila,True,5.0
s3ey,Big Mug’s Cafe - Bugac Maa,Desserts,4.9,209,Davao City Davao Del Sur,True,4.9
s3hh,Cafe Cappuccino by Double Dutch Restaurant and Bar - Mactan,Western,5.0,344,Lapu-Lapu City Cebu,True,5.0
s3hm,Chopsticks Chef - Main Street,Seafood,4.9,1013,Quezon City,True,4.9
s3hz,Taco Bell - Gateway Food Express,Wraps,4.9,1003,Quezon City,True,4.9
s3im,Taco Bell - Venice Grand Canal,Wraps,5.0,1394,Taguig City,True,5.0
s3ip,"The Alley ""It's Time for Tea"" - Glorietta 3",Milk Tea,5.0,806,Makati City,True,5.0
s3ji,Top Dish Korean Resto - Durban Street,Korean,5.0,863,Makati City,True,5.0
s3jq,Lechon Haus - Gaisano Grand Buhangin,Lechon,4.9,154,Davao City Davao Del Sur,True,4.9
s3ko,Cebu's Ayers Lechon - Mactan New Town,Lechon,4.9,256,Lapu-Lapu City Cebu,True,4.9
s3kp,Kenny Rogers Roasters - Greenhills,Chicken,5.0,1422,San Juan,True,5.0
s3lv,Goldilocks - Gaisano Grand Liloan,Cakes,4.9,298,Cebu City,True,4.9
s3nt,Yoh Froz - The Compound,Fruit Shake,5.0,404,Davao City Davao Del Sur,True,5.0
s3nw,Kaya Korean Restaurant - Santolan,Korean,5.0,229,San Juan,True,5.0
s3oj,Goldilocks - BAKESHOP Market! Market!,Cakes,5.0,3774,Taguig City,True,5.0
s3rc,Majestic Restaurant - SM Seaside,Dim Sum,5.0,1392,Cebu City,True,5.0
s3sn,Tokyo Bubble Tea - Wilson St.,Japanese,5.0,615,San Juan,True,5.0
s3sz,Gata Filipino Recipes - Alabang,Filipino,5.0,4417,Muntinlupa City,True,5.0
s3th,Rakenrola - Mandaluyong,Filipino,4.8,647,Mandaluyong City,True,4.8
s3tt,The Empress Dining Place - Bonifacio High Street,Chinese,5.0,332,Taguig City,True,5.0
s3uh,Macao Imperial Tea - Ayala North Exchange,Milk Tea,4.8,2839,Makati City,True,4.8
s3us,Tokyo Tempura - Barangka Drive,Japanese,5.0,301,Mandaluyong City,True,5.0
s3wo,Shakey's Pizza - SM Davao,Pizza,5.0,1812,Davao City Davao Del Sur,True,5.0
s3x2,Mr. Monk - Shangri-La Plaza,Siomai,0.0,0,Mandaluyong City,False,
s3xo,Lemonology - Tondo,Beverages,5.0,1182,Manila,True,5.0
s3yh,24/7 Wings - San Juan,Chicken Wings,4.9,784,San Juan,True,4.9
s3zo,ArtisAna - Araullo St,Pasta,4.9,94,Davao City Davao Del Sur,True,4.9
s41t,Boss Takoyaki - EDCH Food Park,Filipino,5.0,37,Cebu City,True,5.0
s41v,The Tea Avenue - Galas QC,Milk Tea,4.9,127,Quezon City,True,4.9
s482,Brownies Unlimited - Ali Mall,Desserts,5.0,217,Quezon City,True,5.0
s49j,Rita's Pancit Ng Taga Malabon - SM Mall of Asia,Noodles,0.0,0,Pasay City,False,
s4ar,Wings Club - Palm Village,Chicken,4.9,361,Davao City Davao Del Sur,True,4.9
s4at,Calorie Club - Kapitolyo,Healthy,5.0,354,Pasig City,True,5.0
s4bl,Cha Cha Ihaw Ihaw and Kambingan - Buhangin,Soups,5.0,2123,Davao City Davao Del Sur,True,5.0
s4dj,Martin's Burger House - Marigondon,Shawarma,4.9,628,Lapu-Lapu City Cebu,True,4.9
s4ec,Kalatog Seafoods And Restaurant - Malvar,Ulam,4.3,520,Davao City Davao Del Sur,True,4.3
s4gl,Dairy Queen - Festival Corporate City,Ice Cream,5.0,411,Muntinlupa City,True,5.0
s4gw,McDonald's - Ayala Center Cebu,Fast Food,4.9,5085,Cebu City,True,4.9
s4hc,Makisushi Japanese Restaurant - Panay Avenue,Sushi,4.7,99,Quezon City,True,4.7
s4is,Brick Lane Doughnuts - Vibo Place,Donut,4.9,313,Cebu City,True,4.9
s4jf,The Social Donuts - Gmall Bajada,Donut,5.0,82,Davao City Davao Del Sur,True,5.0
s4ju,Paradise Dynasty - The Podium,Chinese,4.9,839,Mandaluyong City,True,4.9
s4jy,Paradise Dynasty - S Maison,Chinese,5.0,224,Pasay City,True,5.0
s4k2,Wadashi Ramen - Marikina,Ramen,0.0,0,Marikina,False,
s4ks,The Coffee Bean & Tea Leaf - Promenade,Coffee,5.0,222,San Juan,True,5.0
s4kw,Café Julieta - Tulip Drive,Bread,4.7,110,Davao City Davao Del Sur,True,4.7
s4la,Laumaw Express - Guadalupe,Fried Chicken,5.0,2778,Cebu City,True,5.0
s4lw,99 Peso Rice Bowls To Go - San Juan,Rice Bowl,5.0,594,San Juan,True,5.0
s4ly,Shake Shack - SM Megamall,American,5.0,2887,Mandaluyong City,True,5.0
s4ml,Kenny Rogers Roasters - Venice Mall,Chicken,5.0,1934,Taguig City,True,5.0
s4nm,Dakasi - Banawe,Milk Tea,5.0,1600,Quezon City,True,5.0
s4ny,Yellow Cab - Trinoma,Pizza,5.0,420,Quezon City,True,5.0
s4ok,Krispy Kreme - Ayala Center Cebu,Donut,5.0,2710,Cebu City,True,5.0
s4rf,Baa Baa Thai Tea - Maysilo,Milk Tea,5.0,973,Mandaluyong City,True,5.0
s4ta,Krispy Kreme - Greenhills,Donut,5.0,377,San Juan,True,5.0
s4th,Malongo Atelier Barista - One Bonifacio,Unknown,4.7,194,Taguig City,True,4.7
s4tn,Baksilog Express 24/7 - Araneta Cubao,Silog,5.0,1872,Quezon City,True,5.0
s4un,Belle Ame Rolls and Toast - San Gregorio Street,Filipino,4.9,206,Manila,True,4.9
s4up,Roadside Cafe - San Antonio,Coffee,5.0,864,Cebu City,True,5.0
s4wg,Yellow Cab - Megamall,Pizza,4.9,79,Mandaluyong City,True,4.9
s4wp,Basement Gastropub - Artiaga,Chicken Wings,4.9,3480,Davao City Davao Del Sur,True,4.9
s4wu,Dairy Queen - Ayala Center Cebu Level 3,Ice Cream,5.0,910,Cebu City,True,5.0
s4xc,Wendy's - Marikina Heights,Burgers,5.0,12048,Marikina,True,5.0
s4xz,The Alley Its Time for Tea - SM Manila,Milk Tea,5.0,773,Manila,True,5.0
s4yk,Avocadoria - SM Center Pasig,Ice Cream,5.0,328,Pasig City,True,5.0
s4yu,Banh Mi Kitchen - Fisher Mall,Asian,5.0,2041,Manila,True,5.0
s4zz,Moonleaf Tea Shop - Lotus Tower Oriental Garden,Milk Tea,5.0,2060,Makati City,True,5.0
s50i,Tealive - Worldwide Corporate Center,Milk Tea,5.0,889,Mandaluyong City,True,5.0
s57f,One Stop Kitchen - F. Roxas,Rice Bowl,0.0,0,Manila,False,
s5ac,Freshko - Acacia,Filipino,5.0,2569,Davao City Davao Del Sur,True,5.0
s5ad,Mr. Mediterranean - San Juan,Middle Eastern,4.9,414,San Juan,True,4.9
s5ag,Chowking - Pasong Tamo,Fast Food,5.0,10631,Makati City,True,5.0
s5ak,Colasas BBQ - Magallanes,Filipino,4.9,378,Davao City Davao Del Sur,True,4.9
s5bz,Fruitas CocoKitchen - E Rodriguez Ave QC,Beverages,5.0,1216,Quezon City,True,5.0
s5cq,Mr Mediterranean - Maginhawa,Middle Eastern,4.9,429,Quezon City,True,4.9
s5cw,A-Zee Delight Pastries Shop,Desserts,4.9,1103,Davao City Davao Del Sur,True,4.9
s5ea,Basil - One Bonifacio High Street Mall,Thai,5.0,849,Taguig City,True,5.0
s5ei,Angrydobo - Westgate,Filipino,4.9,174,Muntinlupa City,True,4.9
s5ey,Juice Juicy - SM City San Lazaro,Beverages,5.0,41,Manila,True,5.0
s5gn,Banh Mi Kitchen - SM City Cebu,Sandwiches,5.0,518,Cebu City,True,5.0
s5i2,Doodles Kitchen - Gulfview Executive Homes,Corndogs,4.6,48,Davao City Davao Del Sur,True,4.6
s5iz,California Pizza Kitchen - Shangri-La Mall,Pizza,4.9,435,Mandaluyong City,True,4.9
s5jj,Lechon Haus - Gaisano Mall,Lechon,4.9,348,Davao City Davao Del Sur,True,4.9
s5kq,Hummus Express - Kapitolyo,Middle Eastern,4.9,220,Pasig City,True,4.9
s5ks,Taco Bell - Alabang Town Center,Wraps,5.0,1144,Muntinlupa City,True,5.0
s5lp,Chatime - Shell Banilad,Milk Tea,5.0,2578,Cebu City,True,5.0
s5lv,Bigby's - IT Park,American,5.0,646,Cebu City,True,5.0
s5mx,Shakey's Pizza - Muntinlupa,Pizza,5.0,1674,Muntinlupa City,True,5.0
s5ny,Katherine's Cafe - Vertis North,Healthy,1.8,12,Quezon City,True,1.8
s5ov,Dairy Queen - Tutuban,Ice Cream,5.0,347,Manila,True,5.0
s5pd,Jollibee - Lucky Gold Lifehomes,Fast Food,4.9,10166,Pasig City,True,4.9
s5pi,Joe's Cafe - Ilustre,Coffee,4.9,1152,Davao City Davao Del Sur,True,4.9
s5pu,McDonald's - Commerce Avenue,Fast Food,5.0,8445,Muntinlupa City,True,5.0
s5ql,Szechuan House - Aloha Hotel,Chinese,5.0,358,Pasay City,True,5.0
s5rc,Lumpia Ni Senyang - Gun-ob,Snacks,5.0,1959,Lapu-Lapu City Cebu,True,5.0
s5rh,Jollibee - Gil Fernando,Fast Food,5.0,14227,Marikina,True,5.0
s5rk,Katherine's Cafe - Ayala Glorietta,Healthy,4.9,22,Makati City,True,4.9
s5sd,Champ Tea - Project 7,Milk Tea,5.0,944,Quezon City,True,5.0
s5se,Rice and Shine - Kapitolyo,Silog,5.0,1080,Pasig City,True,5.0
s5up,Hakata Ton-ichi - Glorietta,Ramen,5.0,157,Makati City,True,5.0
s5uu,Classic Savory - SM San Lazaro,Chicken,5.0,1762,Manila,True,5.0
s5vp,Balamban Liempo - Paknaan,Liempo,5.0,282,Cebu City,True,5.0
s5vq,Dunkin' Donuts - Maa,Donut,5.0,2816,Davao City Davao Del Sur,True,5.0
s5vz,Tully's Coffee - Exchange Regency Building,Coffee,4.8,100,Pasig City,True,4.8
s5ws,Kuzina Guadalupe - Ayala Central Bloc,Filipino,4.8,92,Cebu City,True,4.8
s5wt,PangPanga (Seoul Korean Grill) - Streetscape,Korean,5.0,698,Cebu City,True,5.0
s5wy,Tetsuo - Poblacion,Chicken,5.0,2387,Makati City,True,5.0
s5xi,Krispy Kreme - SM Megamall B ha,Donut,5.0,393,Mandaluyong City,True,5.0
s5xv,Chowking - SM Muntinlupa,Fast Food,4.9,1018,Muntinlupa City,True,4.9
s5xw,24/7 Wings - Kapitolyo,Chicken Wings,5.0,1092,Pasig City,True,5.0
s5y3,P. Donuts - Spark Place Cubao,Cakes,5.0,555,Quezon City,True,5.0
s5yj,Goldilocks - Scout Borromeo,Cakes,5.0,1378,Quezon City,True,5.0
s5ym,Clean Cafe - The Compound,American,5.0,878,Davao City Davao Del Sur,True,5.0
s5yq,Chachago - Jose Abad Santos,Milk Tea,5.0,1307,Manila,True,5.0
s684,Fruitas - Gabaldon Street,Fruit Shake,0.0,0,Makati City,False,
s6cq,Little Tokyo Milk Tea - Marikina,Milk Tea,4.9,1021,Marikina,True,4.9
s6cz,Shake Shack - Central Square,American,5.0,3971,Taguig City,True,5.0
s6dt,Chowking - Marikina Bayan,Fast Food,5.0,3267,Marikina,True,5.0
s6eg,Fudo-San - Manila,Japanese,5.0,306,Manila,True,5.0
s6en,Mr. Moussetache Milk Tea House - Lahug,Milk Tea,4.8,546,Cebu City,True,4.8
s6f3,Hà Nội Phố Vietnamese Cuisine - JP Rizal Avenue,Filipino,5.0,46,Makati City,True,5.0
s6fb,Ate Beng's Food Hub - Ecoland,Filipino,4.7,379,Davao City Davao Del Sur,True,4.7
s6gf,Wings n' Chill - Poblacion,Chicken Wings,4.9,282,Makati City,True,4.9
s6gr,Gringo - The Fort Residences BGC,Chicken,4.9,1248,Taguig City,True,4.9
s6hc,Bemwa Farm - Ponciano Reyes Street,Healthy,5.0,354,Davao City Davao Del Sur,True,5.0
s6hm,Lil Orbits - The One Torre De Santo Tomas,Donut,5.0,444,Manila,True,5.0
s6hs,Pizza Telefono - La Salle Taft,Pizza,5.0,1005,Manila,True,5.0
s6hz,My Sushi - Poblacion,Sushi,5.0,987,Makati City,True,5.0
s6il,Harbour City - SM Lanang,Rice Dishes,5.0,389,Davao City Davao Del Sur,True,5.0
s6iq,Macao Imperial Tea - Robinsons Manila,Milk Tea,5.0,3885,Manila,True,5.0
s6jc,Yellow Cab - Market Market,Pizza,5.0,615,Taguig City,True,5.0
s6jf,Baby Puto - Ubalde,Rice Dishes,5.0,3977,Davao City Davao Del Sur,True,5.0
s6jo,Krispy Kreme - Trinoma,Donut,5.0,429,Quezon City,True,5.0
s6kl,Rice and Shine - San Juan,Silog,5.0,1014,San Juan,True,5.0
s6mi,Fatboys Pizza - Shorthorn Project 8,Pizza,4.9,464,Quezon City,True,4.9
s6mx,Mang Rudy's Tuna Grill & Papaitan - Taguig,Filipino,5.0,729,Taguig City,True,5.0
s6ni,Jollibee - The Mind Museum,Fast Food,5.0,6416,Taguig City,True,5.0
s6o1,Chimmy - Maginhawa,Beverages,5.0,93,Quezon City,True,5.0
s6oq,Ngohiong Express - Mactan Doctors,Chinese,5.0,1211,Lapu-Lapu City Cebu,True,5.0
s6pt,Kenny Rogers Roasters - Roxas Boulevard,Chicken,5.0,2420,Pasay City,True,5.0
s6qa,Golden Bamboo - Pasong Tamo Extension,Chinese,5.0,330,Makati City,True,5.0
s6qd,11:11 - Eastwood City Walk,Filipino,5.0,609,Quezon City,True,5.0
s6qe,Jollibee - Domestic,Fast Food,5.0,7474,Pasay City,True,5.0
s6rb,Dairy Queen - Cherry Congressional,Ice Cream,5.0,1507,Quezon City,True,5.0
s6rf,Oui Tacos - M. H. del Pilar,Western,5.0,688,Manila,True,5.0
s6rn,Healthy To Go - San Juan,Healthy,5.0,1142,San Juan,True,5.0
s6sb,Ato's Chinoy Food Express - Zamora Street,Chinese,5.0,2972,Pasay City,True,5.0
s6sc,Lechon Haus - SM North EDSA,Lechon,4.9,365,Quezon City,True,4.9
s6sr,Wendy's - Landmark Trinoma,Burgers,5.0,1751,Quezon City,True,5.0
s6sv,Yellow Cab - Cebu Ramos,Pizza,5.0,2310,Cebu City,True,5.0
s6un,Mean Greens - Pasig,Salads,5.0,2339,Pasig City,True,5.0
s6vo,Cafe France - VRP Medical Center,Sandwiches,5.0,410,Mandaluyong City,True,5.0
s6wl,NYFD (New York Fries and Dips)  - Shangri La,Fries,4.9,36,Mandaluyong City,True,4.9
s6ws,Chowking - DD Meridian,Fast Food,4.9,672,Pasay City,True,4.9
s6xp,Nanay Juling's Batangas Cuisine and Catering Services - Barangay 69 Tondo,Filipino,4.1,287,Manila,True,4.1
s6xt,Jollibee - Taft Drive Thru,Fast Food,5.0,7450,Manila,True,5.0
s6xz,Yellow Cab - Ayala Circuit,Pizza,4.9,812,Makati City,True,4.9
s6yh,Azon's Boneless Lechon - Bangkal,Lechon,4.3,77,Davao City Davao Del Sur,True,4.3
s6ym,Chowking - Davao Gaisano,Fast Food,4.8,4165,Davao City Davao Del Sur,True,4.8
s6yp,ChizMozza - Cash And Carry,Snacks,5.0,291,Makati City,True,5.0
s6zb,The Coffee Bean & Tea Leaf - Ayala Malls Feliz,Coffee,5.0,485,Marikina,True,5.0
s6zn,Wing Boss - Poblacion,Chicken Wings,4.9,418,Davao City Davao Del Sur,True,4.9
s70a,Pizzamore - Santa Ana,Pizza,0.0,0,Manila,False,
s72h,CHICHA San Chen - SM Mall Of Asia,Milk Tea,0.0,0,Pasay City,False,
s770,Nanyang - Opus,Chicken,4.8,19,Quezon City,True,4.8
s79a,Kim King's Kitchen - Canley Road,Healthy,5.0,56,Pasig City,True,5.0
s79o,Ate Rica's Bacsilog - Ayala Malls Circuit,Silog,5.0,76,Makati City,True,5.0
s7ab,Chowking - Arvo,Fast Food,5.0,11972,Marikina,True,5.0
s7as,Super Chicken Tenders - Kapitolyo,Chicken,5.0,1416,Pasig City,True,5.0
s7bt,Karate Kid - UN Avenue,Japanese,4.9,313,Manila,True,4.9
s7dh,Fatboys Pizza Pasta - Ever Commonwealth,Pizza,5.0,331,Quezon City,True,5.0
s7dl,Singh Is King Indian Foods - Gahol Building,Indian,4.8,2049,Davao City Davao Del Sur,True,4.8
s7eg,Let's Steak A Break - Sta Ana,American,4.5,1029,Manila,True,4.5
s7ei,Mr. Mediterranean - Makati,Middle Eastern,4.9,428,Makati City,True,4.9
s7ey,Dairy Queen - Venice Grand Canal,Ice Cream,5.0,790,Taguig City,True,5.0
s7fg,Ronnie's Barbecue House - Matina,Filipino,5.0,740,Davao City Davao Del Sur,True,5.0
s7ft,Super Chicken Tenders - San Juan,Chicken,4.9,1066,San Juan,True,4.9
s7gs,Coffee Project - Laureano Di Trevi Tower 3,Coffee,5.0,144,Makati City,True,5.0
s7hb,Villa Carmelita - MacArthur Highway,Filipino,5.0,198,Davao City Davao Del Sur,True,5.0
s7ir,24/7 Super Healthy - San Juan,Healthy,5.0,1736,San Juan,True,5.0
s7jd,D'lax Pancit Batil Patong - Dos Castillas,Pancit,4.9,1283,Manila,True,4.9
s7jz,Shi Lin - Serendra,Porridge,5.0,836,Taguig City,True,5.0
s7k7,Miyakos Tacos - Babag II Road,Western,5.0,306,Lapu-Lapu City Cebu,True,5.0
s7kd,Big Chill - Century Mall,Beverages,5.0,261,Makati City,True,5.0
s7kk,Euro Baker - Bajada,Bread,5.0,1017,Davao City Davao Del Sur,True,5.0
s7ld,Zagu - Sultan,Beverages,5.0,1085,Mandaluyong City,True,5.0
s7lm,BonChon - SM East Ortigas,Chicken,5.0,5494,Pasig City,True,5.0
s7lp,Kenny Rogers Roasters - MET Live,Chicken,5.0,658,Pasay City,True,5.0
s7m5,Gourmet Silog - The Food Market,Silog,4.8,238,Mandaluyong City,True,4.8
s7no,The Plant-Based Project - Mckinley Hill,Unknown,4.9,419,Taguig City,True,4.9
s7nz,Food House by Madla - UST,Filipino,4.9,7125,Manila,True,4.9
s7o6,Patachon Food House - Sampaloc,Pancit,4.9,60,Manila,True,4.9
s7of,Hummus Express - San Juan,Middle Eastern,5.0,268,San Juan,True,5.0
s7rt,Mr. Mediterranean - Kapitolyo,Middle Eastern,4.9,240,Pasig City,True,4.9
s7se,The Coffee Bean & Tea Leaf - W Mall,Coffee,4.9,801,Pasay City,True,4.9
s7sf,FoodBowls - Katipunan Diner,Seafood,5.0,4934,Davao City Davao Del Sur,True,5.0
s7ty,Goldilocks - Good Earth Carriedo,Cakes,5.0,616,Manila,True,5.0
s7tz,Saffron Middle Eastern Restaurant - UST,Salads,5.0,1562,Manila,True,5.0
s7ug,LEMONana - RNC Building,Beverages,5.0,1398,Davao City Davao Del Sur,True,5.0
s7wh,Goldilocks - SM Megamall,Cakes,5.0,781,Mandaluyong City,True,5.0
s7wn,Mr. Mediterranean - Manila,Middle Eastern,4.9,413,Manila,True,4.9
s7x6,Deli by Chele - The Podium,Sandwiches,0.0,0,Mandaluyong City,False,
s7yt,Subway - Ayala Feliz,Sandwiches,4.9,858,Marikina,True,4.9
s7yw,Mangolicious - Deca Homes 5,Coffee,5.0,1235,Lapu-Lapu City Cebu,True,5.0
s7z6,Mabini BBQ Haus - Matina Aplaya,BBQ,0.0,0,Davao City Davao Del Sur,False,
s814,Garrison Coffee Lounge - SM Seaside,Beverages,0.0,0,Cebu City,False,
s81g,Rice Bites - South Central,Rice Bowl,0.0,0,Cebu City,False,
s84s,Lembest Lechon - Commonwealth Avenue,Lechon,0.0,0,Quezon City,False,
s85k,Sachun Sung Restaurant - Congressional Avenue,Noodles,5.0,290,Quezon City,True,5.0
s8dn,Kape Sur - Tera Tower,Coffee,4.9,541,Quezon City,True,4.9
s8ek,D' Counter Fastfoods - Davao,Filipino,5.0,744,Davao City Davao Del Sur,True,5.0
s8es,ChizMozza - SM San Lazaro,Snacks,5.0,277,Manila,True,5.0
s8fi,Goldilocks - SM Hypermarket Jazz,Cakes,5.0,2,Makati City,True,5.0
s8fk,Paradise Dynasty - SM Aura,Chinese,4.9,1193,Taguig City,True,4.9
s8fy,ChamyCha Milk Tea House - M Dela Fuente Street,Milk Tea,4.9,616,Manila,True,4.9
s8fz,The Coffee Bean & Tea Leaf - Abreeza Mall,Coffee,5.0,873,Davao City Davao Del Sur,True,5.0
s8gz,Pungko - Pungko sa Punta - Punta Princesa,Filipino,4.9,1835,Cebu City,True,4.9
s8iw,Pizza Telefono - Westgate Alabang,Pizza,5.0,749,Muntinlupa City,True,5.0
s8jc,Balamban Liempo - Bacaca,Liempo,5.0,292,Davao City Davao Del Sur,True,5.0
s8mw,E&E Takuyaki - NCCC Panacan,Takoyaki,4.9,183,Davao City Davao Del Sur,True,4.9
s8nh,Sisig Teriyaki & Fried Rice Brothers Fuente - Cebu City,Sisig,5.0,714,Cebu City,True,5.0
s8nl,Teriyaki Boy - Main Avenue,Japanese,4.9,110,Quezon City,True,4.9
s8nm,Greenwich - Pasay Market Mall,Pizza,5.0,2585,Pasay City,True,5.0
s8ob,Carlos Food house - Anda,Chicken,5.0,123,Davao City Davao Del Sur,True,5.0
s8pp,Dairy Queen - Theatre Mall,Ice Cream,5.0,235,San Juan,True,5.0
s8q2,8Stax,Chicken,0.0,0,Marikina,False,
s8rx,Krispy Kreme - SM Megamall A,Donut,4.9,174,Mandaluyong City,True,4.9
s8sc,GOGI Samgyeop - Kapitolyo,Korean,5.0,762,Makati City,True,5.0
s8uq,Tempura Grill X Congo Grille - UN Square Mall,Japanese,4.9,161,Manila,True,4.9
s8vm,Hungry Barn - RSquare Mall,Rice Bowl,5.0,1233,Manila,True,5.0
s8vy,Gong Cha - SM City Marikina,Milk Tea,5.0,862,Marikina,True,5.0
s8wv,Your Local - Esteban,Filipino,5.0,369,Makati City,True,5.0
s8wx,Santino's Pizza - Claveria,Pizza,5.0,34,Davao City Davao Del Sur,True,5.0
s8xg,Avocadoria.ph - Elizabeth Mall,Ice Cream,5.0,764,Cebu City,True,5.0
s8xv,Broo. Tea & Coffee - Santa Cruz,Coffee,5.0,432,Manila,True,5.0
s8yf,The Coffee Bean & Tea Leaf - Taft East Gate,Coffee,5.0,262,Mandaluyong City,True,5.0
s8yz,Stellar Brewing Cafe - Talamban,Desserts,4.7,137,Cebu City,True,4.7
s93j,Shakey's Pizza - Puregold FTI,Pizza,5.0,1032,Taguig City,True,5.0
s96g,Bang Bang Special Crispy Bangus - Labangon,Seafood,5.0,357,Cebu City,True,5.0
s97a,Alexsea Delicatessen - Market Market,Sushi,5.0,401,Taguig City,True,5.0
s9aq,Gong cha - Greenhills Centermall,Milk Tea,5.0,365,San Juan,True,5.0
s9bs,Wendy's - Festival,Burgers,5.0,2231,Muntinlupa City,True,5.0
s9cc,Mr. Chops - Glorietta 4,Fast Food,5.0,863,Makati City,True,5.0
s9cm,Burger King - Vivo Cebu Escario,Burgers,5.0,11363,Cebu City,True,5.0
s9cv,David's Tea House - R Square Mall,Chinese,5.0,1202,Manila,True,5.0
s9de,Minute Burger - Juna Subdivision,American,5.0,1288,Davao City Davao Del Sur,True,5.0
s9df,Tako Depot Takoyaki - Ayala Malls Manila Bay,Takoyaki,5.0,431,Pasay City,True,5.0
s9dz,McDonald's - Venice Grand Canal,Fast Food,4.8,4001,Taguig City,True,4.8
s9ep,The Coffee Bean & Tea Leaf - Lightsite Parc,Coffee,5.0,914,Cebu City,True,5.0
s9eu,Goldilocks - Marikina Concepcion,Cakes,5.0,1591,Marikina,True,5.0
s9fu,Ike Super Lapaz Batchoy - Toril,Soups,4.9,274,Davao City Davao Del Sur,True,4.9
s9fw,Half Saints - The Ignacia Place,Asian,5.0,142,Quezon City,True,5.0
s9fy,Aling Banang - Countryside Avenue,Filipino,4.9,4145,Pasig City,True,4.9
s9fz,Dean & DeLuca - Eton Tower Makati,American,4.9,207,Makati City,True,4.9
s9gf,Quickly - Shangri-La Plaza,Milk Tea,5.0,1027,Mandaluyong City,True,5.0
s9gl,Wing Vibe - Sampaloc,Chicken Wings,5.0,16184,Manila,True,5.0
s9gu,Calle Cinco (C5) - Dona Vicenta Avenue,Filipino,5.0,268,Davao City Davao Del Sur,True,5.0
s9h0,FIC (Fruits in Ice Cream) - Sampaloc,Ice Cream,5.0,27,Manila,True,5.0
s9ha,Nono's - BGC,Sandwiches,5.0,1700,Taguig City,True,5.0
s9hc,Chowking - Sm Manila 2 Level 2,Fast Food,5.0,1693,Manila,True,5.0
s9hz,Hakata Ton-ichi - Ayala North Exchange,Ramen,5.0,336,Makati City,True,5.0
s9id,Over Mango - WMall,Fruit Shake,4.9,776,Pasay City,True,4.9
s9iy,Chatime - One Mactan,Milk Tea,5.0,1051,Lapu-Lapu City Cebu,True,5.0
s9js,TEA 'n DOUGH - Laong Laan,Milk Tea,5.0,3818,Manila,True,5.0
s9kd,99 Peso Sulit Chicken - Kapitolyo,Chicken,5.0,2931,Pasig City,True,5.0
s9le,Dairy Queen - SM Light,Ice Cream,5.0,995,Mandaluyong City,True,5.0
s9ly,California Pizza Kitchen - Festival Mall,Pizza,4.9,180,Muntinlupa City,True,4.9
s9me,Drew Tea House - Bonifacio St.,Milk Tea,4.9,141,Davao City Davao Del Sur,True,4.9
s9mq,Burger King - Century City Mall,Burgers,5.0,3427,Makati City,True,5.0
s9o4,The Burp Co. - SM City Davao,Asian,5.0,28,Davao City Davao Del Sur,True,5.0
s9os,Big Chill - Greenhills,Beverages,4.5,135,San Juan,True,4.5
s9p8,99Silog Taguig,Silog,5.0,125,Taguig City,True,5.0
s9p9,Mr. Karaage - Intrepid Plaza,Japanese,0.0,0,Quezon City,False,
s9pi,Walang Ka Pares - V Luna,Filipino,4.2,650,Quezon City,True,4.2
s9pk,Boy Zugba - IT Park,Filipino,4.9,1260,Cebu City,True,4.9
s9qg,Taco Bell - SM Megamall,Wraps,5.0,1689,Mandaluyong City,True,5.0
s9rn,28 Treasures HK Roast & Dimsum - H.V. Dela Costa,Chinese,5.0,1757,Makati City,True,5.0
s9si,The Coffee Bean & Tea Leaf - Festival Supermall Extension,Coffee,4.9,135,Muntinlupa City,True,4.9
s9sk,Ace Coffee Lounge - Kapitolyo,Pasta,5.0,17,Pasig City,True,5.0
s9tm,Gorudo Ramen - Lilac,Ramen,4.9,331,Marikina,True,4.9
s9ut,Pamana Restaurant - Perea,Filipino,5.0,266,Makati City,True,5.0
s9ux,Paluto sa Kusina - CM Recto,Filipino,4.8,1001,Manila,True,4.8
s9vq,Dahnil's Kitchen - Sobrecary,Filipino,5.0,4931,Davao City Davao Del Sur,True,5.0
s9vt,Bistro Rosario - F Torres,Fruit Shake,5.0,369,Davao City Davao Del Sur,True,5.0
s9we,Kenny Rogers Roasters - Pasig Boulevard Kapitolyo,Chicken,5.0,1964,Pasig City,True,5.0
s9wg,Tokyo Bubble Tea - Banawe,Japanese,5.0,826,Quezon City,True,5.0
s9wh,Soldier's Diner - Plainview,Burgers,4.7,434,Mandaluyong City,True,4.7
s9wu,Kape tol Cafe - Sampaloc,Beverages,4.9,265,Manila,True,4.9
s9xq,Burger King - Two E-Com,Burgers,5.0,2187,Pasay City,True,5.0
s9xz,Sol's Halo-Halo & Desserts - Inayawan,Halo-Halo,5.0,998,Cebu City,True,5.0
s9yu,Pancit Ng Taga Malabon - San Juan,Pancit,5.0,307,San Juan,True,5.0
s9zi,ChizMozza - Robinsons Manila,Snacks,4.9,82,Manila,True,4.9
saex,Chicken Rush - Malate,Chicken,0.0,0,Manila,False,
sahd,Tea Cup Zone - Silk Residences,Beverages,5.0,32,Manila,True,5.0
saia,Coal Point Snack Bar,Burgers,5.0,89,Quezon City,True,5.0
sajk,Bok Joo Chicken - Scout Castor Street,Korean,5.0,1288,Quezon City,True,5.0
san3,Haro Haro - South Park Center By Ayala Mall,Milk Tea,5.0,66,Muntinlupa City,True,5.0
sana,Takoyatea by Joel Cruz - Sisa Street,Japanese,5.0,1034,Manila,True,5.0
sava,Butter And Spoon Food Services - Roamsceville,Cakes,4.9,23,Koronadal South Cotabato,True,4.9
savd,Gamseong Ramyeon - Salinas Drive,Ramen,0.0,0,Cebu City,False,
sawo,Salads & More - 3rd Avenue,Salads,0.0,0,Davao City Davao Del Sur,False,
say4,AX Pancit Con Lechon - St Francis Square Mall,Filipino,5.0,678,Mandaluyong City,True,5.0
sb54,Sushi Nori - Ayala Mall Feliz,Sushi,5.0,85,Pasig City,True,5.0
sb5b,The Pollo Family: Loaded Chicken - BGC,Fried Chicken,5.0,67,Taguig City,True,5.0
sb7l,Ate Rica's Bacsilog - Festival Mall,Rice Bowl,4.9,24,Muntinlupa City,True,4.9
sbac,Tully's Coffee - Metropolitan Hospital,Coffee,0.0,0,Manila,False,
sbeu,Campfire Burgers & More - Marikina,Burgers,5.0,107,Marikina,True,5.0
sbew,Mango Royal Milkshake - Jesus Dela Peña,Fruit Shake,5.0,55,Marikina,True,5.0
sbig,Twistea - Balut Branch,Milk Tea,0.0,0,Manila,False,
sblw,LUNCHEONETTE in AbacaEats - Vista Mar Mactan,American,0.0,0,Lapu-Lapu City Cebu,False,
sboj,HOF Siomai King - Shaw Boulevard,Asian,0.0,0,Pasig City,False,
sbpy,Paotsin - Robinsons Place Manila,Dumpling,5.0,1057,Manila,True,5.0
sbxi,G&G Taiwan Famous Chicken - Ayala Vertis North,Coffee,4.9,11,Quezon City,True,4.9
sby8,Wow Cow - Festival Mall,Rice Noodles,0.0,0,Muntinlupa City,False,
sc5a,JM Shawarma - Citymall Koronadal,Shawarma,4.9,293,Koronadal South Cotabato,True,4.9
sc7u,Coco+ - SM MOA,Fruit Shake,0.0,0,Pasay City,False,
sc82,Figaro Coffee - Medical City,Coffee,0.0,0,Pasig City,False,
sc8i,Miyoshin Ji,Ramen,0.0,0,Quezon City,False,
sc9t,Yega Restaurant - Lapu-Lapu Airport,Korean,0.0,0,Lapu-Lapu City Cebu,False,
sch4,Sak-Yant Thai Food Express - Boni Avenue,Noodles,5.0,91,Mandaluyong City,True,5.0
schw,Healthy Sand - R Square Mall,Sandwiches,5.0,418,Manila,True,5.0
sco9,Don Macchiatos - Sto Nino Street,Coffee,0.0,0,Quezon City,False,
scsp,KK Burger - Regis Center,Burgers,0.0,0,Quezon City,False,
sd04,Don Macchiatos - CTU,Coffee,0.0,0,Cebu City,False,
sd20,The Original Pares - Sta Mesa Residens,Filipino,4.9,1055,Manila,True,4.9
sd3g,Tops Grill & Restobar - Captain Ticong,Filipino,4.9,136,Manila,True,4.9
sddo,Remo's Kitchen - Kasambagan,Filipino,5.0,1282,Cebu City,True,5.0
sdwr,"But First, Coffee - AB Fernandez Ave",Filipino,5.0,155,Dagupan Pangasinan,True,5.0
se0r,Sugar Baby Milktea and Cafe - Crossroad Park,Milk Tea,0.0,0,Quezon City,False,
se17,Chinese Beef Noodles House - Greenhills Mall,Chinese,4.9,22,San Juan,True,4.9
se4c,Keopi 38 by Gre Cafe - Cabantian Branch,Coffee,5.0,79,Davao City Davao Del Sur,True,5.0
se5i,Sunnyside Kitchenette - Mount Vernon,Filipino,0.0,0,Quezon City,False,
seac,Aling Banang - Pasay,Filipino,5.0,388,Pasay City,True,5.0
sebe,Coffee Life - GSC Corporate Tower,Filipino,0.0,0,Taguig City,False,
sefr,Fat Kids - Bonifacio,Asian,4.4,72,Davao City Davao Del Sur,True,4.4
sele,Benros Chinese Cuisine - Manila Branch,Chinese,0.0,0,Manila,False,
senp,Shawarma Shack - Robinsons Ormoc,Shawarma,5.0,221,Ormoc Leyte,True,5.0
senq,Bastie's Grill 'N House - Zone 3,Pasta,0.0,0,Koronadal South Cotabato,False,
sesm,Mexikanto Malolos,Unknown,4.9,14,Malolos Bulacan,True,4.9
sesr,Yummy Tokyo - Kapitolyo,Japanese,4.9,262,Pasig City,True,4.9
set2,Hangry Tuna - Matina Aplaya,Seafood,5.0,1883,Davao City Davao Del Sur,True,5.0
set6,Fusion Ramen - Santolan,Ramen,0.0,0,San Juan,False,
sf32,Burby's - The Cabanas Mall,Filipino,4.9,372,Malolos Bulacan,True,4.9
sf52,Angel's Wings and Sizzling Hub - Malolos,Chicken Wings,0.0,0,Malolos Bulacan,False,
sfge,Nuli Milktea Studio,Milk Tea,5.0,189,Manila,True,5.0
sfj7,LGBT - JRU Shaw Boulevard,Filipino,4.9,1080,Mandaluyong City,True,4.9
sfjs,Ling Nam Fried Siopao - Metro Market! Market!,Bread,0.0,0,Taguig City,False,
sfk2,Lachica's Food and Refreshment Hub - Koronadal South Cotabato,Filipino,0.0,0,Koronadal South Cotabato,False,
sfmd,Lembest Lechon - Blumentritt,Lechon,0.0,0,Manila,False,
sfp8,MatTEAu's - Riverbanks Mall,Snacks,5.0,27,Marikina,True,5.0
sfrq,SPILL D' BEANS CAFE - MANILA RESIDENCES TOWER,Filipino,0.0,0,Manila,False,
sfrx,Yogorino - Molito,Desserts,5.0,54,Muntinlupa City,True,5.0
sfud,Black Pearl - NCCC Mall VP,Fruit Shake,4.8,19,Davao City Davao Del Sur,True,4.8
sfug,Nuxen's,Fast Food,4.9,48,Lapu-Lapu City Cebu,True,4.9
sg03,Yoh Froz - Lanang,Fruit Shake,5.0,202,Davao City Davao Del Sur,True,5.0
sg05,Sisig Hooray - The Landmark Alabang,Sisig,4.9,172,Muntinlupa City,True,4.9
sg8b,Liam's & Louis Gourmet Cafe - Circulo Verde,Ulam,0.0,0,Quezon City,False,
sgev,Thai Express - San Marcelino Street,Curry,0.0,0,Manila,False,
sgke,Mister Donut - Soho Mall,Donut,5.0,95,Lapu-Lapu City Cebu,True,5.0
sh0b,Cafe Mary Grace - Serendra,Filipino,5.0,212,Taguig City,True,5.0
sh1g,Papa Dudut Lechon Manok,Chicken,0.0,0,Quezon City,False,
sh5a,Biggies - 509 Aznar Road,American,0.0,0,Cebu City,False,
sh6h,GuGu Manju - SM North EDSA,Korean,5.0,38,Quezon City,True,5.0
sha1,Martin Lechon House- DJC Bajada,Filipino,4.9,1410,Davao City Davao Del Sur,True,4.9
shey,HOMI korean restaurant - UN Mall,Korean,0.0,0,Manila,False,
shey,HOMI KOREAN RESTAURANT,Korean,0.0,0,Manila,False,
shk7,MayRich Cakes and Pastries - Labangon,Desserts,5.0,227,Cebu City,True,5.0
shkh,The Black Pizza - Xavierville Avenue,Pizza,4.6,41,Quezon City,True,4.6
shs8,Mundae - Robinsons Galleria Ortigas,Desserts,0.0,0,Quezon City,False,
shuf,Kare Kare & Bulalo House - Arnaiz Ave.,Filipino,4.8,369,Pasay City,True,4.8
shx5,Rarjap Sushi House - Jaena,Japanese,5.0,785,Pasig City,True,5.0
si4j,Balai Pandesal - Fairview Terraces,Snacks,5.0,123,Quezon City,True,5.0
si5n,Angry Burger - Bayswater Subdivision,Burgers,0.0,0,Cebu City,False,
sikb,Samgyup On The Go - Boni Ave,Asian,4.7,25,Makati City,True,4.7
sikb,Samgyup On The Go-Makati Cinema Square,Asian,4.8,16,Makati City,True,4.8
simd,Shack & Roll - Bonifacio,Fried Chicken,4.8,57,Davao City Davao Del Sur,True,4.8
simj,Black café,Coffee,4.7,53,Dagupan Pangasinan,True,4.7
sind,Food Hub Manila - F Roxas,Pizza,0.0,0,Manila,False,
sis5,Nacho King - Antonio Street Ugong,Snacks,5.0,14,Pasig City,True,5.0
sit9,Wings and Fixins Unlimited - National Road,Chicken,3.9,72,Muntinlupa City,True,3.9
siu3,Spice Up Food House - Marfori,Biryani,0.0,0,Davao City Davao Del Sur,False,
sj26,Mama Mias Brownies - Colonnade Mall,Filipino,0.0,0,Cebu City,False,
sj4a,Vanilla Brew VNL BRW - Karangalan,Beverages,5.0,256,Pasig City,True,5.0
sj7e,Pansititoy - Talomo,Asian,5.0,51,Davao City Davao Del Sur,True,5.0
sjcj,Krispy Kreme - Tikay Malolos,Donut,5.0,1182,Malolos Bulacan,True,5.0
sjgi,Mangolicious - Mercato de Mactan,Fruit Shake,0.0,0,Lapu-Lapu City Cebu,False,
sjkf,Potdog - Northgate Alabang,Seafood,4.9,43,Muntinlupa City,True,4.9
sjkq,Banapple - Malate,Cakes,0.0,0,Manila,False,
sjp2,Vice & Other Bad Habits - Durban Street,Pizza,4.9,18,Makati City,True,4.9
sjq5,24/7 Wings - Ortigas,Chicken Wings,0.0,0,Mandaluyong City,False,
sjy7,Coolers Delight - Guadalupe,Fruit Shake,0.0,0,Cebu City,False,
sk0k,Ate Rica's Bacsilog - RFA,Silog,4.8,19,San Juan,True,4.8
sk2w,King Sisig - Timog Avenue,Sisig,4.9,924,Quezon City,True,4.9
sk42,Tendon Akimitsu - Gateway Mall 2,Japanese,0.0,0,Quezon City,False,
sk57,Kirakuya Ramen - Pontiac,Japanese,0.0,0,Quezon City,False,
sk8p,White Sugar - G Tuazon,Beverages,0.0,0,Quezon City,False,
sk94,Al Makkah Restaurant & Cafe - Sherwood Place,Biryani,0.0,0,Manila,False,
skap,Doughmain - SM Megamall,Donut,4.5,25,Mandaluyong City,True,4.5
ske3,Mary's Mango Sticky Rice Halo-Halo and Con Yelo - Burbank Tower,Halo-Halo,5.0,18,Mandaluyong City,True,5.0
skin,Hocho Japanese Restaurant - Metro Gaisano Mall,Sushi,0.0,0,Muntinlupa City,False,
skma,Johnn Lemon - KCC Mall of Marbel,Snacks,5.0,11,Koronadal South Cotabato,True,5.0
skpd,FANBOXED - Zabarte Subdivision,Filipino,0.0,0,Quezon City,False,
skpn,Rustic Kusina - West Service Road,Asian,5.0,10,Muntinlupa City,True,5.0
skqq,Chatime - Shell Pusok,Milk Tea,5.0,1049,Lapu-Lapu City Cebu,True,5.0
sksh,Yogu Milk Tea - Davao,Milk Tea,5.0,44,Davao City Davao Del Sur,True,5.0
skva,Boss Shake - EDCH Food Park,Beverages,0.0,0,Cebu City,False,
skyq,Mylk Tea - Nepo Mall,Beverages,5.0,35,Dagupan Pangasinan,True,5.0
sl0n,Forbestt - Taft Avenue,Silog,0.0,0,Manila,False,
sl1o,Zark's Burgers - Festival Mall,Burgers,4.9,61,Muntinlupa City,True,4.9
sl4c,Mang Domeng's Bibingka - Puregold FTI,Cakes,5.0,24,Taguig City,True,5.0
sl5h,Mom's Pizza - Saint Jude Acres Subdivision,Pizza,5.0,190,Cebu City,True,5.0
sl5z,Kuya Ram Indian Cuisine - Dona Vicenta,Indian,4.9,1892,Davao City Davao Del Sur,True,4.9
sl66,Crinkleberry Cafe - Blak na Bato,Snacks,3.4,40,Quezon City,True,3.4
sl7s,Kurimi Milk Tea Bar - Anonas,Milk Tea,5.0,276,Quezon City,True,5.0
slah,Iced Earth - Matina Pangi,Ice Cream,0.0,0,Davao City Davao Del Sur,False,
slav,Drip Kofi - DLSU,Coffee,5.0,471,Manila,True,5.0
slej,Cinnabon - Alabang Town Center,Bread,5.0,194,Muntinlupa City,True,5.0
slh8,Ein's Puto House - Fairview Center Mall,Rice Dishes,4.7,34,Quezon City,True,4.7
sln4,The Sundry Food Hall (Mix and Match) - Pasig,Asian,5.0,37,Pasig City,True,5.0
slnz,Yumpanada - Robinsons Galleria,Filipino,0.0,0,Quezon City,False,
sloh,Hen Lin - Madison Galeries,Chinese,0.0,0,Muntinlupa City,False,
slz8,D'Grillmaster - Maa,Ulam,0.0,0,Davao City Davao Del Sur,False,
sm1x,Eat Sulit - Marikina Heights,Chicken,5.0,263,Marikina,True,5.0
smbf,Potato Corner - KCC Marbel,Fries,5.0,132,Koronadal South Cotabato,True,5.0
smbw,Matsuri Bento - Salcedo,Japanese,5.0,532,Makati City,True,5.0
smd8,Mr. Liempo - Kamuning,Filipino,0.0,0,Quezon City,False,
smhm,Merry Moo - Sampaloc,Desserts,5.0,17,Manila,True,5.0
smri,Pitaholic - Graceland Mall,Asian,4.9,634,Malolos Bulacan,True,4.9
sn19,Shell Cafe - EDSA Balintawak,Coffee,0.0,0,Quezon City,False,
sn3h,Yanzy’s Food Hub,Filipino,4.7,32,Quezon City,True,4.7
sn5d,Calorie Club - Malolos,Healthy,5.0,57,Malolos Bulacan,True,5.0
sngu,Big Mike's Chicago Style - Katipunan Street,Rice Dishes,0.0,0,Marikina,False,
snk9,634 Musashi,Japanese,0.0,0,Makati City,False,
snmf,Mi yummy Mango - Pasig,Desserts,0.0,0,Pasig City,False,
sntx,Flavor Fusion,Filipino,0.0,0,Davao City Davao Del Sur,False,
snu8,MY GIRL MILKTEA AND COFFEE - OTIS,Beverages,5.0,51,Manila,True,5.0
snus,Goodman Coffee & Bread - Geronimo Street,Coffee,4.9,37,Quezon City,True,4.9
so51,Greenwich - JP Laurel Bajada,Pizza,5.0,381,Davao City Davao Del Sur,True,5.0
so5x,Chooks to Go - Panacan,Chicken,5.0,395,Davao City Davao Del Sur,True,5.0
so6a,Drip Kofi - SM City Manila,Unknown,5.0,48,Manila,True,5.0
so6t,Salo Restaurant - Kabayan Hotel,Filipino,5.0,193,Pasay City,True,5.0
soa0,Authentic Bicol - Juna Subdivision,Filipino,5.0,30,Davao City Davao Del Sur,True,5.0
sob5,Tagaytay Bulalo Specials - Evangelista,Filipino,0.0,0,Makati City,False,
sobl,Wow Cow Fresh Beef Hot Pot - Taguig,Noodles,4.9,16,Taguig City,True,4.9
sol7,Mexicano Bueno - Alabang,Rice Bowl,4.4,21,Muntinlupa City,True,4.4
sorc,Potato Corner x Hungry Pinoy x Noodle Stop x BLK10 Lemonade - Pinagsama Taguig,Snacks,5.0,160,Taguig City,True,5.0
sos2,Syano Lugawan - Catalunan Pequeno,Porridge,5.0,910,Davao City Davao Del Sur,True,5.0
sos5,Mango Madness,Fruit Shake,4.9,15,Malolos Bulacan,True,4.9
souo,My Kope Akademia Cafe,Filipino,0.0,0,Cebu City,False,
sovv,Timplang Pinoy: Filipino Eats - Makati,Filipino,4.8,113,Makati City,True,4.8
sow1,My Joy - Ayala,Filipino,5.0,401,Cebu City,True,5.0
sowx,Wingyard - Panay Avenue,Chicken Wings,0.0,0,Quezon City,False,
sp05,Takoyadon - Starmall EDSA,Takoyaki,5.0,76,Mandaluyong City,True,5.0
sp2b,99 Peso Rice Bowls To Go - Marikina Heights,Rice Bowl,5.0,648,Marikina,True,5.0
sp32,Three Jewels Lechon Manok - Ecoland,Lechon,0.0,0,Davao City Davao Del Sur,False,
sp78,Buddies on Fire Sizzling House - Marikina,Chicken,0.0,0,Marikina,False,
speb,Yummy Pao PH - Mayon Galleria Suites,Bread,0.0,0,Quezon City,False,
sphw,Pierre Marco Fruit Shake Stand - East Rembo,Pizza,5.0,16,Makati City,True,5.0
splo,Chennai Rotti Paratha - Damascus Road,Bread,4.3,33,Cebu City,True,4.3
sppd,Mexi-ko: Fil-Mex Kitchen  - Kapitolyo,Asian,5.0,136,Pasig City,True,5.0
spqc,Boulangerie22 - Ayala Malls Cloverleaf,Cakes,5.0,1223,Quezon City,True,5.0
spr6,Angel's Pizza - Newport,Pizza,5.0,12,Pasay City,True,5.0
spw8,Laksa at Pares by Eat Fresh - Providence Tower,Pares,5.0,82,Manila,True,5.0
spy1,Kurimi Milk Tea Bar - Guadalupe Cebu,Beverages,5.0,35,Cebu City,True,5.0
sq09,Dragon Takoyaki - Pasig,Korean,4.9,773,Pasig City,True,4.9
sq0o,Egg Depot - Fishermall,Filipino,4.9,103,Quezon City,True,4.9
sq79,Eden's Vegan Food Hub - Junquera Street,Healthy,5.0,88,Cebu City,True,5.0
sqet,Azuo Bistro - CM Recto Street and Rizal Street,Asian,5.0,39,Davao City Davao Del Sur,True,5.0
sqii,Azilogan - Kasambagan,Silog,4.9,29,Cebu City,True,4.9
sqjy,TJ's Smash Burgers - Batasan Hills,Burgers,5.0,74,Quezon City,True,5.0
sqri,STK ta Bai sa Paolito's Seafood House - Ayala Center Cebu,Seafood,5.0,81,Cebu City,True,5.0
sqrl,Hen Lin - RCBC Plaza,Dim Sum,5.0,327,Makati City,True,5.0
sqsi,Khao Khai Thai Chicken House - SM Mall of Asia,Thai,4.9,337,Pasay City,True,4.9
squ4,Sync Cafe - St. Patrick Square,Unknown,4.9,252,Cebu City,True,4.9
sr7s,Takoya Kiks - Riverbanks Mall,Japanese,5.0,231,Marikina,True,5.0
sr8n,Por'Que - SM Megamall,Filipino,3.5,18,Mandaluyong City,True,3.5
sraj,Big Bean Cafe - Davao,Coffee,0.0,0,Davao City Davao Del Sur,False,
srf0,Cmoore Takoyaki,Japanese,0.0,0,Lapu-Lapu City Cebu,False,
srit,44 Ave. Coffee Shop - Santo Niño,Coffee,0.0,0,Muntinlupa City,False,
srj2,Saige - Quirino Highway,Rice Bowl,5.0,10,Quezon City,True,5.0
srmp,Duo Brew - Ususan,Unknown,0.0,0,Taguig City,False,
srmx,Ramen Dori- Quezon City,Ramen,0.0,0,Quezon City,False,
srp1,Bean Awake Coffee & Milktea Shop - Labangon,Coffee,0.0,0,Cebu City,False,
srpb,Greyzlyne Cafe,Coffee,0.0,0,Manila,False,
srra,Daniel's Pasta Salad and Sandwich - Maginhawa Street,Pasta,5.0,374,Quezon City,True,5.0
srwh,iAmBagel - Gomez Street,Sandwiches,4.9,28,Quezon City,True,4.9
ss34,Shanghai Dumpling Bar,Rice Noodles,0.0,0,Quezon City,False,
ssga,Urbanica Milk Coffee - Cabana,Beverages,5.0,205,Malolos Bulacan,True,5.0
ssjx,Tastes from the Greens - Tondo,Milk Tea,5.0,508,Manila,True,5.0
sskl,IceCreamHouse - Sikatuna,Ice Cream,5.0,402,Quezon City,True,5.0
ssni,JM Shawarma - Robinsons Place Ormoc,Shawarma,4.8,87,Ormoc Leyte,True,4.8
ssnl,Breaktime Cafe - Bago Bantay,Pizza,4.6,425,Quezon City,True,4.6
sso3,Noypi Chicken Inasal House,Chicken,0.0,0,Marikina,False,
sss3,RT’s Manukan Sisig Kapampangan - Batasan Hills,Chicken,0.0,0,Quezon City,False,
sstu,Sevi Coffee - Hagonoy,Sandwiches,0.0,0,Taguig City,False,
ssyc,Desha's Pares Silog - Sampaguita Street,Silog,4.6,12,Taguig City,True,4.6
ssyu,Nagi Sushi - Ayala Triangle Gardens,Japanese,0.0,0,Makati City,False,
ssz5,Shawarma Snack Center - Ermita,Middle Eastern,5.0,289,Manila,True,5.0
st42,Sumis Food Crafts - Masangkay Street,Milk Tea,0.0,0,Manila,False,
st71,Lemon Square Bakery Treats - Dela Paz Pasig,Cakes,5.0,338,Pasig City,True,5.0
staz,ZOIE'S BACSILOG,Filipino,0.0,0,Manila,False,
staz,Bon del Ros Food Stall - Paco Mall Manila,Filipino,0.0,0,Manila,False,
stbj,Macao Imperial Tea - Philippine Stock Exchange BGC,Milk Tea,5.0,712,Taguig City,True,5.0
stbu,SurFRIES-PIZZArap West Fairview,American,0.0,0,Quezon City,False,
stgn,Ongpin Express - Ever Gotesco Commonwealth,Dim Sum,5.0,66,Quezon City,True,5.0
stj0,Nihon Cafe - Bel Air Makati,Coffee,0.0,0,Makati City,False,
stla,Pocofino - Eastwood Mall,Coffee,0.0,0,Quezon City,False,
stmm,Pod Lab Cafe - Arnaiz,Coffee,5.0,10,Pasay City,True,5.0
stmq,Enjoy Your Coffee - Kamuning,Beverages,5.0,11,Quezon City,True,5.0
su28,K-Chicken House Korean Fried Chicken - General Estrella,Korean,4.9,696,Makati City,True,4.9
su5k,Qizia Cafe - Concepcion Dos,Western,5.0,3320,Marikina,True,5.0
su5w,Tori Kraze - Quirino Highway,Japanese,5.0,471,Quezon City,True,5.0
su6m,Master Buffalo - Tondo,Chicken Wings,5.0,810,Manila,True,5.0
su99,Tom's - Primo De Riveria Street,Ulam,5.0,756,Makati City,True,5.0
suiq,Cookies by the Bucket- Festival Mall,Desserts,0.0,0,Muntinlupa City,False,
suis,HiLand Fresh - IL Corso,Fruit Shake,0.0,0,Cebu City,False,
sull,Manoy - Libertad,Filipino,5.0,637,Mandaluyong City,True,5.0
sumr,Akiko Foods - Amkor Multipurpose Building,Japanese,5.0,89,Muntinlupa City,True,5.0
sun3,Overdoughs - Robinsons Place Manila,Donut,5.0,129,Manila,True,5.0
suns,Baa Baa Thai Tea - Pueblo Verde,Milk Tea,5.0,166,Lapu-Lapu City Cebu,True,5.0
suop,ZUS Coffee - The Biopolis,Coffee,5.0,41,Pasay City,True,5.0
sup3,Uncle John's - W City Center,Chicken,0.0,0,Taguig City,False,
surb,FakeSilog - Palatiw,Silog,4.9,573,Pasig City,True,4.9
suua,Mexi-ko: Fil-Mex Kitchen  - Maginhawa,Asian,4.9,171,Quezon City,True,4.9
suxg,Thrunks' Place Jacinto Foodhouse - Jacinto Street,Filipino,4.9,122,Davao City Davao Del Sur,True,4.9
suz9,wRestzlers Diner - Gagalangin,Silog,0.0,0,Manila,False,
sv03,Secret Sauce - Congressional Ext,American,0.0,0,Quezon City,False,
sv40,The French Baker Flat Cafe - SM Lanang,Bread,5.0,80,Davao City Davao Del Sur,True,5.0
sv5c,Lemon Square Bakery Treats - Kalayaan Makati,Cakes,5.0,1692,Makati City,True,5.0
sv8j,Best Bites Boneless Fried Chicken - Paco Mall,Chicken,0.0,0,Manila,False,
svf4,Beard Papa's - Greenhills Mall,Desserts,0.0,0,San Juan,False,
svlo,Pinky Cafe - Real Street,Beverages,5.0,43,Ormoc Leyte,True,5.0
svms,Liang Crispy Roll - SM San Lazaro,Chinese,4.9,73,Manila,True,4.9
svp4,Buffalo's Wings N' Things - Robinsons Malolos,Chicken Wings,5.0,180,Malolos Bulacan,True,5.0
svrz,Muy Mexicantina - 154 Maginhawa,Chicken,5.0,169,Quezon City,True,5.0
svzt,The Maki Express - Lagro,Sushi,5.0,290,Quezon City,True,5.0
sw0m,Flaky Co - Makati,Bread,4.9,31,Makati City,True,4.9
sw2e,BKK Express - Ermita,Ulam,5.0,23,Manila,True,5.0
sw34,⁠PICKUP COFFEE - Mactan Town Center,Coffee,5.0,31,Lapu-Lapu City Cebu,True,5.0
sw7n,Halo Delight - Maa,Halo-Halo,5.0,450,Davao City Davao Del Sur,True,5.0
sw9e,Gryk's Food House Koronadal - Antipolo Street,Filipino,4.9,79,Koronadal South Cotabato,True,4.9
swex,The Red Crab Alimango & Talaba House - Uptown Bonifacio,Filipino,5.0,53,Taguig City,True,5.0
swk8,Dencio's - Shaw JRU,Filipino,0.0,0,Mandaluyong City,False,
swln,La’ Salsa Fil-Mex Cantina - SM City Cebu,Filipino,0.0,0,Cebu City,False,
swoq,Happilee Korean Kitchen - Sampaloc,Korean,5.0,528,Manila,True,5.0
swrh,Black Tiger Cafe - Timog Avenue,Milk Tea,4.9,20,Quezon City,True,4.9
sws5,HungryBoy - EDSA,Silog,0.0,0,Mandaluyong City,False,
swvl,Mango Float Supreme Manila - SM City East,Beverages,4.9,156,Pasig City,True,4.9
swyc,Casa Crawford: Modern Mexican Kitchen - Pasay,Rice Bowl,5.0,901,Pasay City,True,5.0
sx09,Ya Kun Kaya Toast - Mall of Asia,Sandwiches,0.0,0,Pasay City,False,
sx32,Marugame Udon - Robinsons Malolos,Japanese,5.0,485,Malolos Bulacan,True,5.0
sx8h,Bowl Marrow - Food Junction McKinley Taguig,Rice Bowl,0.0,0,Taguig City,False,
sxg7,Chachao - 8th Street,Milk Tea,4.3,128,Taguig City,True,4.3
sxhi,Oshikei - Bambang Street,Silog,5.0,449,Manila,True,5.0
sxlt,New York Buffalo Brads Sports Lounge - Ayala Central Bloc,Chicken,5.0,218,Cebu City,True,5.0
sxlu,Katsu Curry House - Industria Street,Milk Tea,4.7,601,Pasig City,True,4.7
sxml,Kiara's Food Crib Takoyaki - Holy Spirit,Burgers,0.0,0,Quezon City,False,
sxmn,Zap Milktea - Mapayapa,Beverages,4.7,375,Quezon City,True,4.7
sxu4,KSSM Beauty Ph Corp - Uptown Parade Uptown Mall,Unknown,0.0,0,Taguig City,False,
sxwo,Beans and Vines Lounge and Tasting Room,Asian,0.0,0,Davao City Davao Del Sur,False,
sxy3,Tealive - Newton Plaza,Milk Tea,5.0,72,Manila,True,5.0
sy6o,Rogue & Co - Ayala Malls Vertis,Asian,5.0,11,Quezon City,True,5.0
sydo,Monster Wings - Ayala Malls Feliz,Chicken Wings,0.0,0,Pasig City,False,
synv,Winsum Sushi- Sampaloc,Japanese,4.8,81,Manila,True,4.8
sys7,La Chocole - Bajada,Beverages,5.0,29,Davao City Davao Del Sur,True,5.0
syt3,Ling Nam Fried Siopao - Cabarrubias Street,Chinese,4.9,47,Cebu City,True,4.9
sz17,Mang Domeng's Bibingka - Novo Tayuman,Desserts,4.9,29,Manila,True,4.9
szbp,Dolora's Hauz of Pancit Malabon - Congressional Extension,Pancit,5.0,435,Quezon City,True,5.0
szc3,Amealia’s Silog - Soldiers Hill Street,Silog,5.0,121,Muntinlupa City,True,5.0
szhl,Mashita Lechon Manok Ug Liempo - Cabantan,Lechon,5.0,191,Cebu City,True,5.0
szi8,Chooks to Go - Bagumbayan Taguig,Chicken,5.0,62,Taguig City,True,5.0
sznq,YoCoco - SM Makati,Ice Cream,0.0,0,Makati City,False,
szq2,Baliwag Lechon Manok at Liempo - Paquita Street,Lechon,5.0,338,Manila,True,5.0
szra,Lugawan sa Ormoc - Lilia Avenue,Filipino,4.9,84,Ormoc Leyte,True,4.9
szs9,Candy Corner - Lifestyle Center Greenhills,Desserts,0.0,0,San Juan,False,
szsr,Inihouse - Tapuac,BBQ,4.9,37,Dagupan Pangasinan,True,4.9
szsy,Dolce Mango - Robinson Supermarket Mercedez,Fruit Shake,5.0,41,Pasig City,True,5.0
szus,Casa Mexicana - Scout Delgado,Western,4.9,18,Quezon City,True,4.9
t066,Del Union - BGC,Coffee,4.9,16,Taguig City,True,4.9
t07o,Mhai's Sweet Treats - Lopez Jaena,Cakes,0.0,0,Davao City Davao Del Sur,False,
t07z,Mang Tomas Ganado Express by Cloudeats - Kapitolyo,Sisig,0.0,0,Pasig City,False,
t0ae,Goto Tendon - Araneta Avenue,Filipino,5.0,643,Quezon City,True,5.0
t0bh,Golden Chicken House - N Domingo Street,Filipino,5.0,930,San Juan,True,5.0
t0bk,Tatay Pepe's Tapsilogan - Aglipay,Silog,5.0,9837,Mandaluyong City,True,5.0
t0de,Fresh Deli - SM City East Ortigas,Fruit Shake,5.0,161,Pasig City,True,5.0
t0f1,David's Tea House - Rockwell Business Center,Chinese,5.0,312,Pasig City,True,5.0
t0fg,Thai BBQ Restaurant - Estancia Mall,Filipino,0.0,0,Pasig City,False,
t0fu,Sajang Chicken - Chinatown Masangkay,Korean,5.0,308,Manila,True,5.0
t0l3,Chachago - Lifehomes,Milk Tea,5.0,228,Pasig City,True,5.0
t0ql,Huckleberry Southern Kitchen & Bar - Oboza Compound,American,4.9,88,Davao City Davao Del Sur,True,4.9
t0rk,Hukad Kafe - Mactan Newtown,BBQ,5.0,235,Lapu-Lapu City Cebu,True,5.0
t0rl,DRIP & DIP CAFE - Anda,Milk Tea,4.9,333,Davao City Davao Del Sur,True,4.9
t0sc,Ryu Ramen And Curry - SM Jazz,Japanese,4.9,324,Makati City,True,4.9
t0to,Tapa King - Pio Del Pilar,Filipino,5.0,2450,Makati City,True,5.0
t0ul,Cafe Tavera - Avancena,Asian,5.0,785,Davao City Davao Del Sur,True,5.0
t0um,Tully's Coffee - Glorietta 4,Coffee,3.0,26,Makati City,True,3.0
t0xb,Nitro 7 Coffee & Tea Bar - Megamall,Coffee,5.0,149,Pasig City,True,5.0
t0yk,Tita Lulu's Palabok House - San Juan,Filipino,5.0,2272,San Juan,True,5.0
t0zq,Cafe Congreso - Paseo Del Congreso,Cakes,5.0,877,Malolos Bulacan,True,5.0
t14e,Kathmandu Thakali Kitchen - Apacible Street,Asian,4.9,10,Manila,True,4.9
t17i,The KRT Milktea - Mangaldan Pangasinan,Milk Tea,0.0,0,Dagupan Pangasinan,False,
t1an,Infinitea - Robinsons Place Malolos,Milk Tea,5.0,504,Malolos Bulacan,True,5.0
t1aq,Sexy Pig - Rockville Avenue,Unknown,4.8,129,Quezon City,True,4.8
t1bm,Giligan's - Circuit,Filipino,5.0,2037,Makati City,True,5.0
t1bn,Sisig Hooray - The Landmark Makati,Sisig,4.9,370,Makati City,True,4.9
t1fd,Maki Express - Bulihan,Sushi,5.0,1548,Malolos Bulacan,True,5.0
t1fo,Moshi Koshi - V. Rufino,Japanese,4.9,77,Makati City,True,4.9
t1gq,Aling Banang - Manggahan Village,Filipino,5.0,1944,Pasig City,True,5.0
t1j2,Yutori Cafe & Wine Room - San Antonio,Coffee,0.0,0,Makati City,False,
t1kh,Chick Out - Buhangin,Fried Chicken,4.9,244,Davao City Davao Del Sur,True,4.9
t1l9,Smile Elephant Thai Restaurant - Amang Rodriguez Avenue,Thai,5.0,103,Pasig City,True,5.0
t1nl,Mushroomburger - West Avenue,Burgers,5.0,802,Quezon City,True,5.0
t1oi,Sansan's - General Malvar,Filipino,5.0,4140,Davao City Davao Del Sur,True,5.0
t1p1,Tomatito - BGC,American,0.0,0,Taguig City,False,
t1qt,ChicNok Lechon Manok And Liempo - Buhangin,Lechon,4.9,1242,Davao City Davao Del Sur,True,4.9
t1qv,Haveli House of Biryani & Kebab - Scout Santiago,Indian,4.9,4588,Quezon City,True,4.9
t1qy,R. Lapid's Chicharon and Barbecue - Petron C5,Snacks,5.0,31,Taguig City,True,5.0
t1r1,Above Sea Level - Fairview Terraces,Seafood,0.0,0,Quezon City,False,
t1re,"Kazuwa - Marvin Plaza, Makati",Japanese,4.9,25,Makati City,True,4.9
t1w7,Mr. Mediterranean - Malolos,Middle Eastern,5.0,192,Malolos Bulacan,True,5.0
t1wm,Kitchen by The Coffee Bean & Tea Leaf - 26th. Street,Coffee,4.8,649,Taguig City,True,4.8
t213,Pancit Malabon Express - Lifehomes,Pancit,4.9,70,Pasig City,True,4.9
t23t,Tokyo Prime - Bagong Ilog,Silog,0.0,0,Pasig City,False,
t29p,Operation Kape - Camarin,Coffee,0.0,0,Quezon City,False,
t2bv,Royal Indian Curry House - General Luna,Indian,5.0,57,Makati City,True,5.0
t2cb,KAFFA Cafe,Coffee,0.0,0,Pasig City,False,
t2dy,Chowking - Megamall,Fast Food,4.9,2650,Mandaluyong City,True,4.9
t2h6,Mango Float Supreme Manila - Ayala Mall Feliz,Fruit Shake,5.0,29,Pasig City,True,5.0
t2mg,Chef Von Food Express - Pedro Gil,Filipino,4.9,8068,Manila,True,4.9
t2mp,Bulacan Lugaw Kitchen - San Lorenzo Place Mall,Porridge,5.0,206,Makati City,True,5.0
t2od,Ulam Delights - Timog Avenue,Filipino,4.9,27,Quezon City,True,4.9
t2ro,Pancake House - Opal,American,5.0,510,Pasig City,True,5.0
t2rt,John's Resto Grill - Maa,Filipino,5.0,612,Davao City Davao Del Sur,True,5.0
t2so,Kaya Korean Restaurant - Robinsons Magnolia,Korean,5.0,350,San Juan,True,5.0
t2sv,Honolulu Cafe - SM Aura,Beverages,5.0,504,Taguig City,True,5.0
t2tw,Kuku Galbi - Grace Mall Building,Korean,5.0,553,Taguig City,True,5.0
t2u2,Casa Crawford: Modern Mexican Kitchen - Kapitolyo,Rice Bowl,5.0,380,Pasig City,True,5.0
t2uw,Giligan's - Greenhills,Filipino,4.9,889,San Juan,True,4.9
t2vr,Famous Belgian Waffles - Ayala Malls Vertis North,Pancakes & Waffles,5.0,84,Quezon City,True,5.0
t2wl,Hainanese Delights - Robinson Otis,Rice Dishes,5.0,172,Manila,True,5.0
t2wr,Toptea Milk Tea - Bacaca,Milk Tea,4.9,754,Davao City Davao Del Sur,True,4.9
t2xg,Minute Burger - Parang,American,5.0,1585,Marikina,True,5.0
t322,TOMO Coffee - Highway Hills,Coffee,5.0,260,Mandaluyong City,True,5.0
t37d,Café de Barns - Bolosan,Coffee,5.0,30,Dagupan Pangasinan,True,5.0
t398,CION's Kitchen - Wilcon City Center,Asian,0.0,0,Quezon City,False,
t3az,Manam - Festival Mall,Filipino,5.0,234,Muntinlupa City,True,5.0
t3cn,13th Avenue Cafe - Tisa,Milk Tea,5.0,1808,Cebu City,True,5.0
t3eu,Kanto Freestyle Breakfast - V Concepcion Street,Filipino,5.0,996,Manila,True,5.0
t3fj,Johnn Lemon - Robinsons Place Valencia,Beverages,4.9,28,Valencia Bukidnon,True,4.9
t3gg,Ribzilla - The Gallery,Filipino,4.9,715,Cebu City,True,4.9
t3gm,Chooks to Go - Burgos,Chicken,5.0,116,Ormoc Leyte,True,5.0
t3h7,Pater Ni Aki - Tisa,Ulam,5.0,631,Cebu City,True,5.0
t3nd,Seafood And Ribs Warehouse Restaurant - SM North EDSA,Filipino,5.0,80,Quezon City,True,5.0
t3nn,Ate Rica's Bacsilog - Tiendesitas,Silog,5.0,219,Pasig City,True,5.0
t3o8,Happy Lemon - Central Square Cinema,Milk Tea,5.0,309,Taguig City,True,5.0
t3oc,Infinitea - SM San Lazaro,Milk Tea,5.0,455,Manila,True,5.0
t3t3,Gadzi Coffee Specialist - Davao,Coffee,5.0,44,Davao City Davao Del Sur,True,5.0
t3ub,King Chef - Ayala Malls Manila Bay,Chinese,0.0,0,Pasay City,False,
t3xi,Rico's Lechon - Escario,Filipino,4.9,1022,Cebu City,True,4.9
t3zi,Crunch Time - Orense,Fried Chicken,5.0,715,Makati City,True,5.0
t409,OMG Milkshake - Yale Street,Coffee,4.9,753,Quezon City,True,4.9
t41b,BigBrew Damong Maliit - Quezon City,Beverages,5.0,94,Quezon City,True,5.0
t426,Tuna King - Malate,Sushi,4.9,35,Manila,True,4.9
t428,Burnt Cafe,Unknown,0.0,0,Quezon City,False,
t459,Wendy's - UN Avenue,American,5.0,903,Manila,True,5.0
t47j,Yanong's Pizza - Mintal,Pizza,5.0,24,Davao City Davao Del Sur,True,5.0
t491,Little India Healthy Cuisine - Lapu Lapu City,Indian,5.0,254,Lapu-Lapu City Cebu,True,5.0
t4ax,TAMBAYAN SISIG HOUSE - San Antonio Village,Sisig,4.9,28,Davao City Davao Del Sur,True,4.9
t4bf,Pancake House - Marikina,American,5.0,192,Marikina,True,5.0
t4bu,Rico's Lechon - U.P. Town Center,Filipino,4.9,214,Quezon City,True,4.9
t4cm,Banapple - Ayala Malls Feliz,Cakes,5.0,36,Pasig City,True,5.0
t4de,Jollibee - Puregold E. Rod,Fast Food,5.0,6463,Quezon City,True,5.0
t4dr,Jus & Jerry's - EGI Taft,Chicken,4.9,1810,Manila,True,4.9
t4ev,Max's Restaurant - Ayala Circuit Makati,Chicken,4.9,638,Makati City,True,4.9
t4gq,Manam's Pancit Pancitan - Megamall,Filipino,4.9,160,Mandaluyong City,True,4.9
t4h7,362 Food and Services,Filipino,4.8,14,Davao City Davao Del Sur,True,4.8
t4iz,Chatime - SM Lanang,Milk Tea,5.0,3063,Davao City Davao Del Sur,True,5.0
t4mu,Wings Counter - Dayap,Snacks,4.9,85,Makati City,True,4.9
t4o5,Blackbeard's Seafood Island - Eastwood Citywalk 1,Seafood,4.5,21,Quezon City,True,4.5
t4ot,The Farm at Carpenter Hill - Marbel Makar Road,Unknown,5.0,56,Koronadal South Cotabato,True,5.0
t4pf,Atecle's Grill - Valencia,Ulam,0.0,0,Valencia Bukidnon,False,
t4ph,Gab's Yard Steak House and Grill - Agan Homes,American,5.0,769,Koronadal South Cotabato,True,5.0
t4pn,Honolulu Cafe - Robinsons Place Manila,Beverages,5.0,438,Manila,True,5.0
t4pt,Dapo at Tisa - Regalado,Filipino,4.9,528,Quezon City,True,4.9
t4s2,FOODIES,Filipino,5.0,34,Taguig City,True,5.0
t4tm,Capitol x Harlem Restaurant - Arnaiz,Filipino,4.9,5391,Pasay City,True,4.9
t4tp,Auwee’s Kitchenette - General V Lucban,Filipino,4.9,718,Makati City,True,4.9
t4tt,Reyes Barbecue - Robinsons Magnolia,Chicken,5.0,332,Quezon City,True,5.0
t4w7,Sisig Savor - 1600 Mercedes Avenue,Filipino,5.0,23,Pasig City,True,5.0
t4wc,E&E's Takuyaki - JY Square Lahug,Takoyaki,5.0,1099,Cebu City,True,5.0
t4xs,Ike Super Lapaz Batchoy - Zone 3,Soups,4.9,109,Koronadal South Cotabato,True,4.9
t4y2,Sushi Town - Sampaloc,Sushi,5.0,36,Manila,True,5.0
t4yo,Shawarma Shack - Puregold Agora,Shawarma,4.9,195,San Juan,True,4.9
t506,Bayan Eats 24/7 (Mix and Match) - Fairview QC,Ulam,0.0,0,Quezon City,False,
t52a,TGI Fridays - Robinsons Cebu,American,0.0,0,Cebu City,False,
t54w,Yo Madi Yogurt Shake - QC Maginhawa,Japanese,5.0,313,Quezon City,True,5.0
t5bq,Big Chill - Civic Drive,Beverages,5.0,158,Muntinlupa City,True,5.0
t5dg,KFC - Vito Cruz,Fast Food,4.9,12773,Makati City,True,4.9
t5fn,Starr's Famous Mikshake - Holy Spirit Drive,Beverages,5.0,465,Quezon City,True,5.0
t5gn,Krispy Kreme - Rockwell Powerplant Mall,Donut,5.0,399,Makati City,True,5.0
t5i6,Oks Manoks - Pioneer Street,Chicken,5.0,136,Pasig City,True,5.0
t5ld,Me2 Rice Noodles,Chinese,0.0,0,Makati City,False,
t5mq,Sashimi Street - Bambang,Japanese,5.0,51,Manila,True,5.0
t5nq,Rico's Lechon - Ayala Malls Central Bloc,Filipino,4.9,99,Cebu City,True,4.9
t5oh,Giligan's - Circulo Verde,Filipino,5.0,136,Quezon City,True,5.0
t5pt,Wrap N Roll - Lagro,Salads,0.0,0,Quezon City,False,
t5pw,Brownies Unlimited - SM Lanang Premier,Desserts,5.0,353,Davao City Davao Del Sur,True,5.0
t5qi,Catch of the day - The Podium,Seafood,5.0,69,Mandaluyong City,True,5.0
t5to,The Hive - Dakila,Milk Tea,4.9,4690,Malolos Bulacan,True,4.9
t5wr,The Green Table - GQS Plaza,Healthy,4.9,166,Cebu City,True,4.9
t5zj,Green Bread - Deca Talomo,Cakes,0.0,0,Davao City Davao Del Sur,False,
t5zt,Romantic Baboy - The Compound,Korean,5.0,485,Davao City Davao Del Sur,True,5.0
t60k,AGC Burger - Buaya Mactan,Burgers,5.0,33,Lapu-Lapu City Cebu,True,5.0
t61j,Inasal Republic - Tomas Morato,Chicken,0.0,0,Quezon City,False,
t66n,Awi's Cafe & Restaurant - Yuchengco Street,Beverages,5.0,112,Manila,True,5.0
t6ah,Nanay Bing's Sweet & Spicy BBQ - Junquera Street,Filipino,5.0,1540,Cebu City,True,5.0
t6c6,Heaven's Barbeque - Arcovia,BBQ,5.0,22,Pasig City,True,5.0
t6dw,KFC - Rockwell Medical City,Fast Food,4.9,2948,Pasig City,True,4.9
t6fh,Gringo - Greenhills,Fried Chicken,5.0,788,San Juan,True,5.0
t6hn,Giligan's - Fiesta Market BGC,Filipino,5.0,2470,Taguig City,True,5.0
t6i6,Takoyaki MNL - Cubao,Japanese,0.0,0,Quezon City,False,
t6kq,Rico's Lechon - Mactan Promenade,Filipino,4.9,212,Lapu-Lapu City Cebu,True,4.9
t6p4,Ohayo Cafe - Air Force Road,American,5.0,564,Quezon City,True,5.0
t6pu,All Original American - Magnolia,Unknown,4.8,189,Quezon City,True,4.8
t6tb,Jamba - Eastwood,Beverages,5.0,421,Quezon City,True,5.0
t6ur,HOLEE in AbacaEats - Vista Mar Mactan,Chinese,0.0,0,Lapu-Lapu City Cebu,False,
t6vk,Red Lizard - Filinvest Cyberzone IT Park,American,4.9,325,Cebu City,True,4.9
t6vq,Sisig Sarap - Robinson's Fuente,Sisig,5.0,705,Cebu City,True,5.0
t6w9,Ochado - Ormoc City,Milk Tea,4.9,174,Ormoc Leyte,True,4.9
t6wn,Fiftea - Abreeza,Milk Tea,5.0,239,Davao City Davao Del Sur,True,5.0
t6zy,Gulu Gulu PH - Santo Domingo,Milk Tea,5.0,556,Manila,True,5.0
t6zz,Reyes Barbecue - Emerald Mansion,Chicken,5.0,429,Pasig City,True,5.0
t7ag,Gringo - SM Megamall,Chicken,4.9,589,Mandaluyong City,True,4.9
t7dg,Yellow Cab - Insular Square,Pizza,5.0,476,Cebu City,True,5.0
t7dj,Chowking - Shaw Acacia,Fast Food,4.9,5048,Mandaluyong City,True,4.9
t7dx,Egg Stop Jr - Poblacion,Sandwiches,5.0,82,Makati City,True,5.0
t7er,KFC - P. Campa,Fast Food,4.9,12124,Manila,True,4.9
t7ft,Jade Express - Marikina,Chinese,5.0,686,Marikina,True,5.0
t7gu,Happy Sip Milktea & Coffee - Poblacion,Milk Tea,4.9,68,Muntinlupa City,True,4.9
t7id,"Toffee Coffee - Victoria Subd, Sauyo",Coffee,0.0,0,Quezon City,False,
t7jn,3M’S Kainan - Jacinto,Filipino,4.9,2803,Davao City Davao Del Sur,True,4.9
t7jx,Shakey's Pizza - SM North EDSA,Pizza,4.9,800,Quezon City,True,4.9
t7mc,Giligan's - SM Center Pasig,Filipino,5.0,994,Pasig City,True,5.0
t7mw,Max's Restaurant - Robinsons Galleria Cebu,Chicken,5.0,188,Cebu City,True,5.0
t7o0,Louie's Buko - Major Dizon,Fruit Shake,0.0,0,Marikina,False,
t7o8,Lola Eling's Food Lutong Bahay atpb-Sputnik Davao City,Filipino,4.8,28,Davao City Davao Del Sur,True,4.8
t7ri,Campfire Burgers & More - Scout Limbaga,Burgers,5.0,2763,Quezon City,True,5.0
t7rl,Gringo - SM City North,Rice Bowl,5.0,415,Quezon City,True,5.0
t7rw,Shakey's Pizza - Nangka,Pizza,5.0,829,Marikina,True,5.0
t7vy,The Daily Detox - SM City North EDSA,Beverages,5.0,120,Quezon City,True,5.0
t7wd,The Thai Plate - Yague Street,Thai,5.0,1449,Makati City,True,5.0
t7wi,Gyu-Kaku - Shangri-La Plaza,Japanese,0.0,0,Mandaluyong City,False,
t7xg,Mammy's Kitchen - Gelinos Street,Fried Chicken,5.0,1838,Manila,True,5.0
t7xn,Goto Panalo - Sampaguita Street,Filipino,4.9,1573,Makati City,True,4.9
t7zu,Subway - One-Ecom,Sandwiches,5.0,124,Pasay City,True,5.0
t80i,Single Origin - Opus,Pasta,0.0,0,Quezon City,False,
t83d,Rodi's Grill and Pares - Primeway Plaza,Filipino,5.0,136,Cebu City,True,5.0
t85y,Desi Palace - The Lerato,Asian,4.7,54,Makati City,True,4.7
t88i,DHB Snack House - Santa Ana,Fast Food,4.6,1143,Manila,True,4.6
t8by,Kenshin Japanese Izakaya - SM Light Mall,Japanese,5.0,345,Mandaluyong City,True,5.0
t8ds,Sticks ‘n Go - Ayala Malls Marikina,Asian,5.0,150,Marikina,True,5.0
t8ed,Polland Hopia - SM North EDSA,Desserts,5.0,400,Quezon City,True,5.0
t8ey,Eat Fresh Hong Kong Famous Street Food - Maria Clara,Chinese,5.0,1122,Quezon City,True,5.0
t8fq,SNKY BLND Cafe - National Road,Coffee,0.0,0,Muntinlupa City,False,
t8fx,Thai BBQ Restaurant - Vertis North,Thai,4.9,31,Quezon City,True,4.9
t8ip,Alishan at The Alley - ORE Central,Milk Tea,5.0,593,Taguig City,True,5.0
t8ks,Yaki Yaki - Maysilo,Japanese,5.0,372,Mandaluyong City,True,5.0
t8nm,Sunny Rice - Poblacion Makati,Filipino,5.0,26,Makati City,True,5.0
t8qx,Jollibee - EDSA Kamias,Fast Food,5.0,6166,Quezon City,True,5.0
t8rz,Yummy Tokyo - Fusebox UST,Takoyaki,4.9,32,Manila,True,4.9
t8tf,Cafe Blooming Days - Loyola,Korean,5.0,149,Davao City Davao Del Sur,True,5.0
t8ut,Wok of Taiwan - Conception Dos,Filipino,5.0,377,Marikina,True,5.0
t8vw,Fruitas House of Desserts - Robinsons Place Magnolia,Fruit Shake,5.0,186,Quezon City,True,5.0
t8wk,Peri-Peri Charcoal Chicken & Sauce Bar - Gil Fernando,Chicken,5.0,386,Marikina,True,5.0
t8xx,Tikim Takam - J P Rizal Street,Rice Bowl,4.9,17,Makati City,True,4.9
t8yx,Rak en Rolls - Greenfield District,Filipino,5.0,339,Mandaluyong City,True,5.0
t92m,Shawarma Shack - Vertis North,Shawarma,4.9,461,Quezon City,True,4.9
t944,Starbucks - Robinsons Galleria Cebu,Coffee,5.0,2490,Cebu City,True,5.0
t94d,CUCINA by Chef J - San Antonio Pasig,Asian,4.9,30,Pasig City,True,4.9
t94p,Arete Lifestyleph - Makati,Fruit Shake,5.0,80,Makati City,True,5.0
t951,Mr Shaw Shawarma - UE Gastambide,Shawarma,0.0,0,Manila,False,
t972,Hom - Air Mall,Thai,5.0,322,Makati City,True,5.0
t977,K-Egg - Dapitan Sampaloc,Sandwiches,4.8,71,Manila,True,4.8
t97z,Kuya Ike's Lumpiang Sariwa - Concepcion Dos,Filipino,5.0,64,Marikina,True,5.0
t99y,Pepeton's Grill -Commonwealth,Filipino,5.0,11,Quezon City,True,5.0
t9fy,KFC - San Joaquin,Fast Food,5.0,6028,Pasig City,True,5.0
t9hs,Wendy's Fritas - Matatag Street,Filipino,0.0,0,Quezon City,False,
t9ia,Tazza Cafe (now Tamp Cafe) and Patisserie - Banilad,Beverages,5.0,743,Cebu City,True,5.0
t9io,Mang Inasal - WMall Macapagal,Chicken,4.8,1587,Pasay City,True,4.8
t9jb,Mongolian Master - San Antonio Village,Healthy,5.0,1962,Makati City,True,5.0
t9jk,Classic Savory - SM Masinag,Chicken,5.0,760,Marikina,True,5.0
t9se,Red Hana Sushi Restaurant - PM Apartment,Sushi,5.0,2003,Quezon City,True,5.0
t9si,Giligan's - Newport,Filipino,4.9,1045,Pasay City,True,4.9
t9sy,Little Tokyo Milk Tea - Marianito Street,Milk Tea,5.0,1164,Quezon City,True,5.0
t9tf,Burp - A Bonifacio Street,Sushi,4.9,167,Mandaluyong City,True,4.9
t9ti,Alishan at The Alley - Eton Tower Makati,Milk Tea,5.0,1644,Makati City,True,5.0
t9vj,Kookels - Matina Crossing,Filipino,4.9,295,Davao City Davao Del Sur,True,4.9
t9wm,Byron's Backribs and Grille - Robinsons Cybergate Cebu,Western,5.0,1217,Cebu City,True,5.0
t9wn,Khit's Silogan - Bajada,Filipino,5.0,620,Davao City Davao Del Sur,True,5.0
t9yo,Lenox Hotel - Cafe Feliz,Dim Sum,5.0,345,Dagupan Pangasinan,True,5.0
t9zm,Candid Coffee - Tandang Sora,Coffee,5.0,245,Quezon City,True,5.0
t9zw,McDonald's - Rockwell Ortigas,Fast Food,5.0,2304,Pasig City,True,5.0
ta0u,The Pad Express - Tindalo,Thai,4.8,614,Quezon City,True,4.8
ta61,Daily by Bo's Coffee - Uptown,Coffee,5.0,2255,Taguig City,True,5.0
ta7b,Sabroso Lechon - Malamig,Snacks,0.0,0,Mandaluyong City,False,
ta8g,Kurimi Milk Tea Bar - Gyud Food UP,Milk Tea,0.0,0,Quezon City,False,
taem,Banh Mi Kitchen - Abreeza Mall,Thai,0.0,0,Davao City Davao Del Sur,False,
tahq,Dim Ka Phe - E Rodriguez,Chinese,0.0,0,Quezon City,False,
tald,Breaktime Pizza and Shawarma - Bago Bantay,Pizza,4.8,464,Quezon City,True,4.8
tam6,Kanzen Sushi Roll - Villamor,Sushi,5.0,250,Pasay City,True,5.0
tas2,Happy Ice Scramble - Project 8,Desserts,4.9,61,Quezon City,True,4.9
tati,Overdoughs - Alabang Town Center,Bread,4.9,78,Muntinlupa City,True,4.9
tatj,Potato Giant - Panorama Street,Fries,5.0,28,Marikina,True,5.0
tb27,AX Pancit Con Lechon - JP Rizal,Filipino,5.0,1150,Quezon City,True,5.0
tb76,Mango Delight - Pembo,Milk Tea,5.0,257,Makati City,True,5.0
tbam,Boulangerie22 - Blue Wave Mall,Cakes,5.0,115,Marikina,True,5.0
tbe9,Max's Corner Bakery - Valero,Cakes,4.9,16,Makati City,True,4.9
tbhp,Takoyaken Takoyaki Main Store - Sampaloc,Japanese,5.0,400,Manila,True,5.0
tbkx,Le Barako Cafe - Valenzuela City,Fast Food,0.0,0,Manila,False,
tbls,Salad Man - Lagro,Salads,0.0,0,Quezon City,False,
tbqi,Baliwag Lechon Manok at Liempo - A Reyes Street,Chicken,5.0,377,Makati City,True,5.0
tbyt,Fruitas - SM Center Muntinlupa,Fruit Shake,5.0,76,Muntinlupa City,True,5.0
tc1e,Mang Binatog - SM City Santa Mesa,Desserts,5.0,263,Quezon City,True,5.0
tc4r,Chix R Us Wings and Things - Makati,Fast Food,3.7,31,Makati City,True,3.7
tc6a,Winsum Sushi The Hub Mayon,Japanese,4.9,47,Quezon City,True,4.9
tc9u,Bayani Busog Bowls - Wilson San Juan,Filipino,0.0,0,San Juan,False,
tcb8,Redstraw Cafe - Puregold Mercedes,Pizza,5.0,86,Pasig City,True,5.0
tcbn,Seasigan - Lapu Lapu City,Sisig,0.0,0,Lapu-Lapu City Cebu,False,
tccu,Boy Meets Grill - Mactan Alfresco,BBQ,4.9,57,Lapu-Lapu City Cebu,True,4.9
tcsu,Bayani Busog Bowls - Blue Vos C5,Filipino,0.0,0,Taguig City,False,
tcsw,The House of Bulalugaw - Food Court Promenade Mall,Porridge,4.7,27,San Juan,True,4.7
tdap,De Original Jamaican Pattie Shop and Juice Bar - SM Center Muntinlupa,Filipino,5.0,103,Muntinlupa City,True,5.0
tdn2,TEA MELODY - MANDALUYONG,Milk Tea,4.9,17,Mandaluyong City,True,4.9
tdra,Kowenion Pizza House  - Mintal,Pizza,5.0,269,Davao City Davao Del Sur,True,5.0
tds0,Ba'an Thai - Manila,Rice Bowl,0.0,0,Manila,False,
te0z,Sol's Halo-Halo and Desserts - Pasil,Halo-Halo,5.0,207,Cebu City,True,5.0
te5n,Kanzen Sushi Roll - Santillan,Sushi,5.0,1126,Makati City,True,5.0
te63,Maisen - SM North Edsa The Block,Japanese,5.0,539,Quezon City,True,5.0
te7a,Aki's Delights - UG27 Cityland,Filipino,0.0,0,Makati City,False,
te7j,King Sisig Express - Maysilo Circle,Sisig,4.9,109,Mandaluyong City,True,4.9
te8k,Pods Cafe & Laundry,Asian,0.0,0,Quezon City,False,
tec8,Prados Steakhouse - Kanto Paradise Street,Filipino,4.9,48,Davao City Davao Del Sur,True,4.9
tela,Señor Shawarma - FTI,Shawarma,4.8,212,Taguig City,True,4.8
telx,Mango Royal Milkshake - Cupang,Fruit Shake,5.0,139,Muntinlupa City,True,5.0
tem1,Master Siomai A-Top,Filipino,0.0,0,Mandaluyong City,False,
ten8,Timplang Pinoy: Filipino Eats - BGC,Filipino,4.9,173,Taguig City,True,4.9
teno,0402 Coffee - Katipunan,Asian,0.0,0,Quezon City,False,
tep7,Master Po Lunchroom Opc - One Paseo,Chinese,0.0,0,Cebu City,False,
teqr,Pelayo's - Banawe,Sisig,0.0,0,Quezon City,False,
tf9f,Beard Papa's - Glorietta 2,Desserts,5.0,43,Makati City,True,5.0
tfb5,BEQAA in AbacaEats - Vista Mar Mactan,Rice Dishes,0.0,0,Lapu-Lapu City Cebu,False,
tfdl,Pasta Depot - N Domingo,Pasta,4.9,262,Quezon City,True,4.9
tfmg,Gogiwara Korean Grill House,Korean,0.0,0,Taguig City,False,
tfoe,House of Fruitas - T2 Departure,Fruit Shake,0.0,0,Lapu-Lapu City Cebu,False,
tfso,Pink's Burgers and Hotdogs - South Triangle,American,5.0,10,Quezon City,True,5.0
tfwg,Gloria's Special Goto - Cash & Carry,Filipino,4.9,259,Makati City,True,4.9
tg0a,Randalls Cafe + Bar - Anilao,Coffee,4.9,143,Malolos Bulacan,True,4.9
tg0w,Siklab - My South Hall,Filipino,0.0,0,Pasay City,False,
tg5v,Lawson Cup & Go - OPVI Center,Coffee,0.0,0,Makati City,False,
tg7q,Max's Corner Bakery - Magallanes,Cakes,5.0,19,Makati City,True,5.0
tg9e,The Purple Blend,Coffee,0.0,0,Ormoc Leyte,False,
tgff,DQ Cakes - Fishermall,Cakes,0.0,0,Quezon City,False,
tgh6,HAKATA MANILA LINKS CORP,Japanese,0.0,0,Muntinlupa City,False,
tghc,Gusto Goto - M Aquino,Filipino,4.9,11,Quezon City,True,4.9
tghf,Crying Tiger Street Kitchen - San Juan,Thai,3.8,10,San Juan,True,3.8
tghg,Happy Cup - Pembo,Beverages,5.0,758,Makati City,True,5.0
tgmb,Chooks to Go - Mayombo Dagupan,Chicken,5.0,34,Dagupan Pangasinan,True,5.0
tgrh,Friends Fries & Tea Rex - JC PLaza,Fruit Shake,0.0,0,Quezon City,False,
tgxb,Tinang's - Shoe Avenue,Ulam,0.0,0,Marikina,False,
tgxh,Bea's Happy Cup - Harrison Street Pasay,Coffee,0.0,0,Pasay City,False,
th52,Avrilaclair Diner - F. Ramos,Filipino,5.0,159,Cebu City,True,5.0
the0,BBQ Nation - Malate,BBQ,0.0,0,Manila,False,
the5,D' Hungry Spot,Silog,5.0,10,Muntinlupa City,True,5.0
thi6,Rhian Ramos' Healthy Appetite - San Juan,Chicken,5.0,505,San Juan,True,5.0
thje,Coffee Bear PH - IT Park,Coffee,5.0,143,Cebu City,True,5.0
thk1,Twelve Coffee Davao,Beverages,5.0,38,Davao City Davao Del Sur,True,5.0
thm4,0402 Coffee - Dos Castillas UBELT,Coffee,0.0,0,Manila,False,
thod,Bade Cafe - Congressional Avenue,Beverages,5.0,37,Quezon City,True,5.0
thp9,Magie's - Baclaran Br.,Filipino,4.9,18,Pasay City,True,4.9
ths5,Manam's Pancit Pancitan - San Juan,Filipino,5.0,233,San Juan,True,5.0
thx1,Lugaw Pilipinas - Galvan Street Dagupan,Filipino,4.5,29,Dagupan Pangasinan,True,4.5
thy8,Conti's Bakeshop and Restaurant - Bluebay Walk,Cakes,5.0,713,Pasay City,True,5.0
ti26,Tai Koo HK Roast - Glorietta 4,Chinese,4.8,86,Makati City,True,4.8
ti78,Geland Sugbahan - Poblacion,Asian,5.0,35,Makati City,True,5.0
tifz,KKOPI.Tea - San Guillermo,Milk Tea,5.0,124,Muntinlupa City,True,5.0
timq,Merienda Sa Dakbayan - Matina Pangi,Rice Bowl,4.8,73,Davao City Davao Del Sur,True,4.8
tipc,Highlands Coffee - Asian Hospital,Coffee,5.0,62,Muntinlupa City,True,5.0
tipm,Bittersweet Coffee Ph - South Signal Village,Beverages,0.0,0,Taguig City,False,
tirz,Moon's - Elenita Heights,Korean,4.8,161,Davao City Davao Del Sur,True,4.8
tisz,Kuya Abet's Kumpares - Mandaluyong,Filipino,4.9,905,Mandaluyong City,True,4.9
tj12,BERNIE'S KITCHENETTE,Silog,5.0,101,Davao City Davao Del Sur,True,5.0
tj3a,K-Egg - H Mall,Sandwiches,4.8,85,Lapu-Lapu City Cebu,True,4.8
tj45,Gata Eats - Quezon Avenue,Filipino,5.0,215,Quezon City,True,5.0
tje2,Misuta Gyoza,Japanese,4.8,32,Cebu City,True,4.8
tje3,XMay Ramen,Chinese,0.0,0,Makati City,False,
tjfs,"Diner Daddy: Burgers, Chicken & More - BGC",Burgers,4.9,475,Taguig City,True,4.9
tjih,Kungfu-Mulutan - Clarion Street,Sisig,4.5,14,Quezon City,True,4.5
tjlg,Best Lolama SM Manila,Desserts,0.0,0,Manila,False,
tjok,YouYiJia Curry egg wrapped rice,Fast Food,5.0,267,Pasay City,True,5.0
tjoq,Yusuf Shawarma - Sampaloc Manila,Shawarma,4.9,338,Manila,True,4.9
tjud,SwalloWings Restaurant - Rodeo Drive,Chicken,5.0,44,Quezon City,True,5.0
tjvw,Chinese Beef Noodles House - Urban Avenue,BBQ,4.6,23,Makati City,True,4.6
tjxl,Cusina by Albergus - Two Maridien Tower,Snacks,0.0,0,Taguig City,False,
tk19,19 Nineteen Degrees - SM Megamall,Wraps,5.0,340,Mandaluyong City,True,5.0
tk4z,PICKUP COFFEE - E.T Yuchengco Building,Coffee,4.9,66,Manila,True,4.9
tkc4,The Lemon Co. - Robinsons Ormoc,Beverages,0.0,0,Ormoc Leyte,False,
tkc7,Destino Cafe - Toril,Coffee,5.0,18,Davao City Davao Del Sur,True,5.0
tkel,School Tteokbokki - Mayor Gil Fernando Avenue,Korean,5.0,1251,Marikina,True,5.0
tkrp,Fish2Go - Commonwealth,Seafood,5.0,187,Quezon City,True,5.0
tkzc,70’s Kimchi - Shangri-La Plaza,Korean,4.9,91,Mandaluyong City,True,4.9
tl1d,Gong Cha - Victory Mall Pasay,Milk Tea,5.0,110,Pasay City,True,5.0
tleh,JIPAI Padthai Station - Escario Central,Fried Chicken,5.0,231,Cebu City,True,5.0
tlf6,harlan + holden coffee - Trinoma - (because coffee),Coffee,5.0,770,Quezon City,True,5.0
tlju,Shake Shack - Mall Of Asia,American,5.0,176,Pasay City,True,5.0
tlki,SweetTea - Maunlad Homes,Milk Tea,4.9,779,Malolos Bulacan,True,4.9
tltl,Sugar Cafe - Linao,Milk Tea,4.9,19,Cebu City,True,4.9
tlx2,RoyalTea - Regis Center,Beverages,5.0,107,Quezon City,True,5.0
tm32,Three Two Brew - Cebu City,Beverages,0.0,0,Cebu City,False,
tmc5,Lugawan ni Tonyo - Zabarte Road,Porridge,4.9,11,Quezon City,True,4.9
tmll,Kuhmeal - Espana,American,5.0,39,Manila,True,5.0
tmn1,Ling Nam Express - Ayala Malls Cloverleaf,Bread,5.0,32,Quezon City,True,5.0
tmnb,Chick-in Counter - Santa Mesa Manila,Fried Chicken,4.6,16,Manila,True,4.6
tmok,Mochie Cafe - Holy Spirit,Filipino,4.9,18,Quezon City,True,4.9
tmry,Kozykook - Katipunan Avenue,Korean,0.0,0,Quezon City,False,
tmth,Wangene Korean Restaurant,Chinese,0.0,0,Cebu City,False,
tmuy,Pizza Hut - SM MOA,Pizza,5.0,91,Pasay City,True,5.0
tmwk,Pares MNL - Tunasan,Pares,0.0,0,Muntinlupa City,False,
tmz2,Eat Fresh Hong Kong Famous Street Food - Pasig,Chinese,5.0,842,Pasig City,True,5.0
tn0a,Koomi - SM Aura,Beverages,5.0,476,Taguig City,True,5.0
tn6f,K-Egg - Bangkal Makati,Sandwiches,4.0,16,Makati City,True,4.0
tn6i,Cebu Tasty Lechon - A. S. Fortuna Street,Filipino,5.0,343,Cebu City,True,5.0
tn78,Beauteluxe Cafe - Matina,Milk Tea,0.0,0,Davao City Davao Del Sur,False,
tna2,Octoboy - Banawe Street,Takoyaki,4.9,129,Quezon City,True,4.9
tnbk,Tolit’s Peri-Peri -  Katipunan,Chicken,0.0,0,Quezon City,False,
tnfi,Bascon Cakes - F Cabahug,Cakes,4.9,10,Cebu City,True,4.9
tngz,Remilly's Yema Cake - Manggahan,Cakes,5.0,144,Pasig City,True,5.0
tnj9,Le Sucre Lab - SM City San Lazaro,Cakes,5.0,331,Manila,True,5.0
tnlm,Kanto Pares - Malingap Street,Pares,5.0,553,Quezon City,True,5.0
tns2,Don Macchiatos - Cordova,Coffee,0.0,0,Lapu-Lapu City Cebu,False,
to0m,PULPY AND YOUNG HAOCHI PIE HOUSE,Filipino,0.0,0,Davao City Davao Del Sur,False,
to8u,Egg Stop - Bangkal,Sandwiches,4.8,32,Davao City Davao Del Sur,True,4.8
toaa,Ngohiong Express - Opon,Filipino,5.0,477,Lapu-Lapu City Cebu,True,5.0
tokb,Brownies Unlimited - SM Megamall,Desserts,5.0,236,Mandaluyong City,True,5.0
toko,Sibs Coffee Roasters - GFS Building,Coffee,5.0,267,Mandaluyong City,True,5.0
took,Samgyupsalamat - UPAD,BBQ,4.7,79,Manila,True,4.7
towi,Mom's Topokki - Banilad,Korean,4.9,37,Cebu City,True,4.9
tp1k,Mazter Chicken Inasal - Big Bang Food Park,Filipino,0.0,0,Davao City Davao Del Sur,False,
tp5b,Aling Banang - Guadalupe,Filipino,5.0,8252,Taguig City,True,5.0
tpak,Authentic Binondo Pancit Lechon Macau - Midtown Subdivisions,Chinese,5.0,58,Marikina,True,5.0
tpfm,House of Fruitas - Cabarrubias Street,Fast Food,5.0,2707,Cebu City,True,5.0
tpln,Selecta Ice Cream Shop - Moonleaf Xavier San Juan,Ice Cream,5.0,15,San Juan,True,5.0
tpny,You & ME Cafe - Makati,Asian,4.9,12,Makati City,True,4.9
tpuk,DQ Cakes - SM City Marikina,Cakes,4.9,15,Marikina,True,4.9
tpvu,Dulcinea - Eton Makati,Western,0.0,0,Makati City,False,
tpx2,Pantoja's Kitchenette - Timog Food Plaza,Filipino,4.9,2072,Quezon City,True,4.9
tpzb,The Wishbone - Matina,Fried Chicken,5.0,56,Davao City Davao Del Sur,True,5.0
tpzv,Yong-A By Roasted Duck Express - Shoppesville Greenhills,Chicken,5.0,13,San Juan,True,5.0
tq0m,Sweetisan - SM Lanang Premier,Desserts,4.9,86,Davao City Davao Del Sur,True,4.9
tq2f,Sbarro - SM City Marikina,Pizza,5.0,341,Marikina,True,5.0
tq2q,JAMG'S FOOD AND BEVERAGE,Korean,5.0,17,Quezon City,True,5.0
tq70,I Love Milktea - Malibay Pasay,Milk Tea,5.0,94,Pasay City,True,5.0
tq78,Biryani Express Cebu Tagay Bistro,Middle Eastern,0.0,0,Cebu City,False,
tqek,PHAT PHO in AbacaEats - Vista Mar Mactan,Rice Noodles,0.0,0,Lapu-Lapu City Cebu,False,
tqlk,Samgyupsalamat - Primark Town Center,BBQ,0.0,0,San Juan,False,
tqlw,Beef Street Burgers - BGC,American,5.0,203,Taguig City,True,5.0
tqwv,UNCLE TAPSI in AbacaEats - Base Line Center,Filipino,0.0,0,Cebu City,False,
tr0e,Turks - Madison Square Taft Manila,Shawarma,5.0,82,Manila,True,5.0
trcy,Joee Real Yogurt - Jupiter Makati,Beverages,5.0,20,Makati City,True,5.0
trex,Wops Restaurant - Roosevelt Avenue,Filipino,4.9,315,Quezon City,True,4.9
trg0,Nook Cafe,Coffee,0.0,0,Quezon City,False,
trg6,99Silog - UST,Silog,4.7,15,Manila,True,4.7
trrq,Shawarma Shack - Bayanan,Shawarma,4.9,1206,Muntinlupa City,True,4.9
trt7,AJ Street Thai Food - Gorordo Avenue,Thai,5.0,724,Cebu City,True,5.0
tru0,Tealive - Southgate Mall,Milk Tea,5.0,364,Makati City,True,5.0
trx0,Korean Street Food - LRT Vito Cruz,Korean,5.0,2682,Manila,True,5.0
trzx,17th Bistro,Rice Bowl,0.0,0,Muntinlupa City,False,
ts1c,Potato Corner - PC Lab Glorietta,Fries,4.9,37,Makati City,True,4.9
ts1i,SÉRAP Sizzling House - Tandang Sora Avenue,Silog,5.0,59,Quezon City,True,5.0
ts5c,Sisig Hooray - Food Junction,Sisig,5.0,168,Quezon City,True,5.0
ts6h,Sajj Shawarma - Dagupan,Biryani,4.8,1216,Dagupan Pangasinan,True,4.8
ts87,Paris Baguette - SM Megamall,Bread,0.0,0,Mandaluyong City,False,
ts8x,GorillabowlZ - Vibo Place,Rice Bowl,4.9,166,Cebu City,True,4.9
tsbw,Yi Fang Taiwan Fruit Tea - Metro Supermarket Ayala Cebu,Milk Tea,5.0,127,Cebu City,True,5.0
tsdf,3M Pizza - GCN Marikina,Pizza,5.0,31,Marikina,True,5.0
tsht,Sweetea Healthy Treats - P Del Rosario Street,Cakes,0.0,0,Cebu City,False,
tsoq,"Wealth Tea - Gulod, Novaliches",Milk Tea,5.0,96,Quezon City,True,5.0
tstn,Ria Ayam Penyet,Asian,5.0,541,Makati City,True,5.0
tsyg,JAPACAFE - Manila,Coffee,0.0,0,Manila,False,
tt0e,Sisig Hooray - Waltermart North EDSA,Sisig,4.9,73,Quezon City,True,4.9
tt0p,Kurimi Milk Tea Bar - Coronado,Milk Tea,5.0,160,Mandaluyong City,True,5.0
tt20,Habit Food Group Mix - Salcedo,Rice Bowl,5.0,612,Makati City,True,5.0
tt73,The Pollo Family: Loaded Chicken - Kapitolyo,Fried Chicken,5.0,41,Pasig City,True,5.0
tthq,Iskati Food and Beverage Stall - Santo Tomas,Filipino,0.0,0,Quezon City,False,
ttl8,Playroom Coffee Station,Coffee,0.0,0,Quezon City,False,
ttl9,Magic Melt - SM Cebu,Bread,0.0,0,Cebu City,False,
ttli,BOK Korean Fried Chicken – Alabang Town Center,Fried Chicken,5.0,953,Muntinlupa City,True,5.0
ttox,All Day Breakfast - Bonifacio,Chicken,3.2,25,Davao City Davao Del Sur,True,3.2
ttqf,Souper Hot Malatang - Maginhawa,Chinese,0.0,0,Quezon City,False,
ttqy,GOGI HOUSE Korean-Filipino Unlimited Samgyeopsal - Redemptorist Church,Korean,0.0,0,Cebu City,False,
ttxn,Texas Roadhouse  - Robinsons Midtown Wing,American,5.0,22,Manila,True,5.0
ttz6,PHERMS- Agdao,Ulam,0.0,0,Davao City Davao Del Sur,False,
tu2x,The Original Pares - San Juan,Filipino,4.0,41,San Juan,True,4.0
tu2y,Peppers Pizza Maysilo - Plainview,Pizza,4.9,146,Mandaluyong City,True,4.9
tud3,Itaewon Chicken - Milano Drive,Korean,5.0,58,Quezon City,True,5.0
tue5,Kuya J Restaurant - SM Manila,Filipino,4.9,174,Manila,True,4.9
tufh,TEABUDDIES MAKATI,Milk Tea,0.0,0,Makati City,False,
tufn,Moonstruck Cafe - Road 3,Fast Food,0.0,0,Quezon City,False,
tupf,Manu’s Restaurant - Panay Avenue,Filipino,0.0,0,Quezon City,False,
tur8,Razons By Glenn - Festival Mall,Fast Food,4.6,14,Muntinlupa City,True,4.6
tv2w,FOOD MOB,American,0.0,0,Manila,False,
tv92,Booba Milk Tea - 15th Avenue,Milk Tea,0.0,0,Quezon City,False,
tva7,Tikim Takam - San Lorenzo,Filipino,4.6,130,Makati City,True,4.6
tvaz,Belly Mucho - Basak San Nicolas,Chicken,0.0,0,Cebu City,False,
tveb,Kurimi Milk Tea Bar - C Raymundo Pasig,Milk Tea,5.0,547,Pasig City,True,5.0
tvei,Kusina ni Mamshie  - Ayala Cebu,Rice Bowl,5.0,16,Cebu City,True,5.0
tvf1,Leslies Couture Cupcakes and Pastries - Ayala Malls,Unknown,0.0,0,Pasig City,False,
tvfc,North Grill House - Visayas Avenue,Western,0.0,0,Quezon City,False,
tvio,Sushi Nori - Rockwell,Sushi,5.0,10,Makati City,True,5.0
tvjx,Boudica Café Bar - City Golf Plaza,Sandwiches,5.0,13,Pasig City,True,5.0
tvrl,Bossing’s Kambal Pizza - Avocado Street,Burgers,4.8,16,Pasig City,True,4.8
tw4c,A Batter Cafe - Marikina,Beverages,0.0,0,Marikina,False,
twaz,Dash Espresso - South Taguig,Beverages,4.9,56,Taguig City,True,4.9
twd2,3lixir by Alch3mist Coffee - Central Avenue Diliman,Coffee,5.0,32,Quezon City,True,5.0
twfz,Tikaffe Coffee Shop - Umali Street,Coffee,0.0,0,Muntinlupa City,False,
twgc,KATCHIS GRILL HOUSE - Quezon City,Filipino,0.0,0,Quezon City,False,
twk7,Sweet Hub - Sta Monica,Coffee,0.0,0,Quezon City,False,
twn5,The Booze Shop - BJS Compound,Milk Tea,5.0,211,Makati City,True,5.0
twq1,Ray's Chicken - BGC,Chicken,4.9,358,Taguig City,True,4.9
twqf,Bulalo World Express - Unimec Guadalupe,Bulalo,5.0,40,Makati City,True,5.0
twxn,Nessa's Kitchen - Taguig,Filipino,4.9,835,Taguig City,True,4.9
tx0y,Fat Man's Pizza & More!,Italian,0.0,0,Lapu-Lapu City Cebu,False,
tx89,Chicky Wings - C Palanca,Chicken,4.6,52,Makati City,True,4.6
txdp,Frostbite - Abad Santos,Milk Tea,4.6,659,Koronadal South Cotabato,True,4.6
txfp,Yu Chin Dragon Pearl Milk Tea - Cebu IT Park,Milk Tea,5.0,58,Cebu City,True,5.0
txl4,Cafe Caden - 25th Avenue,Donut,5.0,267,Taguig City,True,5.0
txms,2022 Cups And Bowls Cafe - Perez Boulevard,Japanese,4.8,144,Dagupan Pangasinan,True,4.8
txrx,DAKS Shawarma by Boys Night Out - Quirino Highway,Shawarma,4.9,180,Quezon City,True,4.9
txs3,Sukidesu - Orchid Street,Japanese,5.0,412,Cebu City,True,5.0
txta,Chicky Wings - Katipunan Avenue,Snacks,0.0,0,Quezon City,False,
txv6,Goldilocks - Mintal,Cakes,5.0,435,Davao City Davao Del Sur,True,5.0
txym,Kyana Pet Cafe - Paco Manila,Korean,0.0,0,Manila,False,
ty99,TGI Fridays - Ayala Cebu,American,4.7,22,Cebu City,True,4.7
tybo,Potro's Fried Chicken House - Bulihan,Chicken,0.0,0,Malolos Bulacan,False,
tybs,Rice Rocket.- Buting,Chicken,5.0,325,Pasig City,True,5.0
tyc2,Sizzling Express - Mandaluyong,Filipino,4.9,874,Mandaluyong City,True,4.9
tye0,RJS Crispy Pata House - Catmon,Filipino,0.0,0,Malolos Bulacan,False,
tyfc,Ya Kun Kaya Toast - Gateway Mall 2,Sandwiches,0.0,0,Quezon City,False,
tyko,Eskina - Lanang,Chicken Wings,0.0,0,Davao City Davao Del Sur,False,
tyow,J.CO Donuts & Coffee -SM Mall Of Asia,Donut,5.0,1106,Pasay City,True,5.0
typb,Chaboba - 168 Mall,Milk Tea,0.0,0,Manila,False,
tyr2,Paik's Coffee - SM City Manila,Beverages,0.0,0,Manila,False,
tysi,Michelle's Putong Ube - Robinsons Ermita,Filipino,0.0,0,Manila,False,
tywx,Guyo Cafe - Jose Abad Santos Street,Coffee,3.2,10,Koronadal South Cotabato,True,3.2
tyzh,AMS Halohalo & Sisigan - Tamayo Building,Halo-Halo,5.0,121,Davao City Davao Del Sur,True,5.0
tz1u,G&G Taiwan Famous Chicken - C Palanca,Chicken,4.8,45,Manila,True,4.8
tz9d,24 Chicken - The Strip Osmeña Boulevard,Fried Chicken,5.0,13905,Cebu City,True,5.0
tzck,Tender Chix - Mactan,Chicken,0.0,0,Lapu-Lapu City Cebu,False,
tzq1,Joniel's Cakes and Pastries - Emilio Jacinto Extension,Cakes,5.0,155,Davao City Davao Del Sur,True,5.0
tzye,Sols Halo Halo And Dessert - Lapu Lapu City,Asian,0.0,0,Lapu-Lapu City Cebu,False,
u01r,Saint Joe's Bagnet - Protacio Street,Filipino,4.6,127,Pasay City,True,4.6
u01z,1980 Blends and Brews - Barangay Baesa,Takoyaki,4.9,579,Quezon City,True,4.9
u0aa,Rhony Panga - Catalunan Grande,Filipino,5.0,244,Davao City Davao Del Sur,True,5.0
u0ct,Little Yoo Dae Bak - SM City Ecoland,Rice Bowl,4.7,17,Davao City Davao Del Sur,True,4.7
u0io,Lemon Blush - Builder's Warehouse,Milk Tea,5.0,158,Malolos Bulacan,True,5.0
u0qe,Pancake House - SM Lanang,American,4.9,293,Davao City Davao Del Sur,True,4.9
u0sh,Barefruit Guyabano - Market Market,Beverages,5.0,372,Taguig City,True,5.0
u0sj,TIANLALA - Morayta,Fruit Shake,5.0,42,Manila,True,5.0
u0ub,Café Oley - Malakas Street,Filipino,4.9,43,Quezon City,True,4.9
u0ur,Bang Bang Special Crispy Bangus - Dayap,Seafood,5.0,156,Makati City,True,5.0
u0ut,Caffeine Express - Diesel Street,Coffee,5.0,10,Makati City,True,5.0
u0xq,Ribshack - SM Seaside City Cebu,Unknown,5.0,1701,Cebu City,True,5.0
u1du,Wing Bomb Korean Chicken Wings - Taguig,Fried Chicken,4.9,2301,Taguig City,True,4.9
u1gp,Detox Salads - E-Zone,Healthy,4.8,507,Cebu City,True,4.8
u1ho,Balamban Liempo - Pusok,Liempo,4.8,187,Lapu-Lapu City Cebu,True,4.8
u1if,Mr. Sizzlers Unli Rice & Gravy - JY Square Annex,Filipino,5.0,11,Cebu City,True,5.0
u1lo,I Love Milktea - Merville,Milk Tea,5.0,544,Pasay City,True,5.0
u1mj,Sagul Cafe -  Jacinto,Asian,5.0,1179,Davao City Davao Del Sur,True,5.0
u1op,Tiger Sugar - SM Mall of Asia,Milk Tea,5.0,1017,Pasay City,True,5.0
u1pi,O' Takoyaki Authentic Japanese Takoyaki - Market Market,Takoyaki,5.0,131,Taguig City,True,5.0
u1pr,Lazy Chick - Malolos,Fried Chicken,0.0,0,Malolos Bulacan,False,
u1qo,Original Bakery + Café - SM Manila,Cakes,5.0,847,Manila,True,5.0
u1ra,Sisig Sa Bilao - Times Beach,Filipino,4.6,157,Davao City Davao Del Sur,True,4.6
u1rn,Seattle's Best Coffee - Manila Doctors Hospital,Coffee,5.0,865,Manila,True,5.0
u1su,ERSAO - WILCON CITY CENTER VISAYAS AVE,Asian,5.0,15,Quezon City,True,5.0
u1tk,Por'Que - SM City North EDSA The Block,Lechon,4.0,12,Quezon City,True,4.0
u1yt,Shakey's Pizza - New Greenhills,Pizza,4.9,173,San Juan,True,4.9
u1zg,EBC - SM San Lazaro,Snacks,4.9,488,Manila,True,4.9
u201,ZUS Coffee - Connecticut Arcade Greenhills Shopping Center,Coffee,5.0,1019,San Juan,True,5.0
u253,Greyhound - SM Aura (pandago),Thai,0.0,0,Taguig City,False,
u26n,Golden Rice Hyderabadi Biryani - Rodriguez Sr Avenue,Biryani,5.0,259,Quezon City,True,5.0
u2bt,The Village Brew - Project 8,Coffee,5.0,187,Quezon City,True,5.0
u2gc,KFC - Riverbanks,Fast Food,4.9,2635,Marikina,True,4.9
u2je,Hen Lin - Puregold Parañaque,Dim Sum,5.0,26,Pasay City,True,5.0
u2oz,Romantic Baboy - UST,Korean,5.0,120,Manila,True,5.0
u2qr,The Ion Cafe - Bonifacio,Rice Bowl,0.0,0,Davao City Davao Del Sur,False,
u2sy,Nikkei - Podium,Sushi,5.0,313,Mandaluyong City,True,5.0
u2th,Cucina Severino - Gaisano Mall,Filipino,5.0,194,Davao City Davao Del Sur,True,5.0
u2tv,Minute Burger - Gabbys,American,5.0,1612,Mandaluyong City,True,5.0
u2vd,MOS Burger - The Vantage at Kapitolyo,Burgers,4.9,313,Pasig City,True,4.9
u2ve,BEST Indian Food Davao Halal - Buhangin,Biryani,0.0,0,Davao City Davao Del Sur,False,
u2wu,Oki! Chikin - Mango Square,Fried Chicken,0.0,0,Cebu City,False,
u309,Keigo Ramen & Katsu -  Paseo Del Congreso Street,Japanese,5.0,147,Malolos Bulacan,True,5.0
u36o,BENTO - GO - Sta. Ana,Rice Bowl,5.0,60,Manila,True,5.0
u386,Candid Coffee - SM Air Mall,Coffee,5.0,129,Makati City,True,5.0
u3bo,Mang Inasal - Pasig Market,Chicken,5.0,7608,Pasig City,True,5.0
u3cy,Nabe Unlimited Japanese Hotpot - Banawe,Rice Bowl,0.0,0,Quezon City,False,
u3fr,Ramyeon Cafe Manila - 79 Pacheco Cor,Rice Dishes,4.3,10,Manila,True,4.3
u3go,Katsu Box - Poblacion Makati,Rice Bowl,4.9,20,Makati City,True,4.9
u3ij,Denny's - One Maridien,American,4.8,22,Taguig City,True,4.8
u3mc,Nikkei - Rockwell,Sushi,4.9,272,Makati City,True,4.9
u3ne,S.A.L.O. - SM City Seaside Cebu,Filipino,5.0,85,Cebu City,True,5.0
u3s2,Sugbajeros Grill House - Prosperity Street,American,5.0,270,Davao City Davao Del Sur,True,5.0
u3sb,Romantic Baboy - IT Park,Korean,4.9,511,Cebu City,True,4.9
u3ve,Moonleaf Tea Shop - Dapitan,Milk Tea,0.0,0,Manila,False,
u3wk,Percie's - Laon Laan,Western,4.9,76,Manila,True,4.9
u3zh,Andy's Famous Batangas Lomi & Bulalo - Malakas Street,Filipino,5.0,1063,Quezon City,True,5.0
u414,Boi Chix - Mapayapa,Filipino,5.0,223,Quezon City,True,5.0
u477,Taiwan Milk Tea - Tramo Street,Milk Tea,5.0,171,Pasay City,True,5.0
u488,Kape Kapitolyo - Caltex BSU,Coffee,4.8,27,Malolos Bulacan,True,4.8
u4bf,Wonder Tubo Waltermart Malolos,Beverages,5.0,206,Malolos Bulacan,True,5.0
u4bn,Sugar Panda - Gaisano Mall of Davao,Milk Tea,4.9,73,Davao City Davao Del Sur,True,4.9
u4bq,LIMJOE Lemony Juice Station - SM Fairview,Fruit Shake,0.0,0,Quezon City,False,
u4dg,Sunnypoint Halal Restaurant and Cafe - Maa,Filipino,4.9,476,Davao City Davao Del Sur,True,4.9
u4ei,The Original AA BBQ - Lahug,Filipino,5.0,1371,Cebu City,True,5.0
u4gc,Wing Dynasty - Quezon City,Chicken,0.0,0,Quezon City,False,
u4if,Hungry Kitchen - Lopez Jaena,Silog,5.0,272,Davao City Davao Del Sur,True,5.0
u4l9,TaGo Bar & Grill - Bonifacio,Milk Tea,0.0,0,Davao City Davao Del Sur,False,
u4n6,KO.KO COFFEE HOUSE,Fast Food,0.0,0,Lapu-Lapu City Cebu,False,
u4nm,Buzzy Buzzy - Sanciangko Street,Milk Tea,0.0,0,Cebu City,False,
u4nm,Búzzy Buzzy - Sanciangko Street,Milk Tea,0.0,0,Cebu City,False,
u4pu,McDonald's - Dagupan,Fast Food,4.9,8124,Dagupan Pangasinan,True,4.9
u4qk,Casa Bella Cafe - Fairview,Asian,0.0,0,Quezon City,False,
u4rx,Mama Lou's Italian Kitchen - UP Town Center,Italian,0.0,0,Quezon City,False,
u4so,Mang Inasal - EDSA Central,Chicken,5.0,11442,Mandaluyong City,True,5.0
u4sq,Chowking - Waltermart Muñoz,Fast Food,5.0,5595,Quezon City,True,5.0
u4w1,The Kapetan Cafe - Puregold Shaw,Beverages,0.0,0,Mandaluyong City,False,
u4we,Dash Espresso - New Era,Beverages,0.0,0,Quezon City,False,
u4wk,Embrace Cafe - Central Avenue,Beverages,5.0,102,Quezon City,True,5.0
u4wr,Havana Davao - Obrero,Filipino,4.9,661,Davao City Davao Del Sur,True,4.9
u4xg,Eastone Coffee & Tea - El Rio,Coffee,0.0,0,Davao City Davao Del Sur,False,
u4ys,"7,107 Halo Halo Islands - Le Village Lifestyle Park",Fruit Shake,5.0,124,Quezon City,True,5.0
u4zb,K-Chicken House Korean Fried Chicken - Boni Halcon,Fried Chicken,4.9,2378,Mandaluyong City,True,4.9
u55z,Takam - Granada Street,Filipino,4.9,81,San Juan,True,4.9
u5b1,Macao Imperial Tea - Robinsons Malolos,Milk Tea,4.9,619,Malolos Bulacan,True,4.9
u5be,Le Katsu Mnl - SM Center Muntinlupa,Japanese,4.9,10,Muntinlupa City,True,4.9
u5c7,Pocofino - Promenade Mall,Coffee,5.0,135,San Juan,True,5.0
u5dr,Goca Tea & Coffee - Wynn Plaza,Beverages,0.0,0,Manila,False,
u5eu,Happy Sip Milktea & Coffee - Delos Santos Street,Milk Tea,0.0,0,Manila,False,
u5g8,Wright Wings - Blue Bay Walk,Chicken Wings,4.9,33,Pasay City,True,4.9
u5ji,The Original Pares Mami House - España,Filipino,5.0,7300,Manila,True,5.0
u5tv,Wright Wings - Dela Rosa Solaris,Chicken Wings,5.0,102,Makati City,True,5.0
u5wy,Buddy's Pancit Lucban at Longganisang Lucban - Tycoon Building,Filipino,5.0,1268,Pasig City,True,5.0
u5wz,All About Silog- Quezon City,Silog,0.0,0,Quezon City,False,
u612,Tol-Katsu Restaurant,Japanese,0.0,0,Manila,False,
u61k,Zhu Kitchen - Granada Street,Siomai,0.0,0,Quezon City,False,
u63x,Bus Diner2 - Pueblo Verde,Sandwiches,4.8,29,Lapu-Lapu City Cebu,True,4.8
u65e,Avocadoria.Ph - Puregold Maunlad,Desserts,0.0,0,Malolos Bulacan,False,
u6b0,Fruitas & De Original Jamaican Pattie Shop and Juice Bar - North Domingo Street,Fruit Shake,5.0,197,San Juan,True,5.0
u6c0,GETTEA FOOD AND BEVERAGES - Jose Maria Del Mar,Milk Tea,0.0,0,Cebu City,False,
u6go,Kowloon House - Matalino Street,Dim Sum,5.0,2406,Quezon City,True,5.0
u6hp,Pao Pao Xiao Chi - San Juan,Asian,5.0,243,San Juan,True,5.0
u6ia,Tuna Choice Grill Incorporated  - Sayre Highway,Seafood,5.0,327,Valencia Bukidnon,True,5.0
u6if,Tokyo Tokyo - SM Davao Ecoland,Japanese,4.9,1145,Davao City Davao Del Sur,True,4.9
u6ik,Jia's Samgyup Store - Zabarte Road,Rice Bowl,5.0,172,Quezon City,True,5.0
u6lp,Dimsum Break - IT Park,Rice Dishes,5.0,4291,Cebu City,True,5.0
u6nm,Brew Pls Coffee & Milktea - Pantaleon,Milk Tea,4.4,11,Mandaluyong City,True,4.4
u6oo,Wrap It Project 8 - Benefits Street,Western,4.9,217,Quezon City,True,4.9
u6qv,HWKR in AbacaEats - Base Line Center,Asian,0.0,0,Cebu City,False,
u6s9,Coz Cafe - Marquinton Residences,Beverages,5.0,97,Marikina,True,5.0
u6tf,Shakey's Pizza - SM Lanang,Pizza,5.0,1907,Davao City Davao Del Sur,True,5.0
u6ui,Ramen Nagi - SM Megamall,Ramen,5.0,100,Mandaluyong City,True,5.0
u6us,Solohod - SM City Fairview,Beverages,5.0,41,Quezon City,True,5.0
u6v1,Buffet Town Inc - 43 Annapolis St.,Japanese,0.0,0,San Juan,False,
u6w6,Panaderro - Shangri La Plaza Mall,Cakes,0.0,0,Mandaluyong City,False,
u6xb,Gelous Tapsilugan - P Villanueva Street,Filipino,5.0,8197,Pasay City,True,5.0
u6xn,Dulcinea - SM Seaside Cebu,Western,5.0,10,Cebu City,True,5.0
u726,Sid’s Cheesecoin Yen Pancake - Quimpo Boulevard,Snacks,0.0,0,Davao City Davao Del Sur,False,
u7cc,Yayoi Japanese Teishoku Restaurant - SM Seaside,Japanese,5.0,33,Cebu City,True,5.0
u7hr,Mandy House - Poblacion,Unknown,5.0,32,Makati City,True,5.0
u7ia,Yi Fang Taiwan Fruit Tea - Noble Place Binondo,Milk Tea,5.0,26,Manila,True,5.0
u7l4,Mig's Roasted Chicken & Biryani Rice - Bago Bantay,Chicken,5.0,29,Quezon City,True,5.0
u7mx,Boxstop - Congressional Ave. Extn,Filipino,4.8,21,Quezon City,True,4.8
u7ng,The Kebab Co. - Sampaloc,Shawarma,4.9,30,Manila,True,4.9
u7qz,Mo' Cookies - ATC,Cakes,5.0,118,Muntinlupa City,True,5.0
u7sk,Kanto StreetFoodz - Maunlad Homes,Fast Food,5.0,311,Malolos Bulacan,True,5.0
u7uh,Chatime - SM Ecoland Davao,Milk Tea,5.0,2317,Davao City Davao Del Sur,True,5.0
u7vg,KAFFI CAFE - P Noval Street,Asian,0.0,0,Manila,False,
u7wc,The Brew  Project Ph - Koronadal,Beverages,5.0,361,Koronadal South Cotabato,True,5.0
u7x7,Nomikashi - SM City Novaliches,Beverages,0.0,0,Quezon City,False,
u804,FIVE STAR CHICKEN,Asian,5.0,32,Quezon City,True,5.0
u806,Five Star Chicken - Karangalan,Chicken,0.0,0,Pasig City,False,
u82r,24 Chicken - Dahlia Avenue,Fried Chicken,5.0,6182,Quezon City,True,5.0
u87f,LA (Olah) Halo - Halo - Cabaguio Avenue,Halo-Halo,5.0,2757,Davao City Davao Del Sur,True,5.0
u88w,Canta's Favorites - Regalado,Desserts,0.0,0,Quezon City,False,
u8gj,Teacup Time Resto Cafe - Ilustre Street,Milk Tea,5.0,1211,Davao City Davao Del Sur,True,5.0
u8gr,Lugaw ni Abel - Santisima Trinidad,Filipino,5.0,5399,Malolos Bulacan,True,5.0
u8h7,Tatay Pepe's Tapsilogan - R.Magsaysay,Silog,5.0,5118,Manila,True,5.0
u8hn,PD5 Foodhouse -  Tramo Street,Filipino,5.0,958,Pasay City,True,5.0
u8in,Jollibee - Dragon 8,Fast Food,5.0,134,Manila,True,5.0
u8lk,Chimmy - Blas Ople,Milk Tea,5.0,306,Malolos Bulacan,True,5.0
u8mz,Turks - Caltex Fortune Marikina,Shawarma,0.0,0,Marikina,False,
u8n7,California style sushi by chef christiaan,Japanese,0.0,0,Quezon City,False,
u8nm,Kopikath by Celestina’s - Jacinto Street,Coffee,0.0,0,Taguig City,False,
u8oq,Manila Inasal - Mitsukoshi Mall,Filipino,4.9,41,Taguig City,True,4.9
u8ow,Shake Shack - Greenbelt,American,5.0,2420,Makati City,True,5.0
u8wf,Yellow Lane Pizza,Pizza,0.0,0,Quezon City,False,
u8yi,Paluto Nga Po Since 2005 - Banawe,Filipino,5.0,3347,Quezon City,True,5.0
u8zp,Kagibo Milk Tea - Sasa,Asian,5.0,88,Davao City Davao Del Sur,True,5.0
u92p,Johnn Lemon - Metro Sports Center,Beverages,5.0,91,Cebu City,True,5.0
u930,"Taho Fresh Soymilk, atbp. - South Alabang",Desserts,5.0,32,Muntinlupa City,True,5.0
u99w,Burger Beast - Malolos,Burgers,5.0,348,Malolos Bulacan,True,5.0
u9av,Kain - Foodhall MOA,Filipino,3.8,17,Pasay City,True,3.8
u9cy,Mitsuyado Ramen Shokudo - Glorietta 2,Japanese,4.9,300,Makati City,True,4.9
u9d1,Wave Restaurant and Cafe - Scout Albano,Ulam,0.0,0,Quezon City,False,
u9dk,Gavva! Pansit Batil Patung - Sampaloc,Ulam,0.0,0,Manila,False,
u9he,Secret Kitchen - The Podium,Filipino,4.9,118,Mandaluyong City,True,4.9
u9ia,Pizza Hut - Robinsons Malolos,Pizza,5.0,1791,Malolos Bulacan,True,5.0
u9n4,Hungry Bunny - Matina,Silog,4.9,499,Davao City Davao Del Sur,True,4.9
u9nu,Sizzlin' Steak - The Cabanas,American,4.9,12,Malolos Bulacan,True,4.9
u9oe,Golden Fortune Seafood Restaurant - Soler,Seafood,4.8,266,Manila,True,4.8
u9r7,MRB Fruitshake - Boni Ave,Fruit Shake,5.0,1919,Mandaluyong City,True,5.0
u9us,Saigon Vietnamese Noodle House - Cartimar,Noodles,4.3,102,Pasay City,True,4.3
u9xa,Popeyes Chicken - SM City Sta. Mesa,Chicken,5.0,1157,Manila,True,5.0
u9yh,KFC - BSU Malolos,Fast Food,4.9,10511,Malolos Bulacan,True,4.9
u9yp,De Original Jamaican Pattie Shop and Juice Bar - SM City Novaliches,Filipino,5.0,367,Quezon City,True,5.0
u9yw,Leylam - Robinsons Cybergate Cebu,Rice Dishes,5.0,464,Cebu City,True,5.0
u9zs,Chooks! - SM Muntinlupa,Chicken,4.9,107,Muntinlupa City,True,4.9
u9zw,Petit Coin Café,Filipino,0.0,0,Davao City Davao Del Sur,False,
ua3e,Cinnabon - Glorietta 4,Bread,5.0,638,Makati City,True,5.0
ua5o,Manam - Robinsons Malolos,Filipino,4.9,279,Malolos Bulacan,True,4.9
ua74,K-Egg - Malingap,Sandwiches,4.9,70,Quezon City,True,4.9
ua91,Chijeu Chijeu  - Ali Mall,Dumpling,4.9,38,Quezon City,True,4.9
ua9o,Thaiwadee - SM City East Ortigas,Thai,0.0,0,Pasig City,False,
uaav,Hey Gulu - SM City San Lazaro,Takoyaki,5.0,112,Manila,True,5.0
uaer,Kungfu-Mulutan - Ilang Ilang Street,Filipino,0.0,0,Pasay City,False,
uakl,Poco Deli - BGC,Pasta,5.0,162,Taguig City,True,5.0
ualw,Kurimi Milk Tea Bar - Cloverleaf,Milk Tea,5.0,121,Quezon City,True,5.0
uaor,IDOL'S BULALO & IHAW-IHAW EATERY - Timog Food Plaza,Silog,4.9,331,Quezon City,True,4.9
uat7,Captain Calamares - Riverbanks,Seafood,0.0,0,Marikina,False,
uat9,High Tea - Comembo,Milk Tea,5.0,243,Makati City,True,5.0
ub3k,Easy Coffee- Quezon City,Coffee,0.0,0,Quezon City,False,
ub41,BBQ Chicken - Ayala Malls Feliz,Fried Chicken,5.0,115,Pasig City,True,5.0
ub4c,RBX Rice in a Box - Puregold Pasig,Fast Food,5.0,71,Pasig City,True,5.0
ub4r,Dadas Litson - Santa Mesa,Filipino,0.0,0,Manila,False,
ubdi,Big Guys! Pizza - Quirino Highway,Pizza,5.0,210,Quezon City,True,5.0
ubdy,Sunburst Fried Chicken - Robinsons Galleria Cebu,Chicken,5.0,757,Cebu City,True,5.0
ubgp,Captain Patrick’s Pizza - Blumentritt,Filipino,0.0,0,San Juan,False,
ubhi,Arabic house - Ocampo St,Indian,4.9,671,Manila,True,4.9
ubob,Ooh Cha - Uptown Transport Hub,Beverages,0.0,0,Taguig City,False,
ubrx,New York Buffalo Brads Hot Wings - Shell Banilad,Chicken Wings,5.0,205,Cebu City,True,5.0
ubsm,Sizzlingan sa Garahe - St Jude Circle,Filipino,0.0,0,Marikina,False,
uc0n,Pang Masa Ya Yakiniku & Ramen - Pablo Ocampo,Seafood,0.0,0,Makati City,False,
uc1r,Nene's Kapehan - Cayco,Beverages,0.0,0,Manila,False,
uccm,Basta Pasta - Marikina,Pasta,5.0,197,Marikina,True,5.0
ucd9,Fruity Lemons - SM Megamall,Beverages,4.9,12,Mandaluyong City,True,4.9
uce8,Wangfu Chinese Cafe - SM City Marikina,Chinese,5.0,107,Marikina,True,5.0
ucl3,M Bakery - Rockwell Makati,Cakes,5.0,10,Makati City,True,5.0
ucls,Ai-cha Food PH Inc. - Old Santa Mesa Rd,Desserts,0.0,0,Manila,False,
ucp9,K-Egg - Gen Malvar St,Asian,4.9,140,Makati City,True,4.9
ucqh,THE 4TH CAFE,Coffee,0.0,0,Marikina,False,
ucvb,Aichi Cafe -  Del Monte Avenue,Desserts,5.0,16,Quezon City,True,5.0
ucvg,Cocopan - Pinagbuhatan,Coffee,5.0,194,Pasig City,True,5.0
ucwq,The Sundry Food Hall (Mix and Match) - Commonwealth,Asian,4.9,23,Quezon City,True,4.9
ud2c,Chef Jhang B1T1 Sizzling Steakhouse,Western,4.5,40,Davao City Davao Del Sur,True,4.5
ud4c,Goto Tendon- Boni Avenue,Filipino,5.0,870,Mandaluyong City,True,5.0
ud87,Kenji Japanese Bbq Restaurant,Japanese,0.0,0,Makati City,False,
ud8g,Villa Tuna Restaurant - Quirino Highway,Seafood,0.0,0,Quezon City,False,
udb1,199X Cafe - V Mapa Street,Coffee,5.0,67,Davao City Davao Del Sur,True,5.0
udci,Wingers Unlimited - Mactan Town Center,Chicken Wings,4.9,661,Lapu-Lapu City Cebu,True,4.9
ude2,Rhian Ramos' Healthy Appetite - BGC,Chicken,5.0,835,Taguig City,True,5.0
udgo,Snackerz Bundle - Peach Street,Burgers,5.0,107,Marikina,True,5.0
udhp,Max's Corner Bakery - SM MOA,Cakes,5.0,17,Pasay City,True,5.0
udoh,Marrie's Kitchen - Marfori,Pasta,0.0,0,Davao City Davao Del Sur,False,
udqm,Chachago - A Mabini Street,Milk Tea,5.0,86,San Juan,True,5.0
udrc,Maki Sushi Factory,Japanese,0.0,0,Manila,False,
udyn,KFC - SM Mall of Asia 2,Fast Food,4.9,677,Pasay City,True,4.9
ue1v,Sweet Tooth by Tin Cleofas - Almond Street,Cakes,5.0,194,Quezon City,True,5.0
ue5o,Daily by Bo's Coffee - Katipunan Street,Coffee,5.0,1538,Marikina,True,5.0
uekf,Big Daddy's Cup - Santa Mesa,Filipino,5.0,524,Manila,True,5.0
uevj,Anyhow Inasal - Comembo,BBQ,4.9,55,Taguig City,True,4.9
uf10,Turks - Super Metro Lapu-Lapu,Shawarma,5.0,297,Lapu-Lapu City Cebu,True,5.0
uf6q,Mag's Manok and Liempo - Tojong,Chicken,0.0,0,Cebu City,False,
uf80,Essence Appetit,Snacks,0.0,0,Muntinlupa City,False,
uf8u,Red Table - SM City San Lazaro,Korean,5.0,694,Manila,True,5.0
ufep,KingKong BudaeJjigae,Korean,0.0,0,Mandaluyong City,False,
ufkr,brood. - Verve Residence 1,Beverages,5.0,103,Taguig City,True,5.0
uflv,Meli's - Madel Arcade Center,Filipino,5.0,45,Malolos Bulacan,True,5.0
ufoh,Jack's Fresh Lemonade - Glorietta 4,Milk Tea,5.0,100,Makati City,True,5.0
ufxr,AX Pancit Con Lechon - E Rodriguez,Filipino,5.0,108,Quezon City,True,5.0
ug0v,Timplang Pinoy: Filipino Eats - Pasay,Filipino,4.9,148,Pasay City,True,4.9
ug2j,Wilsy Kobe's Silogan - Francisco Llamas Street,Silog,4.8,62,Cebu City,True,4.8
ugap,Biryani Boys - The ONE Santo Tomas,Biryani,4.8,47,Manila,True,4.8
ugg7,House of Puto Bao - Cubao,Snacks,5.0,28,Quezon City,True,5.0
ugo4,De Cafe,Beverages,0.0,0,Makati City,False,
ugou,Maribago Grill and Restaurant - Bagumbayan 1,Filipino,0.0,0,Lapu-Lapu City Cebu,False,
ugts,Turks - SM City Marikina,Shawarma,5.0,15,Marikina,True,5.0
ugwg,Din Tai Fung - SM North,Chinese,5.0,338,Quezon City,True,5.0
ugxl,Doy's Homemade Delicacies - Jaltan Building,Filipino,4.9,118,Davao City Davao Del Sur,True,4.9
uh13,Kungfu-Mulutan - Bagong Ilog,Silog,0.0,0,Pasig City,False,
uh34,LOVE COFFEE - Talamban Times Square,Beverages,4.9,25,Cebu City,True,4.9
uh96,Stuffed N’Fried - Basak,Fried Chicken,5.0,22,Lapu-Lapu City Cebu,True,5.0
uhed,Uncle J Lechon Cebu - Pasay,Lechon,4.6,70,Pasay City,True,4.6
uhg1,Wobbly Pan Spanish Bistro - San Antonio Plaza Arcade,Beverages,5.0,23,Makati City,True,5.0
uhvr,Basics and Organic - Eastwood,Filipino,0.0,0,Quezon City,False,
uhwi,Calorie Club - Fairview,Healthy,4.8,54,Quezon City,True,4.8
uhx1,Buenappetit Restaurant,Asian,0.0,0,Pasay City,False,
uhz7,Papi Paps Inihaw on the Go - Stella Maris Avenue,Lechon,4.8,23,Pasig City,True,4.8
ui07,# Unlimited,Silog,0.0,0,Quezon City,False,
ui1r,Waves Burger - Balagtas,American,5.0,604,Malolos Bulacan,True,5.0
uia4,Yeon Kitchen - Fastbytes,Korean,4.9,225,Muntinlupa City,True,4.9
uice,Maya Mexican Restaurant - Crossroads Mall,Rice Noodles,5.0,47,Cebu City,True,5.0
uifo,Buffalo Wild Wings - Uptown,Chicken,0.0,0,Taguig City,False,
uifv,PAUL Le Café - One Ayala,Pasta,0.0,0,Makati City,False,
uijx,Manam's Pancit Pancitan - Malolos,Filipino,5.0,123,Malolos Bulacan,True,5.0
uikz,Aling Banang - Marikina,Pancit,5.0,618,Marikina,True,5.0
uilq,Seoul 1988 Korean Grill House - FB Harrison Street,Korean,0.0,0,Pasay City,False,
uimh,Zebbi's Kitchen - Diamond Street,Filipino,0.0,0,Taguig City,False,
uiqr,Spresso Cafe - SM Center Shaw,Italian,0.0,0,Mandaluyong City,False,
uisq,Ate Rica's Bacsilog - Elizabeth Mall,Silog,5.0,433,Cebu City,True,5.0
uisr,Lotus Tea and Coffee - Haig,Coffee,0.0,0,Mandaluyong City,False,
uj0s,The Original Submarine Center Gourmet Sandwiches - Rockwell Makati,Sandwiches,0.0,0,Makati City,False,
uj2l,Dim Ka Phe - Masangkay,Unknown,5.0,162,Manila,True,5.0
uj59,Cucina Ilocana Diner- Abreeza,Ulam,0.0,0,Davao City Davao Del Sur,False,
uj7k,Hwanggung Korean - Lahug,Ramen,0.0,0,Cebu City,False,
ujkc,Baa Baa Thai Tea - Villamor,Milk Tea,5.0,608,Pasay City,True,5.0
ujqo,Bakers Maison at Krossing Delicafe - Malolos,Cakes,0.0,0,Malolos Bulacan,False,
ujuk,Buko Juan - Makati Central Square,Fruit Shake,5.0,53,Makati City,True,5.0
ujv4,Ate Rica's Bacsilog - Cardinal Santos,Silog,4.9,27,San Juan,True,4.9
ujy0,Domino’s Pizza - BGC,Pizza,3.9,566,Taguig City,True,3.9
ujz2,Salo-Salo Juan - Arellano Avenue,Filipino,0.0,0,Manila,False,
uk5l,Big Fat Tummy - Bangkal,Filipino,5.0,692,Davao City Davao Del Sur,True,5.0
ukao,Lembest Lechon - Putatan,Filipino,0.0,0,Muntinlupa City,False,
ukbx,Kaffi Cafe - Eloisa Street,Beverages,0.0,0,Manila,False,
ukd4,Din Tai Fung - Uptown BGC,Chinese,5.0,244,Taguig City,True,5.0
ukfi,Coffee Clutch Diner,Filipino,0.0,0,Makati City,False,
ukif,Mr. Parks Bread & Cafe - SM North Edsa,Bread,0.0,0,Quezon City,False,
uklo,Lhealthy Shop-Damosa,Burgers,0.0,0,Davao City Davao Del Sur,False,
ukm6,Shake Shack - Alabang Town Center,American,5.0,347,Muntinlupa City,True,5.0
ukqi,Jj Biryani - Adelfa Street,Lomi,0.0,0,Muntinlupa City,False,
ukw9,Yechon Korean Cuisine,Korean,0.0,0,Mandaluyong City,False,
ukxx,D Busy Bean - Reddoorz Cpg Estate Hotel,Pasta,4.9,23,Taguig City,True,4.9
uky3,Kafé Lounge - Grand Residences España 2,Beverages,0.0,0,Manila,False,
ul5j,Maroush Maher Contemporary Cuisine - Conching Street,Shawarma,4.9,627,Pasig City,True,4.9
ul5l,Quickly - Robinsons Place Manila,Milk Tea,5.0,530,Manila,True,5.0
ul6b,Kumori - Pasig,Snacks,5.0,51,Pasig City,True,5.0
ul84,Momma Shawarma - Banilad,Shawarma,3.7,51,Cebu City,True,3.7
ulrv,Outlook Coffee,Coffee,5.0,162,Davao City Davao Del Sur,True,5.0
uls1,Tramway 2 Go - Roxas Boulevard,Filipino,4.8,29,Manila,True,4.8
ulyf,Mumshie Food and Beverage House - Countryhomes,Ulam,4.9,167,Muntinlupa City,True,4.9
um1y,Wingers Unlimited - Mango Square,Chicken Wings,4.9,1652,Cebu City,True,4.9
um3d,The Baking Room - Poblacion,Bread,5.0,394,Davao City Davao Del Sur,True,5.0
um6a,Halo Delight - Panay Avenue,Halo-Halo,5.0,50,Quezon City,True,5.0
um7p,Harty's Take-Away - Alicante Tower of Marquinton Condo,Korean,0.0,0,Marikina,False,
umbg,ZUS Coffee - Bluewave Mall Marikina,Coffee,5.0,735,Marikina,True,5.0
umjj,J. A. S. Caffeinated Bistro - Bajada,Filipino,5.0,364,Davao City Davao Del Sur,True,5.0
uml7,BASTIE'S BURGER HOUSE - San Antonio,Salads,4.9,13,Koronadal South Cotabato,True,4.9
umm0,Hainan Guy - Wilson Street,Asian,0.0,0,San Juan,False,
ummq,Mixue Ice Cream & Tea - City Plaza Chinatown,Beverages,5.0,113,Manila,True,5.0
umrj,Tomekichi Takoyaki - Rotonda Pasig,Takoyaki,5.0,237,Pasig City,True,5.0
umsb,Songkran - Salcedo Village,Thai,4.8,18,Makati City,True,4.8
umtk,At Autumn Cafe,Asian,0.0,0,Lapu-Lapu City Cebu,False,
umw5,Sushi Town - Santolan,Sushi,4.8,13,San Juan,True,4.8
umwo,Tagaytay Bulalo Specials - Leon Guinto Street,Filipino,0.0,0,Manila,False,
umxe,Premier The Samgyupsal - Quimpo,Korean,4.9,39,Davao City Davao Del Sur,True,4.9
umxh,Ellen's Bulaloan - Hidalgo,Bulalo,5.0,174,Davao City Davao Del Sur,True,5.0
un2y,Cucina Royal - Santo Niño,Chicken Wings,4.9,154,Malolos Bulacan,True,4.9
un48,Sikwate - Diliman,Burgers,4.8,26,Quezon City,True,4.8
un57,Lami Ra-men - IT Park Sugbo Mercado,Ramen,5.0,87,Cebu City,True,5.0
unas,Butter Cafe - Seaside Boulevard,Beverages,0.0,0,Pasay City,False,
unb4,Coffee First - Ayala Central Bloc,Coffee,5.0,15,Cebu City,True,5.0
unfr,Gungjeon Unlimited - Lower Bicutan,Korean,0.0,0,Taguig City,False,
unhr,Papa Art’s Cafeteria - Tondo,Filipino,0.0,0,Manila,False,
unk6,Domino's Pizza - Pasig Bayan,Pizza,4.9,1160,Pasig City,True,4.9
unl3,Texas Roadhouse - Shangri-La,American,0.0,0,Mandaluyong City,False,
unpn,Max's Corner Bakery - Greenhills,Cakes,0.0,0,San Juan,False,
unvc,Chatime - Shell Mango Cebu,Beverages,5.0,1023,Cebu City,True,5.0
unve,Banapple - Crossroad Mall,Cakes,5.0,71,Quezon City,True,5.0
unz2,Cafe Mary Grace - Uptown BGC,Cakes,5.0,109,Taguig City,True,5.0
unz6,Wann Mann - Malate,Asian,5.0,74,Manila,True,5.0
uo3i,Halo Halo of the Year - General Estrella,Milk Tea,4.8,394,Makati City,True,4.8
uo4f,Cooee Cafe - Raintree Mall,Healthy,5.0,1177,Cebu City,True,5.0
uo5s,Big Brew - Salinas Dr,Milk Tea,4.5,181,Cebu City,True,4.5
uo93,Mismukuno Teppanyaki - Ayala Center Cebu,Japanese,0.0,0,Cebu City,False,
uob5,Ding Qua Qua Dimsum House - JY Square Mall,Rice Bowl,5.0,227,Cebu City,True,5.0
uocg,Fusion Ramen - Congressional,Ramen,4.9,32,Quezon City,True,4.9
uodf,9394 Coffee and Tea - Pembo,Coffee,5.0,305,Makati City,True,5.0
uoiu,REFRESCO,Fast Food,5.0,24,Mandaluyong City,True,5.0
uomq,Jiang Nan Hotpot (Fame Mall),Chinese,0.0,0,Mandaluyong City,False,
uonq,Bunado's Lechon - Canjulao 1st,Lechon,5.0,743,Lapu-Lapu City Cebu,True,5.0
uonv,Japanese Cake Co.,Japanese,0.0,0,Lapu-Lapu City Cebu,False,
uoty,I Love Milktea - Greenhills,Milk Tea,4.9,165,San Juan,True,4.9
uoyf,Lunch Box - Poblacion,Asian,3.8,76,Davao City Davao Del Sur,True,3.8
uozm,Sushi Nori - Robinsons Place Manila,Sushi,5.0,381,Manila,True,5.0
up34,Banapple - Tuscany,Cakes,5.0,75,Taguig City,True,5.0
up4q,Cocol Coffee and Tea - San Roque,Coffee,5.0,217,Marikina,True,5.0
up58,Espacio Cafe - Cebu,Coffee,0.0,0,Cebu City,False,
up5d,Monster Wings - The Terminal Starmall,Chicken Wings,0.0,0,Muntinlupa City,False,
up6q,THE ORIGINAL CHAOLOG - 11 Visayan St cor.,Rice Dishes,0.0,0,Manila,False,
upa0,Chicken United - Ususan,Fried Chicken,5.0,1500,Taguig City,True,5.0
upad,Hot Lips - Poblacion Makati,Chicken,4.9,31,Makati City,True,4.9
updk,Dunkin' Donuts - P. Burgos Makati,Donut,5.0,1198,Makati City,True,5.0
upee,Fruitas House of Desserts - SM City Sta Mesa,Beverages,5.0,12,Quezon City,True,5.0
upjy,Korean J Grill and Restaurant - Malolos,Korean,0.0,0,Malolos Bulacan,False,
upm2,Bitbrew Cafe - Mambaling,Coffee,0.0,0,Cebu City,False,
upnv,Manoy - Merville,Filipino,5.0,138,Pasay City,True,5.0
upq1,Mango Royal Milkshake - C5 Waterfun Taguig,Fruit Shake,5.0,391,Taguig City,True,5.0
upvp,King Sisig - Leon Guinto Street,Filipino,5.0,101,Manila,True,5.0
upxy,DAKS Shawarma by Boys Night Out - Malolos,Shawarma,5.0,67,Malolos Bulacan,True,5.0
uq20,Selecta Ice Cream Shop -  Salinas Drive Lahug,Ice Cream,5.0,220,Cebu City,True,5.0
uq3p,Casero - Mayor Gil Fernando,Filipino,4.6,18,Marikina,True,4.6
uq7p,Evas Bellychon,Filipino,0.0,0,Cebu City,False,
uqdm,Aboy's Fresh Lumpia - Ayala Malls The 30th,Filipino,5.0,75,Pasig City,True,5.0
uqkr,Gryn Wasabi Sushi Bar - Quezon City,Sushi,5.0,67,Quezon City,True,5.0
uqq4,Fruitas - Puregold Shaw,Fruit Shake,0.0,0,Mandaluyong City,False,
uqw8,Rice Rocket - SM Lanang,Asian,5.0,167,Davao City Davao Del Sur,True,5.0
uqza,Nats Food House - Don Carlos Revilla Street,Filipino,5.0,320,Pasay City,True,5.0
ur48,5 Angels food hub,Filipino,5.0,47,Manila,True,5.0
ur8i,Chicken Houz - Gastambide,Chicken,5.0,39,Manila,True,5.0
ure1,Marikina Garlic Buns Bakeshop - E Dela Paz Street,Bread,5.0,88,Marikina,True,5.0
urjo,Don Benito's - Ecoland,Cakes,5.0,160,Davao City Davao Del Sur,True,5.0
urrv,NeNe Chicken - One Ayala,Chicken,5.0,171,Makati City,True,5.0
urz7,King Sisig Express - Bagbag Novaliches,Sisig,5.0,78,Quezon City,True,5.0
us14,Taiphoon Restobar - Banilad,Rice Bowl,5.0,60,Cebu City,True,5.0
us5k,Harishi Restaurant - Osmeña Highway,Indian,0.0,0,Makati City,False,
us8t,Ben Wingz - R Duterte Street,Chicken Wings,5.0,298,Cebu City,True,5.0
usc1,Athalia's Cakes and Pastries - Robinsons Cybergate,Cakes,0.0,0,Davao City Davao Del Sur,False,
ush9,Chammie - Makati,Filipino,4.9,283,Makati City,True,4.9
usip,50嵐 (Fiftea) - Salcedo,Milk Tea,4.9,923,Makati City,True,4.9
usni,Yaki Yaki - Merville,Japanese,5.0,328,Pasay City,True,5.0
usog,BreadTalk - Robinsons Place Malolos,Sandwiches,4.9,90,Malolos Bulacan,True,4.9
usp4,Kold Brew Coffee Shop - Dakila,Coffee,5.0,52,Malolos Bulacan,True,5.0
ussa,Red Ribbon - SM Atrium Davao,Cakes,5.0,461,Davao City Davao Del Sur,True,5.0
ustz,Piccola by Plains & Prints - Shangri La Plaza,Coffee,0.0,0,Mandaluyong City,False,
usvr,Mr. Monk - Poblacion,Siomai,0.0,0,Makati City,False,
uszn,Wheat and Bean Bistro Cafe - Haven Building,Coffee,5.0,28,Quezon City,True,5.0
ut5g,Pekto's Sizzling Plato -  Rosedale Place,Sisig,4.9,329,Cebu City,True,4.9
ut6y,Chong's Chicken Inasal - Canalate,Fried Chicken,0.0,0,Malolos Bulacan,False,
ut7n,Uncle Uncle Dimsum House - Bayan Bayanan,Snacks,4.7,16,Marikina,True,4.7
utfc,Bistro Bowlstar - Marikina,Sisig,0.0,0,Marikina,False,
utgp,Cafe Republic - Calzada Tipas,Milk Tea,5.0,381,Taguig City,True,5.0
utja,Tealive - Metro Market Market,Beverages,4.9,1054,Taguig City,True,4.9
utl1,Big Brew - Masambong,Coffee,4.9,30,Quezon City,True,4.9
utn2,Doming’s Ngohiong by Ann with Silogan - Rosedale Place,Filipino,4.9,471,Cebu City,True,4.9
utr7,Chef J Restaurant - Batangas Street,Asian,4.8,1286,Makati City,True,4.8
utv2,Aling Irma's Pancitan Atbp - F. Roxas,Snacks,0.0,0,Manila,False,
uu07,Tim Hortons - Robinsons Galleria,Coffee,5.0,131,Quezon City,True,5.0
uu51,Bravo Beverage Bar - Sampaloc,Coffee,5.0,34,Makati City,True,5.0
uu60,HFOUR VIETNAMESE RESTAURANT - Malolos Bulacan,Unknown,4.9,171,Malolos Bulacan,True,4.9
uu7m,Pho19 - Island Central Mactan,Rice Bowl,5.0,25,Lapu-Lapu City Cebu,True,5.0
uu83,Hangry Tuna  - Nova Tierra Village,Seafood,5.0,621,Davao City Davao Del Sur,True,5.0
uu91,Goto Pares Atbp. - A Arnaiz Avenue,Filipino,5.0,706,Pasay City,True,5.0
uubx,Mang Domeng's Bibingka  - Pembo Taguig,Cakes,0.0,0,Taguig City,False,
uug3,Starblack Cafe - Obrero,Coffee,0.0,0,Davao City Davao Del Sur,False,
uujq,"A. Coffee - Velasquez Street, Tondo",Beverages,5.0,11,Manila,True,5.0
uukc,Good Habits Coffee by Popcha - SM Seaside,Coffee,0.0,0,Cebu City,False,
uulz,Chick Wings and Waffle Choice - Metro Plaza General Luis,Chicken Wings,0.0,0,Quezon City,False,
uune,Macao Imperial Tea - SM City Cebu,Beverages,5.0,65,Cebu City,True,5.0
uuzm,Jap Boating Foodhouse - Gaisano Island Mall,Takoyaki,4.6,23,Lapu-Lapu City Cebu,True,4.6
uv2w,Magoo's Pizza - Citywalk 2 Building,Pizza,4.9,228,Quezon City,True,4.9
uveq,ZUS Coffee - The Sapphire Bloc,Coffee,5.0,107,Pasig City,True,5.0
uviq,Chicky'Oink - F Jaca Street,Chicken,4.8,78,Cebu City,True,4.8
uvjs,Slide.Coffee Shop,Coffee,0.0,0,Makati City,False,
uvmi,Mom's Hand - Orange Mart,Korean,0.0,0,Cebu City,False,
uvmn,Mang Donald's Tapsilog - Quezon City,Silog,0.0,0,Quezon City,False,
uvoh,Timpla. Coffee Shop - M H Del Pilar Street,Coffee,0.0,0,Quezon City,False,
uvy1,House of Sinangag - Sampaguita Street,Filipino,4.9,192,Makati City,True,4.9
uw1m,Baa Baa Thai Tea - La Salle Leon Guinto Street,Milk Tea,5.0,404,Manila,True,5.0
uw27,Mr. Lemon - Opon Merkado,Beverages,5.0,23,Lapu-Lapu City Cebu,True,5.0
uwls,The Good Food by Don Silog - Jasmin,Ulam,5.0,2794,Cebu City,True,5.0
uwo5,The Venue Barbecue Grill & Resto - Abad Santos,Filipino,5.0,383,Koronadal South Cotabato,True,5.0
uwoh,Man-go Juan - Pioneer Center,Beverages,0.0,0,Pasig City,False,
uwox,Uncle John's - Pasig Boulevard,Chicken,5.0,89,Pasig City,True,5.0
uwq2,Fish & Co -  UP Town Center,American,4.9,15,Quezon City,True,4.9
uwqb,Mexicano Bueno - Makati,Rice Bowl,0.0,0,Makati City,False,
uwrg,Wobbly Pan Spanish Bistro - Molito,Seafood,0.0,0,Muntinlupa City,False,
uwv5,b.a.kafei -Clubhouse Solariega,Coffee,4.9,41,Davao City Davao Del Sur,True,4.9
uwv5,b.a. kafei - Talomo,Coffee,4.9,14,Davao City Davao Del Sur,True,4.9
uwwf,Uncle John's - Malibay,Chicken,4.9,139,Pasay City,True,4.9
uwwg,Barbeque Boss - Toril,BBQ,5.0,107,Davao City Davao Del Sur,True,5.0
ux54,Hidamari Japanese Restaurant  - Amorsolo Street,Japanese,0.0,0,Makati City,False,
uxeo,Watami - Shangri La,Japanese,0.0,0,Mandaluyong City,False,
uxes,Island Tea Co. - Koronadal City,Milk Tea,0.0,0,Koronadal South Cotabato,False,
uxfp,Boulangerie22 - Jackman Plaza,Cakes,5.0,32,Quezon City,True,5.0
uxfz,Lawson Cup & Go - California Garden,Coffee,4.7,33,Mandaluyong City,True,4.7
uxl0,Local Unnie - Central Park,Snacks,4.7,16,Davao City Davao Del Sur,True,4.7
uxr7,MOMOYO - EP VILLAGE TAGUIG,Ice Cream,5.0,149,Taguig City,True,5.0
uxr7,MOMOYO ICE CREAM & ICED COFFEE- EP VILLAGE TAGUIG,Ice Cream,5.0,99,Taguig City,True,5.0
uxt2,Baliwag Lechon Manok at Liempo - Maginhawa Street,Chicken,5.0,428,Quezon City,True,5.0
uxty,Banh Mi Kitchen - Taguig,Sandwiches,5.0,492,Taguig City,True,5.0
uxvg,Greenwich - Bluewave Marquinton,Pizza,5.0,2051,Marikina,True,5.0
uy0u,FR Coffee House - Ayala Terraces,Coffee,0.0,0,Quezon City,False,
uy21,Eggsthetic Korean Egg Drop Sandwich and Coffee - Juan Luna,Sandwiches,4.9,21,Davao City Davao Del Sur,True,4.9
uy69,CM Foods,Asian,4.9,30,Davao City Davao Del Sur,True,4.9
uyfj,Deja Brew Cafe - Davao,Coffee,0.0,0,Davao City Davao Del Sur,False,
uyhi,Uncle John's - Banilad,Fried Chicken,4.9,130,Cebu City,True,4.9
uyky,JJANG Doshirak - Mactan,Korean,5.0,206,Lapu-Lapu City Cebu,True,5.0
uylh,Rbiel's Bistro - Congressional Avenue,Filipino,4.8,41,Quezon City,True,4.8
uymy,Mama Nams - Arnaiz,Filipino,4.9,61,Makati City,True,4.9
uyqp,Tito's Coffee - C. Raymundo,Coffee,0.0,0,Pasig City,False,
uyt8,Pizzalandia - Mayon,Pizza,0.0,0,Quezon City,False,
uyul,Bee Healthy Lemon - Waltermart E Rod,Healthy,0.0,0,Quezon City,False,
uyvb,Fruit Slice and Shake By Carl & Ernie - Anda Extension,Beverages,0.0,0,Davao City Davao Del Sur,False,
uyym,Lanz Pizza - Tamiya,Pizza,4.9,540,Lapu-Lapu City Cebu,True,4.9
uzay,Gulu Gulu PH - Greenhills,Asian,5.0,30,San Juan,True,5.0
uzea,Chansel Pizza Haus - Cartimar,Pizza,5.0,20,Pasay City,True,5.0
uzfi,Fruitas & De Original Jamaican Pattie Shop and Juice Bar - Shangri-La Plaza,Fruit Shake,5.0,60,Mandaluyong City,True,5.0
uzh7,Shiok Shiok Singapore Famous Hawker Food - Santo Domingo,Chicken,5.0,283,Quezon City,True,5.0
uzjw,Slice 'N Spice - Juna Subdivision,Pizza,4.9,16,Davao City Davao Del Sur,True,4.9
uzrj,Coop's Boneless Chicken - Kalapati Street,Fried Chicken,4.9,208,Quezon City,True,4.9
uzz7,Wahini - Mac Arthur Highway,Chicken,4.8,23,Malolos Bulacan,True,4.8
v00k,Urbanica Milk Coffee - Rolex Place,Coffee,5.0,2175,Quezon City,True,5.0
v06m,Baliwag Lechon Manok at Liempo - Lucao,Chicken,5.0,106,Dagupan Pangasinan,True,5.0
v0h1,Taco Boy - Damosa,Wraps,0.0,0,Davao City Davao Del Sur,False,
v0h7,Goldilocks FOOD - Shaw Boulevard,Cakes,5.0,112,Mandaluyong City,True,5.0
v0hb,Blessed Bhiestro - Makati,Italian,5.0,520,Makati City,True,5.0
v0ik,Leylam Shawarma - One Tree Plaza Hotel Commercial Center,Shawarma,0.0,0,Cebu City,False,
v0iu,Classic Savory - Robinsons Malolos,Chicken,5.0,1426,Malolos Bulacan,True,5.0
v0lx,Shaxian Snacks - D Suazo,Chinese,5.0,1221,Davao City Davao Del Sur,True,5.0
v0md,Potato Corner - HBI Mart,Fries,5.0,213,Manila,True,5.0
v0nw,Krispy Kreme - Greenbelt 5,Donut,5.0,134,Makati City,True,5.0
v0qm,Kaya Korean Restaurant - Glorietta 2,Korean,5.0,549,Makati City,True,5.0
v0ra,Barefruit Guyabano - KCC Mall of Marbel,Beverages,5.0,480,Koronadal South Cotabato,True,5.0
v0sl,Janet's Pares House - Greater Lagro,Filipino,5.0,1357,Quezon City,True,5.0
v0su,Chicken House - Philand Drive,Chicken,0.0,0,Quezon City,False,
v0wk,MyeongDong24 - Mactan,Korean,5.0,245,Lapu-Lapu City Cebu,True,5.0
v0xi,AGAVE CAFE & RESTO BAR,Filipino,4.7,191,Pasig City,True,4.7
v13k,Leyten̈os Bahalina Tuba,Alcoholic Drinks,0.0,0,Davao City Davao Del Sur,False,
v16e,Kusina sa Eskina Urgello - Villa Aznar Road,Filipino,5.0,44,Cebu City,True,5.0
v19s,Nitro7 Coffee & Tea Bar - UST Hospital,Coffee,5.0,57,Manila,True,5.0
v1ax,Grainsmart Cafe - Marine Road Veteranz Village,Beverages,0.0,0,Quezon City,False,
v1d6,Meetnamit Garlic chicken house - Marbel branch,Filipino,0.0,0,Koronadal South Cotabato,False,
v1di,Kurīmu クリーム - Sgt Esguerra,Desserts,5.0,58,Quezon City,True,5.0
v1jz,Kuya J Restaurant - SM Novaliches,Filipino,5.0,359,Quezon City,True,5.0
v1kj,KFC - SM Center Dagupan,Fast Food,4.9,4331,Dagupan Pangasinan,True,4.9
v1lv,Kuya Bert’s Pares House - Mindanao Avenue,Filipino,4.9,651,Quezon City,True,4.9
v1m3,The Tattooed Baker - Dela Rosa Street,Bread,5.0,155,Makati City,True,5.0
v1nj,Sake Takoyaki - Tunasan,Snacks,5.0,17,Muntinlupa City,True,5.0
v1rq,Pungryujeong - Banilad,Ramen,0.0,0,Cebu City,False,
v1ss,Sisig Sa Rada - Framar Center,Filipino,4.9,95,Pasig City,True,4.9
v1v2,KloudLand Cafe - Arellano Dagupan,Beverages,0.0,0,Dagupan Pangasinan,False,
v1wm,Gong cha - Uptown Mall,Milk Tea,5.0,1054,Taguig City,True,5.0
v1zo,Max's Restaurant - Sumulong Marikina,Chicken,5.0,845,Marikina,True,5.0
v1zp,Angel's Pizza - Mactan Town Center,Pizza,5.0,3535,Lapu-Lapu City Cebu,True,5.0
v1zr,Black Pearl - Metro Ayala Cebu,Milk Tea,5.0,75,Cebu City,True,5.0
v20n,The Nerd Baker Cafe - Malate,Coffee,0.0,0,Manila,False,
v21y,JV's Foodstation - Callejon Street,Fried Chicken,4.9,809,Dagupan Pangasinan,True,4.9
v282,Max's Restaurant - SM Urdaneta Central,Chicken,4.9,182,Dagupan Pangasinan,True,4.9
v2bz,Takoya Kiks - Sta Mesa,Takoyaki,5.0,244,Manila,True,5.0
v2cg,Ramen Nagi - One Bonifacio,Ramen,5.0,194,Taguig City,True,5.0
v2di,Max's Restaurant - Westgate,Chicken,5.0,414,Muntinlupa City,True,5.0
v2ex,Bo's Coffee - Katipunan Street,Coffee,5.0,4315,Marikina,True,5.0
v2g7,Hen Lin - Gaisano Alabang,Dim Sum,5.0,66,Muntinlupa City,True,5.0
v2h4,Wild Shakes - Judge Alba,Snacks,5.0,50,Koronadal South Cotabato,True,5.0
v2h7,8680 Coffee - Makati,Coffee,4.9,120,Pasay City,True,4.9
v2im,Mr. and Mrs. Brew - Sta. Mesa,Milk Tea,5.0,319,Manila,True,5.0
v2sv,Potato Corner - Deca Mall,Fries,5.0,569,Manila,True,5.0
v2t6,Brewed Delights - Mactan,Coffee,5.0,60,Lapu-Lapu City Cebu,True,5.0
v2u2,Grilled Burger Factory - Bagong Ilog,Burgers,5.0,135,Pasig City,True,5.0
v2w7,TaiHo 太后茶飲 雞排 (Milk Tea & Fried Chicken) - The Linear Tower,Milk Tea,5.0,335,Makati City,True,5.0
v2zb,Le Katsu Mnl - Greenfield,Japanese,0.0,0,Mandaluyong City,False,
v30v,Manoy - Puregold Pasig San Joaquin,Filipino,5.0,187,Pasig City,True,5.0
v32q,Figaro - Shangri-la Plaza Mall,Coffee,0.0,0,Mandaluyong City,False,
v353,Mr. Nauman Biryani Restaurant - Pasay,Middle Eastern,4.9,25,Pasay City,True,4.9
v39c,ZUS Coffee - Teleperformance Center,Coffee,5.0,603,Makati City,True,5.0
v3br,BIG BOWLS - JP Laurel Lanang,Rice Bowl,4.9,235,Davao City Davao Del Sur,True,4.9
v3c1,Manam's Pancit Pancitan - Ermita,Filipino,5.0,500,Manila,True,5.0
v3cy,Blugre Coffee - MTS,Coffee,4.8,140,Davao City Davao Del Sur,True,4.8
v3dn,Chachago - CSI Mall,Milk Tea,5.0,603,Dagupan Pangasinan,True,5.0
v3do,D.R Wings - Santa Lucia,Chicken,4.5,10,Quezon City,True,4.5
v3dx,Premier The Samgyupsal - The Rise,Korean,4.9,393,Makati City,True,4.9
v3f0,I Love Milktea - Malolos Bayan,Milk Tea,5.0,1167,Malolos Bulacan,True,5.0
v3h2,Ultimate Liempo Haus - Emilia Street,Chicken Wings,4.9,17,Makati City,True,4.9
v3mm,TakoyakiBob - Malibay,Takoyaki,5.0,43,Pasay City,True,5.0
v3ps,Dairy Queen - Ayala Circuit,Ice Cream,5.0,387,Makati City,True,5.0
v3ze,brood. - North Edsa The Block,Beverages,4.6,16,Quezon City,True,4.6
v4lo,Ulam Delights - Makati,Ulam,5.0,148,Makati City,True,5.0
v4lq,Cookies by the Bucket - Highpointe,Desserts,0.0,0,Mandaluyong City,False,
v4nv,Tapsilog Avenue - Scout Gandia,Silog,4.9,849,Quezon City,True,4.9
v4qs,Moonsky & Sunny - Guadalupe,Ice Cream,5.0,532,Cebu City,True,5.0
v4sm,Jollibee - SM Center Dagupan,Fast Food,5.0,1957,Dagupan Pangasinan,True,5.0
v4t7,Gotokai - Katipunan Diner,Porridge,4.9,56,Davao City Davao Del Sur,True,4.9
v4tb,Ababu Persian Kitchen - Xavierville,Middle Eastern,5.0,2344,Quezon City,True,5.0
v4x0,Max's Corner Bakery - SM Marikina,Cakes,5.0,10,Marikina,True,5.0
v4xp,Maky's Ground Cafe,Filipino,0.0,0,Manila,False,
v4xt,Blugré Coffee - Koronadal,Coffee,5.0,207,Koronadal South Cotabato,True,5.0
v4yz,BreadTalk - Ayala Malls Cloverleaf,Sandwiches,5.0,226,Quezon City,True,5.0
v534,Giga Takoyaki - Garden Bloc,Japanese,4.9,13,Cebu City,True,4.9
v5bn,My Thai Kitchen - Estancia,Chicken,5.0,260,Pasig City,True,5.0
v5co,Sarap Bowl - Ususan,Rice Bowl,5.0,83,Taguig City,True,5.0
v5eh,"Pidong’s Batangas Lomi, Goto, at Bulalo - Cubao",Lomi,5.0,2141,Quezon City,True,5.0
v5k8,Tastes from the Greens - Makati Avenue,Milk Tea,5.0,761,Makati City,True,5.0
v5kc,Ray's Chicken - Taft,Fast Food,5.0,1638,Manila,True,5.0
v5mc,"7,107 Halo Halo Islands - F and M Lopez II Building",Halo-Halo,0.0,0,Makati City,False,
v5nc,Euro Baker Express - Matina,Bread,5.0,547,Davao City Davao Del Sur,True,5.0
v5nf,Reyes Barbecue - F Manalo,Chicken,5.0,232,San Juan,True,5.0
v5so,Jollibee - Koronadal HW DT2,Fast Food,5.0,10640,Koronadal South Cotabato,True,5.0
v5y8,Papel na Liempo - Katipunan Avenue,Snacks,0.0,0,Quezon City,False,
v5yy,Chef's Home - Santo Nino,American,4.2,253,Malolos Bulacan,True,4.2
v5zx,Minute Burger - Merville,Burgers,5.0,94,Pasay City,True,5.0
v615,Zutto Tomodachi Japanese Cuisine - Jose Abad Santos Street,Sushi,0.0,0,Davao City Davao Del Sur,False,
v65s,Marcus Cafe - Artiaga,American,5.0,212,Davao City Davao Del Sur,True,5.0
v691,Shokudo - Banawe,Japanese,4.9,34,Quezon City,True,4.9
v6bx,Obento Ko & Osaka Takoyakido - Vista Verde,Japanese,5.0,1122,Marikina,True,5.0
v6eb,Clandestine Cafe - Jacobo Street,Coffee,0.0,0,Manila,False,
v6ec,Milk Craze - Dagupan,Milk Tea,5.0,1088,Dagupan Pangasinan,True,5.0
v6ez,Oshikei - Bluementrit,Filipino,5.0,1474,Manila,True,5.0
v6gf,Omma's Kitchen - Lanang,Korean,4.9,977,Davao City Davao Del Sur,True,4.9
v6gx,SGS House of Minis - Greenhills,Western,5.0,147,San Juan,True,5.0
v6ki,Pizza Hut - Market! Market!,Pizza,5.0,2179,Taguig City,True,5.0
v6le,Cupbap Korean Foodstop - DLSU,Korean,4.9,34,Manila,True,4.9
v6mq,Tapsilogan ni Awe - Commonwealth,Filipino,5.0,4805,Quezon City,True,5.0
v6n4,Family Fried Chicken - St. Francis Square,Chicken,5.0,165,Mandaluyong City,True,5.0
v6ph,Pan De Manila - Shell Pasay,Bread,5.0,76,Pasay City,True,5.0
v6rk,Jin Joo Korean Grill - SM Aura,Korean,2.3,11,Taguig City,True,2.3
v6tg,I Love Milktea - Roosevelt Avenue,Milk Tea,5.0,174,Quezon City,True,5.0
v6vc,Fiamma Pizza & Cookie Jar - Juna,Pizza,5.0,587,Davao City Davao Del Sur,True,5.0
v6vw,Treb's Ramen House - Pilapil,Ramen,0.0,0,Pasay City,False,
v76c,We Got Cha - Ulas,Milk Tea,4.9,611,Davao City Davao Del Sur,True,4.9
v78c,Banang Express - Paco,Filipino,4.9,329,Manila,True,4.9
v7ba,Dolor's Kakanin - Cubao Branch,Filipino,5.0,353,Quezon City,True,5.0
v7cg,Kuya Bert’s Pares House - Syquia Street,Filipino,4.9,1437,Manila,True,4.9
v7ci,Mega Milk - The Outlets Pueblo Verde,Milk Tea,5.0,1044,Lapu-Lapu City Cebu,True,5.0
v7co,Lemon Stop - SM City East Ortigas,Beverages,5.0,348,Pasig City,True,5.0
v7ey,Oh Mango - Makati,Milk Tea,5.0,4891,Makati City,True,5.0
v7f1,"Mostly, Coffee - Kingspoint Subdivision",Coffee,5.0,115,Quezon City,True,5.0
v7fq,Abe - SM Megamall,Filipino,5.0,162,Mandaluyong City,True,5.0
v7hl,Coffee Tonya - Poblacion,Coffee,5.0,68,Makati City,True,5.0
v7jh,Chachago - Eco Commercial Complex,Milk Tea,5.0,1421,Malolos Bulacan,True,5.0
v7lw,Leylam - Ayala Central Bloc,Rice Dishes,5.0,581,Cebu City,True,5.0
v7mc,Gringo - Festival Mall,Rice Bowl,5.0,268,Muntinlupa City,True,5.0
v7vb,Supreme Wings - Dalupan,Chicken Wings,4.9,2038,Manila,True,4.9
v7vw,Teresa's Lutong Bahay - Ormoc City Hall,Filipino,5.0,436,Ormoc Leyte,True,5.0
v7w5,Master's JT Shawarma - Diamond Street,Middle Eastern,0.0,0,Quezon City,False,
v7wt,Sip Coffee and Tea - Piazza Elesia Commercial Arcade,Coffee,5.0,92,Cebu City,True,5.0
v7zw,Keto Filipino Bakeshop,Unknown,5.0,44,Makati City,True,5.0
v88e,Hwang Geum Seong - The Walk,Korean,5.0,230,Cebu City,True,5.0
v88g,Takotime - The Food Market @ Maysilo,Takoyaki,4.9,396,Mandaluyong City,True,4.9
v88l,Fruit Bar - North Fairview,Fruit Shake,5.0,56,Quezon City,True,5.0
v88t,Don Benito's - SSS Village,Cakes,5.0,186,Marikina,True,5.0
v8dj,Chick Chicken - Amang Rodriguez Pasig,Chicken,0.0,0,Pasig City,False,
v8hg,Premier The Samgyupsal - Malate,Korean,5.0,1654,Manila,True,5.0
v8kz,Espresso Joe - Cubao,Coffee,5.0,53,Quezon City,True,5.0
v8lj,KARAAGE MOGAMI - MAKATI,Japanese,4.9,38,Manila,True,4.9
v8mv,El Presidente of Binondo - Glorietta 4,Chinese,5.0,360,Makati City,True,5.0
v8n5,Taguig Pateros Food Services - F Manalo Street,Filipino,4.9,48,Taguig City,True,4.9
v8oh,Minute Burger - Rainforest,American,5.0,287,Pasig City,True,5.0
v8sw,Cafe De Esa - C. Raymundo,Asian,4.9,1631,Pasig City,True,4.9
v8zi,Mang Inasal - Jackman Plaza,Chicken,5.0,4350,Quezon City,True,5.0
v914,MOKS KITCHENETTE DOBLE PARES - Lilac,Filipino,4.4,183,Marikina,True,4.4
v92n,CoCo Fresh Tea & Juice - Greenhills Mall,Milk Tea,5.0,5303,San Juan,True,5.0
v934,Gal's Kitchenette,Asian,4.9,23,Dagupan Pangasinan,True,4.9
v9ai,Polland Hopia - Unimart Capitol Commons,Desserts,5.0,227,Pasig City,True,5.0
v9bj,CHIMAC Chicken & Beer - Remedios Street,Korean,5.0,212,Manila,True,5.0
v9ca,Sapporo Milktea - Tomas Morato,Milk Tea,5.0,463,Quezon City,True,5.0
v9df,Tittos Latin BBQ & Brew - Greenhills,Western,5.0,36,San Juan,True,5.0
v9gq,Mr. Sizzlogan - Lanang,Silog,0.0,0,Davao City Davao Del Sur,False,
v9gy,Jiggo's Tasty Rice Meal - Bajada,Asian,5.0,1006,Davao City Davao Del Sur,True,5.0
v9h4,Mr Brewsko - Baytree Concepcion,Milk Tea,4.8,24,Marikina,True,4.8
v9hj,Tiger Sugar - Bonifacio High Street,Milk Tea,5.0,1173,Taguig City,True,5.0
v9i4,Lobster Pot - Enriquez Street,Seafood,0.0,0,Makati City,False,
v9pq,Takoya Kiks - Sikatuna Village,Milk Tea,5.0,1577,Quezon City,True,5.0
v9u4,Mezzanine Coffee and Bar - Lahug,Coffee,5.0,101,Cebu City,True,5.0
v9vl,Oki! Chikin - Mactan Town Center,Fried Chicken,4.9,43,Lapu-Lapu City Cebu,True,4.9
v9wk,Janet's Pares House - RP Gulod,Filipino,5.0,3392,Quezon City,True,5.0
v9xp,Kenny Rogers Roasters - Ayala Center Cebu,Chicken,5.0,1396,Cebu City,True,5.0
v9yu,Bacolod Chicken Inasal - McKinley,Filipino,5.0,1831,Taguig City,True,5.0
v9zc,Prestea - Chino Roces,Milk Tea,4.9,307,Makati City,True,4.9
va01,Pomodoro Pizza - Kapitolyo,Pasta,4.9,219,Pasig City,True,4.9
va40,Bangkok Station - Taft,Thai,0.0,0,Manila,False,
vacu,Healthy Sand - Robinsons Ermita,Sandwiches,5.0,79,Manila,True,5.0
vadn,Best Bites Boneless Fried Chicken - Putatan Muntinlupa,Fried Chicken,4.4,252,Muntinlupa City,True,4.4
vaex,Eat Sulit - Makati,Chicken,4.9,380,Makati City,True,4.9
vahg,DAKS Shawarma by Boys Night Out - San Juan,Shawarma,5.0,265,San Juan,True,5.0
vahw,Pan De Manila - Rockwell Sheridan,Bread,4.9,58,Mandaluyong City,True,4.9
vame,Yanis Sizzlers & Grill - Matina Aplaya,BBQ,4.8,147,Davao City Davao Del Sur,True,4.8
vamk,PICKUP COFFEE - Avida 9th Avenue,Coffee,5.0,266,Taguig City,True,5.0
vaql,Asian Express - Parkway,Fried Chicken,0.0,0,Cebu City,False,
vatw,Choiijen Food Hub - La Verna Hills,Filipino,0.0,0,Davao City Davao Del Sur,False,
vawx,Jellicious Frappe - Parang,Milk Tea,5.0,28,Marikina,True,5.0
vb68,NEXTGEN CAFE - Mindanao Avenue,Coffee,5.0,281,Quezon City,True,5.0
vbf9,Wicked Wings - Timog Avenue,Chicken Wings,4.0,15,Quezon City,True,4.0
vbg8,Eatspresso - Llanera St,Filipino,0.0,0,Taguig City,False,
vbgr,Best Takoyaki - Ever Supermarket Santolan,Takoyaki,5.0,10,Pasig City,True,5.0
vbhe,Burger King - Shaw Boulevard Wack Wack,Burgers,5.0,3182,Mandaluyong City,True,5.0
vbia,Honey Tang - Lucky Chinatown Mall,Rice Noodles,0.0,0,Manila,False,
vbj5,Casa Crawford: Modern Mexican Kitchen - Marikina Heights,Chicken,5.0,608,Marikina,True,5.0
vbl2,Bang Bang Special Crispy Bangus - Maysilo Circle,Fish,5.0,279,Mandaluyong City,True,5.0
vbpk,Big Boss Chicken - E Rodriguez Senior Avenue,Fried Chicken,5.0,39,Quezon City,True,5.0
vbr1,Mondae Australian Yogurt - Taft Avenue,Desserts,0.0,0,Manila,False,
vbxt,Somac Korean Restaurant - Maribago,Korean,5.0,1026,Lapu-Lapu City Cebu,True,5.0
vbyf,Braddex Batchoy and Steamed Rice - Ramos,Dumpling,5.0,1180,Cebu City,True,5.0
vc1n,Scarlette's Burger Station - Mintal,Burgers,4.9,63,Davao City Davao Del Sur,True,4.9
vc61,L'Eclissi Snack Bar - City Suites Ramos Tower,Sandwiches,0.0,0,Cebu City,False,
vc7i,Oishi Ramen Bai - Cebu,Ramen,4.9,23,Cebu City,True,4.9
vc8o,Teriyaki Boy - Shaw JRU,Asian,0.0,0,Mandaluyong City,False,
vcca,Kalye Mabini PH - Longos,BBQ,5.0,78,Malolos Bulacan,True,5.0
vcga,Bibingkinitan - Riverbanks Mall,Snacks,5.0,31,Marikina,True,5.0
vcji,New Winston Hotel - Tramo,Noodles,5.0,233,Pasay City,True,5.0
vclb,Arm's Damascus Gril House - Greenwoods,Biryani,0.0,0,Pasig City,False,
vcnl,Nakamura Food Hub - South Signal,Japanese,5.0,2133,Taguig City,True,5.0
vcr0,Cookies By The Bucket - University Mall,Desserts,4.7,15,Manila,True,4.7
vcr4,Azul - Gorordo Avenue,Rice Dishes,4.7,88,Cebu City,True,4.7
vcth,Bistro Lukas,Sandwiches,4.9,68,Davao City Davao Del Sur,True,4.9
vcvh,Ongpin Express - Tutuban Center,Dim Sum,0.0,0,Manila,False,
vcyv,Oomami Ramen House - Juna Subdivision,Ramen,4.9,173,Davao City Davao Del Sur,True,4.9
vd1w,JJ's Grill Restaurant - Congressional Avenue,Filipino,5.0,73,Quezon City,True,5.0
vd4r,WRLD BBQ - Greenhills,BBQ,0.0,0,San Juan,False,
vdav,TJ Grill - Guijo,Filipino,4.9,117,Makati City,True,4.9
vdc2,Tako Express - Fort Santiago,Takoyaki,5.0,492,Quezon City,True,5.0
vdcz,KFC - Waltermart Malolos,Fast Food,5.0,6680,Malolos Bulacan,True,5.0
vddz,Mr. Liempo - Pasig,Filipino,5.0,14,Pasig City,True,5.0
vdoc,Domino's Pizza - Dagupan,Pizza,4.9,710,Dagupan Pangasinan,True,4.9
vdrp,Korean Crispy Chicken - Pasay,Chicken,0.0,0,Pasay City,False,
vdv2,Hot Mama' Pares and Silogan 24 hours - Bangkal,Silog,4.7,1290,Makati City,True,4.7
vdvv,Centria Steak House - Paseo del Congreso,Western,3.8,108,Malolos Bulacan,True,3.8
vdzs,Rapssa Dol Food and Beverage,Milk Tea,0.0,0,Makati City,False,
ve2g,Army Navy - White Plains,Unknown,5.0,308,Quezon City,True,5.0
ve7h,Cocopan - Guadalupe,Coffee,5.0,514,Makati City,True,5.0
ve95,K-Egg - West Crame,Sandwiches,4.8,37,San Juan,True,4.8
ve9z,Chatime - Shell Bukidnon,Milk Tea,5.0,117,Valencia Bukidnon,True,5.0
vef3,5.22 Smoked BBQ House - LG Garden Walk,BBQ,5.0,33,Lapu-Lapu City Cebu,True,5.0
vels,Sugar Cafe - Solariega Subdivision,Milk Tea,5.0,24,Davao City Davao Del Sur,True,5.0
vem2,J.CO Donuts & Coffee - Market Market,Donut,5.0,3469,Taguig City,True,5.0
vemo,OK2 Food Haus - Agno Street,Filipino,0.0,0,Quezon City,False,
veuf,YumYan Chicken - Little Baguio,Fried Chicken,0.0,0,San Juan,False,
vexz,Songdowon Korean Restaurant 송도원 - HK Sun Plaza,Korean,5.0,24,Pasay City,True,5.0
vey4,ChizMozza - Vista Mall Taguig,Snacks,4.9,45,Taguig City,True,4.9
vf2r,Chaofan King - UST,Silog,4.8,26,Manila,True,4.8
vf3l,Gourmet Silog - Oroquieta Street,Silog,4.9,177,Manila,True,4.9
vf6b,MC Tea - Cm Recto Street,Beverages,0.0,0,Davao City Davao Del Sur,False,
vf9r,Starbucks - Blue Bay Walk,Coffee,5.0,3757,Pasay City,True,5.0
vfax,SOUP PH Samgyupsal x Hotpot - Tunasan,BBQ,0.0,0,Muntinlupa City,False,
vff9,Kafih,Rice Bowl,5.0,20,Davao City Davao Del Sur,True,5.0
vfi7,Hachinoya Udon x Tempura - Espanya Boulevard,Japanese,5.0,11,Manila,True,5.0
vfim,Tokyo Tempura - SM Manila,Japanese,5.0,75,Manila,True,5.0
vfra,The Daily Detox - SM City Marikina,Beverages,0.0,0,Marikina,False,
vfw4,The Green Menu - Fairview,Healthy,5.0,177,Quezon City,True,5.0
vfwv,Highlands Coffee - Cebu Pacific,Coffee,5.0,111,Pasay City,True,5.0
vg1w,Ramyun St. - Cebu City,Fast Food,0.0,0,Cebu City,False,
vg26,Rice Rocket - Katipunan Avenue,Asian,5.0,479,Quezon City,True,5.0
vgeu,Java u Cafe - E Rodriguez Sr Ave,Filipino,5.0,498,Quezon City,True,5.0
vggg,Chica's Bagnet Express - RFA,Liempo,0.0,0,San Juan,False,
vgh7,Happy Shawarma - Gaisano Country Mall,Shawarma,4.9,50,Cebu City,True,4.9
vgi8,Biggy Buggy - Germer Building,Burgers,4.9,85,Mandaluyong City,True,4.9
vgiy,Timplang Pinoy: Filipino Eats - Quezon Avenue,Filipino,0.0,0,Quezon City,False,
vgl2,Cream Puff by Juancho's - Novaliches,Desserts,0.0,0,Quezon City,False,
vgl5,SEA-KEN Wings and Seafood Unlimited Restaurant - Pajac-Maribago Rd,Fried Chicken,4.9,110,Lapu-Lapu City Cebu,True,4.9
vgow,99 Peso Sulit Chicken - Marikina Heights,Chicken,5.0,5242,Marikina,True,5.0
vgw8,Fat Daddy - BGC,Chicken,4.9,18,Taguig City,True,4.9
vh0g,Lemon Square Bakery Treats - Dela Fuente Sampaloc,Cakes,5.0,2031,Manila,True,5.0
vh2d,Sicilian Roast - Legaspi Village,Pizza,4.9,197,Makati City,True,4.9
vh34,Lemonest - IL Corso,Healthy,0.0,0,Cebu City,False,
vh4z,House of Puto Bao - Santa Elvira Street,Snacks,5.0,83,Pasig City,True,5.0
vh7f,Taters - Gaisano Mall of Digos,Snacks,5.0,77,Davao City Davao Del Sur,True,5.0
vhhq,Kibs Dimsum Guadalupe,Chinese,5.0,582,Cebu City,True,5.0
vhhq,KIBS Dimsum - Mango Square,Chinese,5.0,579,Cebu City,True,5.0
vhjw,Candy Corner - Alabang Town Center,Desserts,0.0,0,Muntinlupa City,False,
vhkm,Casa Crawford: Modern Mexican Kitchen - BGC,Rice Bowl,4.9,434,Taguig City,True,4.9
vho0,Smashing Lemons - SM East Ortigas,Beverages,0.0,0,Pasig City,False,
vhqh,Kink Cakes - Commonwealth,Cakes,5.0,26,Quezon City,True,5.0
vhsv,Popo's Coffee - Nova Tierra,Coffee,0.0,0,Davao City Davao Del Sur,False,
vht4,Overcold - Balmores Street,Ice Cream,5.0,30,Koronadal South Cotabato,True,5.0
vhy9,Pastry Bucket,Chicken,0.0,0,Taguig City,False,
vi0w,Blessed Bhiestro - Manila,Italian,5.0,614,Manila,True,5.0
vi88,Amney Cafe - Big Bang Park,Snacks,0.0,0,Davao City Davao Del Sur,False,
vi8l,Pink's Burgers and Hotdogs - Alabang,American,4.9,24,Muntinlupa City,True,4.9
vi8y,24 Chicken - Gil Fernando Avenue,Fried Chicken,5.0,7150,Marikina,True,5.0
vi9x,Earl of Sandwich - SM City Seaside Cebu,Sandwiches,5.0,132,Cebu City,True,5.0
vifs,TAKOYATEA BY JOEL CRUZ - Koronadal City,Japanese,0.0,0,Koronadal South Cotabato,False,
vih5,Pipay's Snack House - Talomo,Snacks,0.0,0,Davao City Davao Del Sur,False,
vivu,Affinity Tabletop Cafe - Soldiers Hills Village,Coffee,5.0,16,Muntinlupa City,True,5.0
vj36,24/7 Wings - BGC,Chicken Wings,4.9,532,Taguig City,True,4.9
vj42,Brewing Point Neighborhood Cafe - Congressional Avenue,American,5.0,1006,Quezon City,True,5.0
vjdr,Kobi Bayan 24/7 - Cubao,Ulam,5.0,214,Quezon City,True,5.0
vjdu,Doña Merci Halo-Halo Atbp.,Desserts,4.9,118,Mandaluyong City,True,4.9
vjee,Turks - Vista Mall Taguig,Shawarma,5.0,111,Taguig City,True,5.0
vjmm,Cole's Cansi - Labangon,Ulam,5.0,120,Cebu City,True,5.0
vjrv,George and Onnie's (Little Flour) Filipino Restaurant - Ayala Triangle Gardens,Filipino,0.0,0,Makati City,False,
vk22,Balai Bagnet Food Hub,Filipino,0.0,0,Muntinlupa City,False,
vk5r,Panda Candy Sticks,Ice Cream,4.9,48,Manila,True,4.9
vk9p,Bober Tea - Banawe Terraces,Milk Tea,5.0,482,Quezon City,True,5.0
vke0,Dencio's - Malate,Filipino,4.4,40,Manila,True,4.4
vkgk,Bubble Black Milk Tea - Bangkal,Milk Tea,5.0,688,Davao City Davao Del Sur,True,5.0
vki1,Caliver's Corner - Dian Street,Asian,0.0,0,Makati City,False,
vkoj,AMS HaloHalo & Sisigan - PalmaGil,Sisig,5.0,163,Davao City Davao Del Sur,True,5.0
vktf,Chroma Cafe - Gil Fernando Avenue,Coffee,0.0,0,Marikina,False,
vl4n,Sukiya - Megamall,Japanese,5.0,70,Mandaluyong City,True,5.0
vl6c,Equapan Bread & Pastry House - Labangon,Snacks,0.0,0,Cebu City,False,
vld2,Dairy Queen - Ayala Marikina Heights,Ice Cream,5.0,42,Marikina,True,5.0
vlh4,Kurot Aperitivos Food Services - Calhoun Street,Unknown,0.0,0,Makati City,False,
vlh8,Samgyup On The Go - Scout Ybardolaza,Korean,4.7,128,Quezon City,True,4.7
vlnu,CookPub - Island Central,Fried Chicken,4.9,28,Lapu-Lapu City Cebu,True,4.9
vlop,Tassa - San Andres Bukid,Filipino,5.0,53,Manila,True,5.0
vlr8,Tok's Bulalo - Commonwealth,Filipino,5.0,148,Quezon City,True,5.0
vlyi,Kusina ni Clint,Ulam,0.0,0,Davao City Davao Del Sur,False,
vlyj,The Coffee Bean & Tea Leaf - Robinsons Pangasinan,Coffee,4.8,311,Dagupan Pangasinan,True,4.8
vm5c,Pan De Manila - Anita,Bread,4.9,158,Quezon City,True,4.9
vm9h,Tugang Cafe - Camia Street,Coffee,0.0,0,Taguig City,False,
vmh3,Daily Dose Coffee Bar - Maa,Coffee,5.0,11,Davao City Davao Del Sur,True,5.0
vmhk,Tien Ma's - Waltermart North Edsa,Chinese,5.0,51,Quezon City,True,5.0
vmsy,Glazing Grace,Desserts,0.0,0,Manila,False,
vmvu,Mang Tomas Ganado Express by Cloudeats - BGC,Rice Bowl,4.8,22,Taguig City,True,4.8
vn0a,Taters - Festival Mall,Snacks,5.0,55,Muntinlupa City,True,5.0
vn2u,Abaca Eats - Base Line Center,Rice Bowl,4.9,12,Cebu City,True,4.9
vn3p,Hoshino Coffee - Greenhills,Coffee,0.0,0,San Juan,False,
vn49,Koomi - SM City Cebu,Beverages,5.0,278,Cebu City,True,5.0
vn64,CRM Creamy Delights - Pinyahan Quezon City,Desserts,0.0,0,Quezon City,False,
vn7b,Dash Espresso - Dollar St Novaliches,Coffee,0.0,0,Quezon City,False,
vn8m,D'King Samgyupsal - Dakila,Japanese,5.0,88,Malolos Bulacan,True,5.0
vnai,Daby’s Lomi Haus - Barangka Marikina,Filipino,4.7,281,Marikina,True,4.7
vnel,Pan De Manila - Princeton Square,Bread,5.0,148,Pasig City,True,5.0
vnfr,Ya Kun Kaya Toast - Ayala Tower One,Bread,4.8,40,Makati City,True,4.8
vnw8,Bangkok Station - Makati,Thai,5.0,71,Makati City,True,5.0
vnwg,Tenya Tempura Tendon - Glorietta 2,Japanese,4.9,266,Makati City,True,4.9
vo9f,Sweet Myni Cake Shop,Unknown,0.0,0,Quezon City,False,
vo9p,Rain's Kitchenette,Filipino,0.0,0,Marikina,False,
voop,JIPAI Taiwan Fried Chicken - Pardo,Chicken,3.9,13,Cebu City,True,3.9
voqe,Bulalo World Express - Estrada St. Malate,Bulalo,4.9,147,Manila,True,4.9
vorp,Mario's Kansi - Sugbo Mercado,Rice Dishes,4.9,19,Cebu City,True,4.9
vozm,Mangan - Robinsons Place Manila,Filipino,4.8,402,Manila,True,4.8
vp18,Hard Rock Cafe - Glorietta,American,0.0,0,Makati City,False,
vp2n,F28 Boneless Chicken & Pizza,Asian,0.0,0,Makati City,False,
vp66,Tikim Takam - MOA,Filipino,4.8,87,Pasay City,True,4.8
vp7o,J & A Silog - Zamora,Milk Tea,4.4,21,Dagupan Pangasinan,True,4.4
vp9b,Majestic Restaurant - SM Consolacion,Chinese,5.0,233,Cebu City,True,5.0
vpa1,Dadas Litson - Gate 3,Filipino,0.0,0,Taguig City,False,
vpdh,Coffee First - Meridian Kasambagan,Coffee,4.8,12,Cebu City,True,4.8
vpes,Royalty Milktea Shakes and Smoothies - Laon Laan Street,Milk Tea,4.7,127,Manila,True,4.7
vpj5,Beverage Central PH - Quezon City,Coffee,5.0,166,Quezon City,True,5.0
vplm,Moreno Pizza,Italian,0.0,0,Lapu-Lapu City Cebu,False,
vpo8,Brown Sugar King Food and Beverage Store - V Luna Extension,Beverages,0.0,0,Quezon City,False,
vpuj,Greysons Dimsum and Noodle House - JP Rizal,Chinese,5.0,225,Marikina,True,5.0
vpwl,Kalye MarEATes Cafe,Desserts,0.0,0,Manila,False,
vpy6,Juan Cafe - Venus Street,Beverages,0.0,0,Quezon City,False,
vpyn,The Kitchen Hideout - Panasahan,Filipino,4.8,363,Malolos Bulacan,True,4.8
vpzm,Chooks to Go - Kenneth Road Pasig,Chicken,0.0,0,Pasig City,False,
vq59,K-Egg - CLM Dormitory,Sandwiches,0.0,0,Cebu City,False,
vq9l,Basil' Pizza and Pasta - Jetti Business Center,Pizza,0.0,0,Pasay City,False,
vqbn,24/7 Super Healthy - Ortigas,Rice Bowl,0.0,0,Mandaluyong City,False,
vqe6,BBQ Nation - Gaisano Grand Citygate,BBQ,0.0,0,Davao City Davao Del Sur,False,
vqru,Angry Octopus Authentic Takoyaki,Japanese,0.0,0,Taguig City,False,
vr1c,Sidewalk + Coffee - Espana Boulevard,Coffee,0.0,0,Manila,False,
vr5n,Tapsi and Tipsy Restaurant - Santol Street,Filipino,4.9,752,Makati City,True,4.9
vrcs,"Baked Sushi, Wings, Pizzeria & Cakes By Flavours",Pasta,4.7,41,Manila,True,4.7
vrcs,Flavours - Biak na Bato,Pasta,4.7,41,Manila,True,4.7
vrcy,Modern Shanghai - Estancia,Chinese,0.0,0,Pasig City,False,
vrd6,Thai Mango By Chef Kim - Marikina,Thai,5.0,577,Marikina,True,5.0
vrml,Pizzaderia - Calatagan Makati,Pizza,5.0,527,Makati City,True,5.0
vrns,Tori Kraze - Malolos,Japanese,5.0,449,Malolos Bulacan,True,5.0
vrtw,Chooks To Go - Unimart Supermarket,Chicken,5.0,161,San Juan,True,5.0
vrys,Bowlsome Healthy Bowls - Salcedo,Rice Bowl,5.0,1076,Makati City,True,5.0
vs47,Chickpoint Lechon Manok & Liempo House - Kapundok,Lechon,0.0,0,Davao City Davao Del Sur,False,
vs6g,Urzy Seafood and Grill - Poblacion,Ulam,0.0,0,Davao City Davao Del Sur,False,
vs6h,Taverne Cafe - Koronadal,Pasta,0.0,0,Koronadal South Cotabato,False,
vsdr,Yang Hero - Parkmall,Filipino,5.0,39,Cebu City,True,5.0
vsem,Milksha - SM North EDSA,Milk Tea,5.0,27,Quezon City,True,5.0
vsfm,Chansel Pizza Haus - Lianas Supermarket T. Molina,Pizza,5.0,278,Muntinlupa City,True,5.0
vsgg,Dairy Queen - River Banks,Ice Cream,5.0,146,Marikina,True,5.0
vsi1,Abuelo's - Catalunan Grande,Filipino,4.9,77,Davao City Davao Del Sur,True,4.9
vskh,The Crave Point - Tandang Sora,Milk Tea,4.9,500,Quezon City,True,4.9
vsle,Happy Tumtum Dessert House - Mactan Airport Road,Cakes,5.0,26,Lapu-Lapu City Cebu,True,5.0
vsmb,Pawmily House Cafe - Project 6,Beverages,0.0,0,Quezon City,False,
vsqr,Hyderabad Dine In - Sugbo Mercado,Indian,4.1,89,Cebu City,True,4.1
vste,Yaki Yaki - R Square Mall,Japanese,5.0,595,Manila,True,5.0
vt0e,Buglas Isla Cafe - Westgate,Filipino,0.0,0,Muntinlupa City,False,
vt23,Al Dente's Pizza and Pasta - Quezon City,Pizza,0.0,0,Quezon City,False,
vt7p,R Sizzling - Bungahan,Filipino,0.0,0,Malolos Bulacan,False,
vt90,Pizzeria Michelangelo - Paseo Saturnino,Pizza,5.0,76,Cebu City,True,5.0
vta3,Take Me Out by Novotel - Novotel Manila Araneta City,Rice Bowl,4.9,203,Quezon City,True,4.9
vtb0,Alberto's Pizza - Valencia,Pizza,5.0,1186,Valencia Bukidnon,True,5.0
vtcl,Kuya Dom's Lechon Manok - Sto. Niño St.,Lechon,5.0,203,Quezon City,True,5.0
vtdu,Pan De Manila - Skyrise 1,Bread,5.0,52,Cebu City,True,5.0
vthh,Bulalo World - Bagong Ilog C5,Soups,5.0,819,Pasig City,True,5.0
vtjv,Donut Park - Concepcion Uno Marikina,Donut,4.7,16,Marikina,True,4.7
vtlh,Amberlyns Cafe - 120 Maginhawa Street,Filipino,0.0,0,Quezon City,False,
vtsj,Mr. and Mrs. C-log Tapsilogan - Mactan Town Center,Filipino,5.0,26,Lapu-Lapu City Cebu,True,5.0
vu09,"Oliver""s Coffee - Meralco Avenue",Coffee,0.0,0,Pasig City,False,
vu2i,New Davao Famous - SM Lanang Premier,Noodles,5.0,497,Davao City Davao Del Sur,True,5.0
vu7c,Paotsin - R Square Mall,Dumpling,5.0,591,Manila,True,5.0
vu7m,Carmelo's Food and Beverage House - Abreu Street,Beverages,0.0,0,Manila,False,
vuhe,Coffee Buddy - Don A Roces Avenue,Coffee,5.0,1220,Quezon City,True,5.0
vujs,Balai Pandesal - Bayan-Bayanan Avenue,Healthy,5.0,371,Marikina,True,5.0
vunz,Delish Deli - 1 Nito Tower,Fried Chicken,4.7,40,Cebu City,True,4.7
vuoc,BERWINGS UNLIMITED,Chicken,0.0,0,Quezon City,False,
vuqu,Pocofino - Gateway Mall,Coffee,0.0,0,Quezon City,False,
vur5,Winky Cafe - Bangbang Road II,Snacks,0.0,0,Lapu-Lapu City Cebu,False,
vut0,Dōtonbori Ramen - Streetscape Mall,Ramen,5.0,126,Cebu City,True,5.0
vut4,TORIGIN - KABUKI FOOD DECK,Filipino,0.0,0,Makati City,False,
vuth,Yamyum Thai Kitchen - Gensan Drive,Snacks,0.0,0,Koronadal South Cotabato,False,
vuvi,Din Tai Fung - Alabang Town Center,Chinese,5.0,76,Muntinlupa City,True,5.0
vuwg,Firepig Cafe - Grand Emerald Tower,Silog,0.0,0,Pasig City,False,
vvc1,Taste Brew - Daisy Street,Coffee,0.0,0,Quezon City,False,
vvfx,SB KMART,Ramen,0.0,0,Cebu City,False,
vvgs,Speedy Meals - Poblacion,Asian,4.9,31,Davao City Davao Del Sur,True,4.9
vvl7,Nine Fresh - Landmark Alabang,Desserts,5.0,55,Muntinlupa City,True,5.0
vvle,Gohan Tei - Timog Avenue,Japanese,4.8,246,Quezon City,True,4.8
vvpb,Sinugklaw sa Sugbu - Gorordo Avenue,Filipino,5.0,896,Cebu City,True,5.0
vvsh,32 Italian Deli and Kitchen - The Promenade Mactan,Pizza,4.9,94,Lapu-Lapu City Cebu,True,4.9
vvxk,Quickly - UP Town Center by Ayala Malls,Milk Tea,5.0,172,Quezon City,True,5.0
vvye,Sarap Bowl - Pitpitan Street,Rice Bowl,4.9,31,Marikina,True,4.9
vw0o,Shawarma Shack - Gaisano Mall Valencia,Shawarma,4.9,165,Valencia Bukidnon,True,4.9
vw2r,Fei Mui Premium Roasts - Santo Domingo,Chinese,4.9,72,Quezon City,True,4.9
vw2v,"SANRISE: Lutong Bahay, Bulalohan, Tapsihan atbp - Central Signal Village",Filipino,0.0,0,Taguig City,False,
vw45,Jenny Food House - A De Leon Street,Beverages,0.0,0,Marikina,False,
vwdh,Bao Bao Milk Tea - Maginhawa,Milk Tea,4.9,177,Quezon City,True,4.9
vwhy,Jepoy's Restaurant - Edison St Makati,Filipino,0.0,0,Makati City,False,
vww4,Lechoneria - SM Mall of Asia,Filipino,4.8,40,Pasay City,True,4.8
vwwr,Max's Corner Bakery - Hampton,Cakes,5.0,157,Pasig City,True,5.0
vwxn,Little Quiapo - Quezon City,Filipino,5.0,508,Quezon City,True,5.0
vx3s,Matcha Bliss Cafe - Lapu Lapu,Coffee,5.0,10,Lapu-Lapu City Cebu,True,5.0
vxf8,Cafe France X Congo Grille - Unimart Greenhills,Japanese,4.9,138,San Juan,True,4.9
vxlm,Chix R Us - Alabang Zapote Road,Chicken,3.7,45,Muntinlupa City,True,3.7
vxna,Tiktilaok! - Shangs Island Town Center,Chicken,5.0,211,Lapu-Lapu City Cebu,True,5.0
vxso,Crisostomo - One Ayala,Rice Bowl,0.0,0,Makati City,False,
vxtz,Grifoni's - BGC,Pizza,5.0,38,Taguig City,True,5.0
vy2f,FoodLab by Chikaan - Banilad,Asian,5.0,1429,Cebu City,True,5.0
vy5h,Master Siomai - N.Domingo San Juan,Siomai,5.0,49,San Juan,True,5.0
vy8v,Heaven's Barbeque - Gyud Food,BBQ,0.0,0,Quezon City,False,
vym1,Turks - Landmark Alabang,Shawarma,5.0,11,Muntinlupa City,True,5.0
vyql,Bulgogi Garden - Kalayaan Avenue,Korean,5.0,120,Quezon City,True,5.0
vys8,EggCited.Ph - Filmore Street,Sandwiches,4.8,58,Makati City,True,4.8
vyzj,Narra Eatery - The CityFlats Amorsolo,Rice Dishes,4.6,52,Makati City,True,4.6
vz9d,Maangchi Korean Food - Tulip Drive,Fried Chicken,0.0,0,Davao City Davao Del Sur,False,
vziw,Din Tai Fung - Mall of Asia,Asian,5.0,265,Pasay City,True,5.0
vzwi,Go Bento - Santa Ana,Japanese,5.0,379,Manila,True,5.0
vzxq,Timplang Pinoy: Filipino Eats - Quirino Highway,Filipino,4.9,131,Quezon City,True,4.9
vzyq,MiPanda Milktea Hub - Puregold Libertad,Milk Tea,5.0,146,Pasay City,True,5.0
vzzo,Moonplate Grill and Resto - Poblacion,Ulam,4.9,44,Koronadal South Cotabato,True,4.9
w05h,Kape Godofredo - Malolos,Coffee,4.9,18,Malolos Bulacan,True,4.9
w0ax,Hangout Resto - Malolos,Filipino,0.0,0,Malolos Bulacan,False,
w0bz,Bills Lounge,Ulam,0.0,0,Quezon City,False,
w0dg,Casa Daza Empanada - Robinsons Place Manila,Chicken,5.0,323,Manila,True,5.0
w0et,Oishi Ramen Bai - Mactan,Ramen,0.0,0,Lapu-Lapu City Cebu,False,
w0hd,Burrow - Tsai Hotel,Chicken Wings,5.0,180,Cebu City,True,5.0
w0jt,Cobo Tea - Lazcano,Milk Tea,5.0,1494,Quezon City,True,5.0
w0ll,Chacha Binalot - Putatan Muntinlupa,Filipino,5.0,2479,Muntinlupa City,True,5.0
w0ws,Cha Tuk Chak - City Soho Mall,Milk Tea,5.0,1353,Cebu City,True,5.0
w14c,Pizza Factory - Quezon City,Pizza,0.0,0,Quezon City,False,
w15f,Jenny Ramen House - Bayan Bayanan Avenue,Japanese,5.0,10,Marikina,True,5.0
w15u,Mabini BBQ Haus - Deca Tacunan,BBQ,0.0,0,Davao City Davao Del Sur,False,
w1bl,Samir by Cocina De Alonso,Unknown,0.0,0,Quezon City,False,
w1bo,Chikaan sa Cebu - Pueblo Verde,Filipino,5.0,377,Lapu-Lapu City Cebu,True,5.0
w1cn,Tapa King - Avida Tower,Filipino,5.0,2159,Manila,True,5.0
w1fx,Fruitas & De Original Jamaican Pattie Shop and Juice Bar - MCF Lifestyle Hub,Fruit Shake,5.0,275,Malolos Bulacan,True,5.0
w1gl,Crunch Time - Cabaguio,Fried Chicken,5.0,2212,Davao City Davao Del Sur,True,5.0
w1lr,ARIELAPARICIO 0207 FOOD HUB,Chicken,0.0,0,Quezon City,False,
w1mh,Floating Island Restaurant - Ayala North Exchange,Filipino,4.9,166,Makati City,True,4.9
w1of,Hap Chan - Pearl Drive Commercial Center,Chinese,4.9,49,Quezon City,True,4.9
w1os,Waterfront - Insular Hotel Davao,Pizza,4.9,193,Davao City Davao Del Sur,True,4.9
w1py,La Mensa - Westgate,Italian,0.0,0,Muntinlupa City,False,
w1qn,Yummy Brew Blend,Milk Tea,0.0,0,Muntinlupa City,False,
w1qt,Coffeepages - Sampaloc Manila,Coffee,0.0,0,Manila,False,
w1rc,Gumbo - SM Megamall,American,4.9,71,Mandaluyong City,True,4.9
w1vu,Mexi-ko: Fil-Mex Kitchen  - Pasay,Asian,5.0,144,Pasay City,True,5.0
w1yq,Wright Wings - Scape,Chicken Wings,5.0,113,Pasay City,True,5.0
w22a,Seoul Delightful -  Shaw Boulevard,Rice Bowl,4.5,10,Mandaluyong City,True,4.5
w249,Mango Royal Milkshake - Barangay Cogon Pardo,Fruit Shake,5.0,372,Cebu City,True,5.0
w284,Elait! - DM Rivera Street,Ice Cream,4.9,21,Makati City,True,4.9
w28y,Mister Donut - SM Southmall,Donut,5.0,20,Muntinlupa City,True,5.0
w2bi,Louie's Buko - Makati,Fruit Shake,5.0,48,Makati City,True,5.0
w2bx,Bubble Bee - Escario,Milk Tea,5.0,480,Cebu City,True,5.0
w2by,Cali Pizza - Tomas Morato,Pizza,4.9,1319,Quezon City,True,4.9
w2fg,Super Sogbu - Concepcion,Filipino,4.9,2027,Marikina,True,4.9
w2gn,Food And Refreshment Hub Gamby's Kitchen - Sancho  Panza,Silog,5.0,347,Manila,True,5.0
w2gs,Jollypaz Snack House - Quirino Ave,Filipino,4.0,36,Davao City Davao Del Sur,True,4.0
w2i9,"Potato Giant, Pioneer Centre",Fast Food,5.0,13,Pasig City,True,5.0
w2iz,Kusina ni Manay - Talomo,Filipino,5.0,1117,Davao City Davao Del Sur,True,5.0
w2k1,Potato Corner - Waltermart West Muntinlupa,Fries,5.0,51,Muntinlupa City,True,5.0
w2mh,Mommy's Dine Food House - Timog Food Plaza,Filipino,4.9,5091,Quezon City,True,4.9
w2np,Rjay's Sinuglawan - San Pedro,Filipino,4.9,466,Davao City Davao Del Sur,True,4.9
w2o1,Shake & Drake - Bonifacio,Fried Chicken,0.0,0,Davao City Davao Del Sur,False,
w2pg,Bulgogi Brothers - Newport Mall,Korean,0.0,0,Pasay City,False,
w2pr,Zagu - Victory Mall Pasay,Beverages,5.0,77,Pasay City,True,5.0
w2tf,Jinyu Taiwan Tea - Robinsons Cybergate,Beverages,5.0,200,Mandaluyong City,True,5.0
w2xn,Nanyang - Ayala North Exchange,Chicken,5.0,1400,Makati City,True,5.0
w30z,Alberto's Pizza - Talamban,Pizza,5.0,2026,Cebu City,True,5.0
w341,Mang Cesar - Holy Spirit Branch,Filipino,0.0,0,Quezon City,False,
w34w,Shawarma Shack - Gate 3,Shawarma,4.9,412,Taguig City,True,4.9
w352,Sugarbee -  Glorietta 3 Ayala Center,Cakes,0.0,0,Makati City,False,
w355,T.F.F - Tarsier Fried Food - Farmers Plaza,Fast Food,4.9,45,Quezon City,True,4.9
w39f,Ling Nam Fried Siopao - Malamig,Snacks,0.0,0,Mandaluyong City,False,
w3ay,Chon Bean Cafe,Beverages,4.9,20,Davao City Davao Del Sur,True,4.9
w3ce,Daegu Chicken - 88th Avenue,Chicken Wings,5.0,46,Cebu City,True,5.0
w3dd,Red Ribbon - Comembo,Cakes,5.0,1160,Makati City,True,5.0
w3hl,Duo Brew - Constabulary Road,Filipino,0.0,0,Quezon City,False,
w3jn,Best Fried Noodles - Robisons Galleria Cebu,Pasta,0.0,0,Cebu City,False,
w3kv,Gotobox - Gil Fernando Ave.,Filipino,5.0,2860,Marikina,True,5.0
w3mr,Chili's - SM Mall of Asia,American,5.0,97,Pasay City,True,5.0
w3pf,Super Mom's Pizza - Maceda Street,Pizza,4.9,763,Manila,True,4.9
w3sf,Mojo King Express - Madre Ignacia Street,Filipino,4.9,835,Manila,True,4.9
w3uf,Kaya Korean Restaurant - Westgate Center,Korean,5.0,317,Muntinlupa City,True,5.0
w3w0,DailyBest Kitchen & Cafe - PITX,Filipino,0.0,0,Pasay City,False,
w3yg,Steve's Lechon Baka - Ormoc,Filipino,4.8,25,Ormoc Leyte,True,4.8
w40w,Avocadoria.ph - Robinsons Magnolia,Desserts,5.0,11,Quezon City,True,5.0
w43k,Hungry Chow,Asian,0.0,0,Mandaluyong City,False,
w459,Pizza and Milktea - Bonifacio,Pizza,4.1,55,Davao City Davao Del Sur,True,4.1
w46x,Tiger Sugar - Abreeza Mall Davao,Milk Tea,5.0,440,Davao City Davao Del Sur,True,5.0
w4dm,S.A.L.O. - SM City Lanang Premiere,Filipino,5.0,120,Davao City Davao Del Sur,True,5.0
w4fz,Johnn Lemon - SM City Manila,Beverages,5.0,85,Manila,True,5.0
w4h7,Wendy's - Estrellita,American,5.0,370,Muntinlupa City,True,5.0
w4kq,Fiesta To Go - Shaw Boulevard,Filipino,4.9,178,San Juan,True,4.9
w4lt,Taho Story - SM City Manila,Filipino,0.0,0,Manila,False,
w4ot,Cocovana - Arellano Avenue,Fruit Shake,5.0,939,Manila,True,5.0
w4pt,Thaiwadee - SM City Fairview,Thai,0.0,0,Quezon City,False,
w4vp,Chaboba PH - Marikina Heights,Milk Tea,5.0,894,Marikina,True,5.0
w51h,Taters - SM Seaside Bowling,Snacks,5.0,63,Cebu City,True,5.0
w52r,Hankki Korean Diner,Korean,0.0,0,Davao City Davao Del Sur,False,
w56f,Happy Cup - Arca South,Milk Tea,4.8,109,Taguig City,True,4.8
w57n,Tambay Food House - Bonifacio,Fried Chicken,0.0,0,Davao City Davao Del Sur,False,
w5dk,Alhambra Fiesta Paella - Scout Rallos Street,Filipino,0.0,0,Quezon City,False,
w5ee,The Medhub Cafe - T.N. Pepito Street,Cakes,4.9,56,Valencia Bukidnon,True,4.9
w5ms,Grateatude - QC San Juan,Milk Tea,5.0,417,San Juan,True,5.0
w5ux,Hanako - Promenade Greenhills,Japanese,4.9,322,San Juan,True,4.9
w5zo,Red Ribbon - SM Megamall,Cakes,5.0,716,Mandaluyong City,True,5.0
w61a,Koomi - Festival Mall,Beverages,5.0,423,Muntinlupa City,True,5.0
w68o,Cafe Mary Grace - Trinoma,Cakes,5.0,151,Quezon City,True,5.0
w6af,Mr. & Mrs. Bar-B-Q - The Persimmon Plus,Filipino,5.0,4833,Cebu City,True,5.0
w6bf,Sisig Station - Puregold Kalentong,Sisig,5.0,114,Manila,True,5.0
w6ce,Thinoi Thai Fusion - Malolos,Thai,5.0,1023,Malolos Bulacan,True,5.0
w6hc,Gong Cha - SM San Lazaro,Milk Tea,5.0,901,Manila,True,5.0
w6ji,Takam Chan - Pasay,Filipino,4.7,1262,Pasay City,True,4.7
w6lb,Leylam - Gaisano Citygate Buhangin,Rice Dishes,5.0,438,Davao City Davao Del Sur,True,5.0
w6m4,Tori Kraze - Putatan,Chicken,0.0,0,Muntinlupa City,False,
w6o8,Captain Patrick’s Pizza - San Andres,Filipino,0.0,0,Manila,False,
w6py,The Coffee Table - Poblacion,Coffee,4.9,87,Koronadal South Cotabato,True,4.9
w6t9,D' Original Pares - Marcos Highway,Filipino,5.0,1374,Marikina,True,5.0
w6uc,Ramen Nagi - Robinsons Galleria,Ramen,4.9,61,Pasig City,True,4.9
w6xi,Fireplace Burgers and Ribs -  The Corner Market Food Hall,American,4.9,27,Mandaluyong City,True,4.9
w70w,Taho Story - SM Center Muntinlupa,Filipino,0.0,0,Muntinlupa City,False,
w722,Asian Markt,Asian,0.0,0,Manila,False,
w77c,RedHouse Hotpot - Estancia Mall,Seafood,0.0,0,Pasig City,False,
w7ao,Bakmi Nyonya - PSE Tower,Cakes,5.0,501,Taguig City,True,5.0
w7cu,Infinitea  - Damosa Lanang,Milk Tea,5.0,1893,Davao City Davao Del Sur,True,5.0
w7dm,Suki Gyouza - Ayala Malls Cloverleaf,Filipino,5.0,164,Quezon City,True,5.0
w7ee,Zark's Burgers - SM North Main,American,5.0,473,Quezon City,True,5.0
w7hg,Eatsider - Artiaga,American,4.9,847,Davao City Davao Del Sur,True,4.9
w7kh,Yayoi - SM North EDSA,Sushi,5.0,105,Quezon City,True,5.0
w7l9,PHAT PHO in AbacaEats - Base Line Center,Rice Noodles,0.0,0,Cebu City,False,
w7mo,Jelly G Thai Milk Tea - UP Town Center,Milk Tea,4.3,49,Quezon City,True,4.3
w7ol,Olivia's Pizzeria - AB Fernandez,Pizza,4.9,181,Dagupan Pangasinan,True,4.9
w7rs,Shawarma Shack - Starmall Shaw,Shawarma,4.9,1095,Mandaluyong City,True,4.9
w7sp,Kuya J Restaurant - SM Megamall,Filipino,4.7,813,Mandaluyong City,True,4.7
w7u2,Mongolian Quickbox - Waltermart Makati,Asian,4.9,43,Makati City,True,4.9
w7u2,Mongolian Quickbox - Makati,Asian,0.0,0,Makati City,False,
w7x6,Tasty & Healthy Bowls - Bayan-Bayanan Marikina,Filipino,0.0,0,Marikina,False,
w7y7,Mukbang 99 Store,Ramen,4.6,13,Cebu City,True,4.6
w7yf,BBQ Chicken - Newport,Fried Chicken,5.0,225,Pasay City,True,5.0
w80k,Masarap Kimbop - Gaisano Country Mall,Korean,5.0,389,Cebu City,True,5.0
w86s,"Diner Daddy: Burgers, Chicken, and More - Quezon Avenue",Burgers,0.0,0,Quezon City,False,
w8aq,Pasugba - Torres,Filipino,5.0,1494,Davao City Davao Del Sur,True,5.0
w8bc,Libertea Milktea - Vista Mall Taguig,Milk Tea,4.9,298,Taguig City,True,4.9
w8c6,Kumokuro Ramens - E Rodriquez,Japanese,4.9,331,Quezon City,True,4.9
w8ce,Winsum Sushi - Mayon Street,Sushi,4.9,1882,Quezon City,True,4.9
w8dl,Tuding's - Poblacion Muntinlupa,Filipino,5.0,542,Muntinlupa City,True,5.0
w8dw,Rice Rocket - Shaw Boulevard,Asian,5.0,356,Mandaluyong City,True,5.0
w8gy,Jamba - Kapitolyo,Beverages,5.0,348,Pasig City,True,5.0
w8js,Hang Out Resto And Cafe - De Guzman Street,Asian,4.8,255,Davao City Davao Del Sur,True,4.8
w8mi,D-Kuc's Bulaloan sa Times Beach - Times Beach,Filipino,4.9,150,Davao City Davao Del Sur,True,4.9
w8mu,Murakami - Pasay,Japanese,4.9,126,Pasay City,True,4.9
w8pz,Persaro's Cafe - Julia Vargas,Coffee,4.6,85,Pasig City,True,4.6
w8rg,Tiger Sugar - SM Megamall,Milk Tea,5.0,747,Mandaluyong City,True,5.0
w8s9,Beef Street Burgers - Maginhawa,American,4.9,128,Quezon City,True,4.9
w8sn,Dabest Taste Food House,Coffee,0.0,0,Quezon City,False,
w8tn,R. Lapid's Chicharon and Barbecue - Petron Macapagal,Snacks,5.0,30,Pasay City,True,5.0
w8vd,Bok Joo Chicken - Lea Building,Korean,4.9,96,Manila,True,4.9
w8vj,I Love Milktea - Riverbanks,Milk Tea,5.0,385,Marikina,True,5.0
w8w9,Grab Coffee - Guadalupe,Coffee,5.0,14,Cebu City,True,5.0
w8xb,Easy Comfort Meals - Osmena,Filipino,5.0,1301,Makati City,True,5.0
w8xn,Paotsin - Robinsons Malolos,Dumpling,5.0,1356,Malolos Bulacan,True,5.0
w8xr,Hari Pata - The Gallery,Filipino,5.0,726,Cebu City,True,5.0
w8yt,Greenwich - Marina Mall,Pizza,5.0,1341,Cebu City,True,5.0
w8zk,Urbanica Milk Coffee - Eastwood,Coffee,5.0,1009,Quezon City,True,5.0
w923,24 Chicken - Avida Towers Centera,Chicken,5.0,2099,Mandaluyong City,True,5.0
w94g,Mister Donut - AB Fernandez,Donut,5.0,211,Dagupan Pangasinan,True,5.0
w958,Angel's Pizza - West Drive Marikina,Pizza,5.0,307,Marikina,True,5.0
w96v,Cabalen - Festival Mall,Ulam,4.9,16,Muntinlupa City,True,4.9
w98r,Driptea - Batasan Hills,Milk Tea,5.0,74,Quezon City,True,5.0
w99k,Master Siomai - DM Guevarra,Siomai,5.0,174,Mandaluyong City,True,5.0
w9ap,Serenitea - IT Park,Milk Tea,5.0,22,Cebu City,True,5.0
w9bh,Sunny Tea - Bangkal,Milk Tea,4.9,3121,Makati City,True,4.9
w9eg,Shakey's Pizza - Robinsons Place Valencia,Pizza,5.0,442,Valencia Bukidnon,True,5.0
w9en,JCV Pigar Pigar - Galvan Street,Filipino,4.9,817,Dagupan Pangasinan,True,4.9
w9g7,Twin Croffles by Cafe Ala - Sambag II,Cakes,0.0,0,Cebu City,False,
w9if,Bubble & Brew - Talamban,Beverages,5.0,1091,Cebu City,True,5.0
w9jo,Garrido's Food Counter - Deca Homes Talomo,Pancit,4.9,32,Davao City Davao Del Sur,True,4.9
w9lh,Libertea Milktea - UP TechnoHub,Milk Tea,4.9,324,Quezon City,True,4.9
w9pd,Kape Sina Una - UPang Riverside Bldg,Coffee,0.0,0,Dagupan Pangasinan,False,
w9ro,Kumori - Festival Mall Alabang,Bread,5.0,190,Muntinlupa City,True,5.0
w9rs,PickUpSticks - Kapitolyo,Asian,5.0,1331,Pasig City,True,5.0
w9tj,STK Lab - Kapitolyo,Western,5.0,1097,Pasig City,True,5.0
w9x2,TOKYO WOK - Kapitolyo,Japanese,5.0,65,Pasig City,True,5.0
w9y4,24 Chicken - Paco Mall,Chicken,5.0,1207,Manila,True,5.0
w9zo,Johnn Lemon - Gaisano Mall of Toril,Beverages,5.0,73,Davao City Davao Del Sur,True,5.0
wa8o,Tai Koo HK Roast - Gyud Food Market,Noodles,0.0,0,Quezon City,False,
wa9x,Lan Hot Pot - Ayala Circuit Mall,Asian,0.0,0,Makati City,False,
wal1,Milky's Pasalubong - Sanciangko Street,BBQ,0.0,0,Cebu City,False,
waq9,Lugaw Republic - Earnshaw,Filipino,4.9,11,Manila,True,4.9
waqs,Pan De Manila - Skyrise Alpha,Bread,5.0,243,Cebu City,True,5.0
watb,Yayoi Japanese Teishoku Restaurant - SM City Fairview,Snacks,0.0,0,Quezon City,False,
wayd,NYFD (New York Fries and Dips) - Uptown,Fries,4.9,86,Taguig City,True,4.9
wazm,Meokja Dosirak Korean Food House Pandacan,Korean,4.9,470,Manila,True,4.9
wb54,Butter Cafe - Courtyard Drive,Beverages,0.0,0,Makati City,False,
wb5i,9Sing Bar - Dr Jose P Rizal Avenue,Filipino,4.8,25,Makati City,True,4.8
wb5o,Stuff'd - SM North Tower,Wraps,0.0,0,Quezon City,False,
wb7t,'D Kapitan Sisig - Puregold QI Central,Sisig,4.9,242,Quezon City,True,4.9
wb8t,Kusina Mabuhay - Tres de Abril,Asian,4.8,500,Cebu City,True,4.8
wbat,MXT Restaurant - SM City Santa Mesa,Chinese,5.0,309,Quezon City,True,5.0
wblr,Taste Buds - Grand Royale,Filipino,4.4,14,Malolos Bulacan,True,4.4
wbmy,Bookoh - Mitsukoshi Mall,Filipino,4.8,25,Taguig City,True,4.8
wbo5,Sugbo Wings - IT Park,Chicken Wings,5.0,298,Cebu City,True,5.0
wbsf,10th Cup Cafe - Plainview Mandaluyong,Beverages,0.0,0,Mandaluyong City,False,
wbue,Mango Float Supreme Manila - Cash and Carry Mall,Fruit Shake,4.9,135,Makati City,True,4.9
wbw3,Chixx Chicken Inasal Restaurant - Earnshaw,Filipino,5.0,348,Manila,True,5.0
wbx2,La Parillada - Royal Mall,Chicken,0.0,0,Quezon City,False,
wbzx,Tien Ma's - Bel Air Makati,Chinese,4.9,192,Makati City,True,4.9
wc8s,La Latina - BGC Uptown Parade,Wraps,4.6,18,Taguig City,True,4.6
wcbu,Ate Rica's Bacsilog - Graceland Mall,Silog,4.9,89,Malolos Bulacan,True,4.9
wcfd,Heaven's Barbeque - The Fort Strip,BBQ,4.9,24,Makati City,True,4.9
wcjq,Twilight Treats & Feasts,Filipino,0.0,0,Pasig City,False,
wclv,Maryland ChickAn - DLSU Manila,American,0.0,0,Manila,False,
wcmn,Great Greens: Salads & Grains - San Juan,Salads,5.0,413,San Juan,True,5.0
wctr,Tricksan's Streetside Eats Foodhub - Lapu-lapu,Silog,4.8,16,Lapu-Lapu City Cebu,True,4.8
wd0o,Turks - Super Metro Mambaling,Wraps,5.0,80,Cebu City,True,5.0
wd4p,PICKUP COFFEE - Marikina Riverbanks,Coffee,5.0,373,Marikina,True,5.0
wdd5,Dolora's Hauz of Pancit Malabon - San Rafael Street,Pancit,5.0,269,Pasig City,True,5.0
wdif,Ala Eh! Lomi Batangas - JP Rizal Avenue,Filipino,4.9,326,Makati City,True,4.9
wdmb,Ryou Restobar - Ezone Commercial Complex,Rice Bowl,0.0,0,Cebu City,False,
wdtb,Mister Donut - Isetann Carriedo,Donut,5.0,59,Manila,True,5.0
wdwb,Domino's Pizza - Shaw Boulevard,Pizza,4.6,1072,Mandaluyong City,True,4.6
we50,Zero MLKT - Simoun Street,Filipino,0.0,0,Manila,False,
we66,Rice Republik - Taguig,Korean,0.0,0,Taguig City,False,
weh3,Taters-  SM Megamall Bowling,Snacks,4.9,62,Mandaluyong City,True,4.9
welj,Nomikashi - SM City North EDSA,Beverages,0.0,0,Quezon City,False,
weo2,Fat Kids - Artiaga,Asian,4.9,92,Davao City Davao Del Sur,True,4.9
weqx,Waypoint Cafe - Domingo Santiago Street,Filipino,0.0,0,Manila,False,
wes6,Original Bakery - SM Megamall,Cakes,5.0,22,Mandaluyong City,True,5.0
weye,99 Peso Sulit Chicken  - Malolos,Chicken,5.0,3303,Malolos Bulacan,True,5.0
wf64,Cacao's Tapsilog and Snacks - Sen Gil Puyat Avenue,Silog,5.0,2095,Makati City,True,5.0
wfa6,Baa Baa Thai Tea - Robinsons Cybergate,Milk Tea,5.0,101,Cebu City,True,5.0
wfcn,Brooklyn's New York Pizza - New Manila,Pizza,4.9,52,Quezon City,True,4.9
wffc,Fruitas & De Original Jamaican Pattie Shop and Juice Bar - Montecruz Plaza,Filipino,5.0,216,Pasig City,True,5.0
wfno,The Brewed Buddies - SM Marikina,Milk Tea,3.0,42,Marikina,True,3.0
wfnp,Buko Loco - Robinsons Galleria,Fruit Shake,0.0,0,Quezon City,False,
wfpg,Vista Apartelle & Restaurant - Guadalupe Nuevo,Pancit,5.0,264,Makati City,True,5.0
wfq0,ZUS Coffee - Robinsons Galleria Cebu,Beverages,5.0,17,Cebu City,True,5.0
wfr1,MariCheese Corndog - MH Del Pilar,Corndogs,4.9,48,Marikina,True,4.9
wfxg,K-Egg - Malibay Pasay,Korean,4.7,33,Pasay City,True,4.7
wfzl,Vita Bella - F Blumentritt Street Hulo,Coffee,0.0,0,Mandaluyong City,False,
wfzm,Begum's Curry & Biryani House - Basak,Biryani,4.4,26,Lapu-Lapu City Cebu,True,4.4
wg0p,Pares Ni Inay - Mojon,Filipino,5.0,1515,Malolos Bulacan,True,5.0
wg3k,Halo-Halo Story - White Plains West,Desserts,0.0,0,Quezon City,False,
wg3q,GO Coffee - Katipunan,Coffee,0.0,0,Quezon City,False,
wg5e,First Brew by Psalms 34 Cafe - Caltex Road,Coffee,4.9,11,Lapu-Lapu City Cebu,True,4.9
wg7g,Miguel and Maria,Italian,0.0,0,Marikina,False,
wg7x,Beard Papa's - SM Mall of Asia,Desserts,0.0,0,Pasay City,False,
wgc5,RASA BARU RESTAURANT,Asian,5.0,23,Makati City,True,5.0
wghv,Jocab's Pancit Batil Patong At Pancit Cabagan - Pinatubo Street Cubao,Filipino,4.9,1283,Quezon City,True,4.9
wgil,Bigoli - Ayala Trinoma,Italian,5.0,17,Quezon City,True,5.0
wgkf,OMG! Original Lechon Belly - Jacinto Street,Lechon,4.9,73,Davao City Davao Del Sur,True,4.9
wgm1,Happy Cup - Circumferential Road,Milk Tea,5.0,210,Davao City Davao Del Sur,True,5.0
wgm1,Happy Cup - Gaisano Mall,Milk Tea,5.0,210,Davao City Davao Del Sur,True,5.0
wgsp,Mango Magic - Gaisano Mall Bajada,Fruit Shake,5.0,86,Davao City Davao Del Sur,True,5.0
wh0j,Gohan Tei - Pasig,Japanese,4.9,345,Pasig City,True,4.9
wh1o,GO LEMON - Kalayaan Pitogo,Filipino,0.0,0,Manila,False,
wh2k,Capsul Sinjeon Topokki - Mactan,Ramen,5.0,53,Lapu-Lapu City Cebu,True,5.0
whb6,Brookies - General Echavez Street,Desserts,5.0,654,Cebu City,True,5.0
whb8,Serenitea - Caltex Boni,Milk Tea,5.0,726,Mandaluyong City,True,5.0
whef,Sampu Sampurado - Quezon City,Filipino,0.0,0,Quezon City,False,
whkt,Go Gourmand - Clarion Lily Street,Asian,4.9,223,Quezon City,True,4.9
whm6,HOMEMADE CRAVINGS,Filipino,0.0,0,Quezon City,False,
whmb,ATON'S FRIED CHICKEN,Filipino,5.0,31,Marikina,True,5.0
whoc,Javalicious,Filipino,0.0,0,Manila,False,
whrc,Evee's Cup - Sta Mesa,Coffee,5.0,20,Manila,True,5.0
whw6,KARACHI CHICKEN BIRYANI HOUSE,Chicken,4.7,49,San Juan,True,4.7
whwb,Cold Storage Seafood - Banawe Street,Sushi,5.0,101,Quezon City,True,5.0
wi2d,King Suman Homemade Native Delicacies - Catalunan Pequeno,Filipino,4.9,38,Davao City Davao Del Sur,True,4.9
wi55,TEA + BAR - Lucky Gold Plaza,Fruit Shake,0.0,0,Pasig City,False,
wi95,Sugbrew Coffee Shop,Coffee,5.0,11,Lapu-Lapu City Cebu,True,5.0
wijs,Burgeran - Luzon Avenue,Burgers,4.8,32,Quezon City,True,4.8
wio3,Dulcinea - The Block - SM North EDSA,Western,4.9,22,Quezon City,True,4.9
wix5,CUSINERO,Filipino,4.8,16,Manila,True,4.8
wj08,Baby-Q+ Pasig,Filipino,0.0,0,Pasig City,False,
wj1v,Kurimi Milk Tea Bar - SM Mall of Asia,Milk Tea,0.0,0,Pasay City,False,
wj6f,Purple Delights - Mactan,Cakes,5.0,16,Lapu-Lapu City Cebu,True,5.0
wjas,TAOs Native Chicken - Basak,Chicken,0.0,0,Lapu-Lapu City Cebu,False,
wjcd,Tiger Bubble Tea - Indangan,Milk Tea,4.8,51,Davao City Davao Del Sur,True,4.8
wjdr,Chooks to Go - Kalentong,Chicken,5.0,410,Mandaluyong City,True,5.0
wjja,Honeybon - Festival Mall,Cakes,5.0,40,Muntinlupa City,True,5.0
wjr3,Takomatty- LRT Carriedo Station,Takoyaki,0.0,0,Manila,False,
wjt4,Fruitas & Buko ni Fruitas - Worldwide Corporate Center,Fruit Shake,5.0,443,Mandaluyong City,True,5.0
wjvc,The Sandwich Guy - Double Dragon Plaza,Sandwiches,5.0,603,Pasay City,True,5.0
wjw6,WAN-BAN - PUROK VILLEGAS,Asian,0.0,0,Koronadal South Cotabato,False,
wjx4,Papa John's Pizza - Jupiter Makati Avenue,Pizza,4.9,2495,Makati City,True,4.9
wk0i,KFC - Levi Mariano,Fast Food,5.0,6491,Taguig City,True,5.0
wk1d,King Sisig Express - Sto. Niño de Taguig Church,Sisig,4.9,213,Taguig City,True,4.9
wk4p,Yoyogi Yogurt - Regis Center Katipunan,Ice Cream,0.0,0,Quezon City,False,
wka8,Marugame Udon - Robinsons Manila,Japanese,5.0,812,Manila,True,5.0
wkch,Kuy's Coffee and Milktea - 20th Avenue,Coffee,0.0,0,Quezon City,False,
wkdk,Chimmy - Sugbo Centro Fuente Osmena,Milk Tea,0.0,0,Cebu City,False,
wkkh,Mister Donut - Starmall Edsa Shaw,Donut,4.9,44,Mandaluyong City,True,4.9
wknp,581 Cafe - M. Oyson Jr. Street,Milk Tea,4.9,220,Cebu City,True,4.9
wkp8,CoCo Fresh Tea & Juice - Vista Mall Taguig,Milk Tea,5.0,6976,Taguig City,True,5.0
wks2,Cafe Mary Grace - Promenade,Cakes,5.0,58,San Juan,True,5.0
wkwe,What's your flan? - Pangasinan,Pizza,5.0,51,Dagupan Pangasinan,True,5.0
wkx6,Onlypans Taqueria - Katipunan,Western,5.0,218,Quezon City,True,5.0
wky8,B1T1 Takeway Coffee - VTX,Coffee,5.0,117,Muntinlupa City,True,5.0
wkzs,Balai Pandesal - PITX,Sandwiches,5.0,24,Pasay City,True,5.0
wl6m,Dur-Bab's Cafe and Resto,Coffee,5.0,10,Manila,True,5.0
wl8d,Mango Series - Tandang Sora,Beverages,0.0,0,Quezon City,False,
wli3,Burg Haus - Ayala Center Cebu,Burgers,5.0,365,Cebu City,True,5.0
wloi,Los Pedritos Bakeshop & Restaurant - Tapuac,Filipino,5.0,97,Dagupan Pangasinan,True,5.0
wlr4,Bayani Busog Bowls - Bagong Ilog C5,Filipino,0.0,0,Pasig City,False,
wlsx,Forever Cafe and Lounge - Chinatown East Gate,Coffee,4.9,17,Ormoc Leyte,True,4.9
wm4q,AGV Seafood & Grill- Mintal,Seafood,0.0,0,Davao City Davao Del Sur,False,
wm85,Tapa Supreme - Singalong Street,Filipino,5.0,1533,Manila,True,5.0
wm87,Takochi,Japanese,0.0,0,Quezon City,False,
wmaj,MY DADDY'S PIZZA & CAFE - Guzman Street,Pizza,5.0,1475,Davao City Davao Del Sur,True,5.0
wmff,The Fat Seed Café + Roastery - One Ayala,Pasta,5.0,52,Makati City,True,5.0
wmfn,Hot Pot Restaurant - Princess Perrine Suites Building,Seafood,0.0,0,Davao City Davao Del Sur,False,
wmis,POPS Wings and Ribs - Oroquieta Street,Silog,0.0,0,Manila,False,
wmke,Siomai House - Puregold QI Central,Siomai,5.0,330,Quezon City,True,5.0
wmmm,Cafe Mary Grace - Unimart,Cakes,5.0,109,San Juan,True,5.0
wmv4,Abby's Thai Kitchen - Sta. Ana,Thai,5.0,397,Manila,True,5.0
wmxz,Zagu - SM Hypermarket Cherry Congressional,Beverages,5.0,150,Quezon City,True,5.0
wmyo,Boss Tapsihan - Aurora Boulevard,Silog,4.8,252,Quezon City,True,4.8
wn0x,Atmosphere Dine Sports Bar & KTV - Lahug,Filipino,4.7,69,Cebu City,True,4.7
wn26,Buenas Sausages & Fries,Filipino,0.0,0,Quezon City,False,
wn2w,Da Gianni Cucina Italiana - Westgate Center,Pizza,5.0,32,Muntinlupa City,True,5.0
wn3t,Dabaw's Sisig Corner - Roxas Ave.,Sisig,5.0,403,Davao City Davao Del Sur,True,5.0
wn41,Hongkong Style Noodles & Dimsum,Chinese,0.0,0,Manila,False,
wng2,Tolit’s Peri-Peri - Malolos,Snacks,4.9,348,Malolos Bulacan,True,4.9
wnh8,BIGBREW - HOLY SPIRIT,Beverages,5.0,268,Quezon City,True,5.0
wnlh,Munch! - Maria Clara Street,Snacks,0.0,0,Quezon City,False,
wnr0,Korea Grill Chicken & Beer - Road 1,Korean,5.0,546,Quezon City,True,5.0
wns4,Yoyogi Yogurt - Nicanor Garcia Makati,Ice Cream,0.0,0,Makati City,False,
wnsj,Pretzelmaker - Festival Mall,American,5.0,264,Muntinlupa City,True,5.0
wnsv,Naldlyn House Food Catering - Sampaguita Street,Filipino,0.0,0,Quezon City,False,
wnvr,Remilly's Yema Cake - Pasadena,Cakes,4.9,19,San Juan,True,4.9
wnze,Libertea Milktea - Conneticut,Milk Tea,0.0,0,Mandaluyong City,False,
wo6d,Rico's Lechon - Estancia Mall,Filipino,0.0,0,Pasig City,False,
wo9d,2838 Tea and Cafe - Bangkal Apolinario Makati,Milk Tea,5.0,37,Makati City,True,5.0
womf,Persia Grill - Centrum II Bldg.,Middle Eastern,4.9,113,Makati City,True,4.9
woqb,Sushi Bake by AVO - Lahug,Sushi,5.0,264,Cebu City,True,5.0
wor3,Master Siomai - Paseo De Roxas,Siomai,0.0,0,Makati City,False,
wot1,Flakes Cafe - Eulogio Amang Rodriguez Ave,Coffee,0.0,0,Pasig City,False,
wovs,Chimmy - Xentromall Sta. Ana,Beverages,0.0,0,Manila,False,
wp4y,Pao Cafe - SM Jazz Mall,Coffee,0.0,0,Makati City,False,
wp6u,Max Cafe - Eusebio Avenue Kenneth Road,Coffee,0.0,0,Pasig City,False,
wp8n,Rainbowl - Market Basket,Rice Bowl,5.0,62,Davao City Davao Del Sur,True,5.0
wpeu,Tsuke-men - Mall Of Asia,Japanese,4.7,47,Pasay City,True,4.7
wpg4,Okinooki - L. Ma. Guerrero Street,Burgers,5.0,40,Davao City Davao Del Sur,True,5.0
wpks,Tokyo Tokyo - Ayala Cebu,Japanese,5.0,85,Cebu City,True,5.0
wprq,Goodah - Makati,Filipino,5.0,2334,Makati City,True,5.0
wpxy,Santijy Donuts,Unknown,5.0,26,Malolos Bulacan,True,5.0
wq26,Tikim Takam - Starmall Edsa Shaw,Rice Bowl,2.6,11,Mandaluyong City,True,2.6
wq40,Kerrimo - Elizabeth Mall,Filipino,5.0,49,Cebu City,True,5.0
wqck,ZAH TUBO - SUGARCANE JUICE,Fruit Shake,0.0,0,Cebu City,False,
wqhj,Gimme Coffee - BGC,Beverages,0.0,0,Taguig City,False,
wqr4,ChaYi,Milk Tea,5.0,34,Manila,True,5.0
wqu1,Nanyang - SM City East Ortigas,Chicken,0.0,0,Pasig City,False,
wqvo,Bombu Chicken - Pasig,Chicken,4.9,12,Pasig City,True,4.9
wr13,Banapple - Sheridan,Cakes,5.0,81,Mandaluyong City,True,5.0
wr4g,Taco Bo's - Gun-ob,Western,5.0,1245,Lapu-Lapu City Cebu,True,5.0
wr9n,Not Just Coffee - Manhattan Parkview Tower 3,Unknown,0.0,0,Quezon City,False,
wrdc,Mango Royal Milkshake - Lopez Jaena Street,Fruit Shake,5.0,175,Lapu-Lapu City Cebu,True,5.0
wrgh,Tuna Republik - D8 Mall,Seafood,0.0,0,Manila,False,
wrlg,Healthy Sand - PBCOM Tower,Sandwiches,5.0,204,Makati City,True,5.0
wrm8,Lemon Square Bakery Treats - Don Antonio Quezon City,Desserts,5.0,120,Quezon City,True,5.0
wrph,MOS Burger - Mitsukoshi,Burgers,5.0,58,Taguig City,True,5.0
wrpk,Shawarma Rolls - Taft,Shawarma,4.9,453,Manila,True,4.9
wrpl,Chooks! - SM City Manila,Fried Chicken,5.0,158,Manila,True,5.0
wrpq,Fruitas - Metro Ayala Feliz,Fruit Shake,5.0,73,Pasig City,True,5.0
wru3,McDonald's - Baclaran,Fast Food,4.8,253,Pasay City,True,4.8
wrua,Papak Master - Pasig,Filipino,0.0,0,Pasig City,False,
wrve,TGI Fridays - Filinvest,American,0.0,0,Muntinlupa City,False,
wrvv,Flight Cafe - University Mall,Coffee,4.9,65,Manila,True,4.9
wrvy,Ka-Kuta Wings - Putatan,Chicken,0.0,0,Muntinlupa City,False,
wrwl,Domino's Pizza - España Boulevard,Pizza,4.2,1821,Manila,True,4.2
wrz8,Bonnie's Pastries Shop,Pancakes & Waffles,5.0,22,Dagupan Pangasinan,True,5.0
ws0h,Family Farm Grillhouse,Filipino,5.0,125,Lapu-Lapu City Cebu,True,5.0
ws0l,Qahwah - President Quezon Street,Beverages,5.0,63,Taguig City,True,5.0
ws10,MiPanda Milktea Hub - San Antonio Village,Milk Tea,5.0,245,Makati City,True,5.0
ws1q,Hello Massage + Cafe,Coffee,0.0,0,Quezon City,False,
ws4t,Tokyo Tokyo - CSI Dagupan,Japanese,5.0,190,Dagupan Pangasinan,True,5.0
ws8u,JAEDJAY FOOD AND BEVERAGE,Snacks,0.0,0,Manila,False,
wsaq,Twirly Tails Dessert Corner - Insular Square,Fruit Shake,5.0,402,Cebu City,True,5.0
wsbq,Porking Zone Food Hub - Katarungan Street,Filipino,5.0,251,Mandaluyong City,True,5.0
wsc6,Modern Shanghai - Robinsons Magnolia,Chinese,0.0,0,Quezon City,False,
wsca,Test Account 3 - Milestone BGC,American,0.0,0,Taguig City,False,
wscl,Giovanni's Wood Fired Pizza,Italian,0.0,0,Quezon City,False,
wsfo,World Chicken - Robinsons Manila,Chicken,5.0,14,Manila,True,5.0
wsgf,Avocadoria.ph - Victory Mall Quiapo,Ice Cream,0.0,0,Manila,False,
wsio,Lyfe Bowls - Fame Residences Mall,Desserts,5.0,102,Mandaluyong City,True,5.0
wsip,Briko's Takoyaki - G.M. Tolentino Street,Biryani,4.9,43,Manila,True,4.9
wskc,Dema Takoyaki Station - Mabilis Street,Takoyaki,4.9,953,Quezon City,True,4.9
wsl1,Mornings in Banaue - D.Tuazon,Coffee,0.0,0,Quezon City,False,
wsn6,TGI Fridays - Robinsons Galleria,American,0.0,0,Quezon City,False,
wssb,"But First, Coffee - Boni Avenue Mandaluyong",Asian,5.0,630,Mandaluyong City,True,5.0
wsuz,Icebergs - SM City Novaliches,Desserts,5.0,90,Quezon City,True,5.0
wt1t,Crepe Delicious Urban Cafe - SM Marikina,Pancakes & Waffles,0.0,0,Marikina,False,
wt3g,LOVE COFFEE - Super8 Guadalupe,Beverages,5.0,17,Makati City,True,5.0
wt6j,Aboy's Fresh Lumpia - Shangri-La Plaza Mall,Filipino,5.0,373,Mandaluyong City,True,5.0
wtbh,Kurīmu クリーム - Esteban Street,Ice Cream,5.0,156,Mandaluyong City,True,5.0
wtc1,Panero Pandesal - Puregold QI Central,Snacks,0.0,0,Quezon City,False,
wtkz,Snap Silog (The Non-Pork Silogan) - Koronadal,Filipino,5.0,87,Koronadal South Cotabato,True,5.0
wtpf,Ms Tanghulu - Ayala Malls Feliz,Ice Cream,0.0,0,Pasig City,False,
wtrh,Lil' Orbits Mini Donuts - Puregold Kalentong,Donut,5.0,42,San Juan,True,5.0
wtsc,Aunt Mango - Mindoro Street,Fruit Shake,4.9,124,Quezon City,True,4.9
wtv5,Ube Jam - Michelle Store,Filipino,0.0,0,Davao City Davao Del Sur,False,
wtvz,David's Tea House - Puregold Malolos,Chinese,5.0,355,Malolos Bulacan,True,5.0
wtwx,Holy Eats! 24/7 - Batasan Hills,Asian,0.0,0,Quezon City,False,
wu0t,Siomura - V Mapa,Siomai,0.0,0,Manila,False,
wu1u,Mexi-ko: Fil-Mex Kitchen - BGC,Asian,5.0,93,Taguig City,True,5.0
wu3e,Manama Roasted Chicken and Bukhari Rice - UP Diliman,Chicken,5.0,20,Quezon City,True,5.0
wuao,100 Gad'z Parathas Biryanis & Khebab - SM Fairview,Filipino,0.0,0,Quezon City,False,
wuda,Mistah Beast Grill House - Paseo Saturnino,Filipino,5.0,1226,Cebu City,True,5.0
wui0,Jollibee - Davao Magsaysay,Burgers,5.0,1182,Davao City Davao Del Sur,True,5.0
wum2,Daily by Bo's Coffee - Rolex Place,Coffee,5.0,2258,Quezon City,True,5.0
wumd,MrBeast Burger X JustKitchen - Commonwealth,Burgers,5.0,54,Quezon City,True,5.0
wumh,Yi Fang Taiwan Fruit Tea - Greenhills Mall,Milk Tea,0.0,0,San Juan,False,
wunp,Masbro Fried Chicken Kiosk - Dela Rosa Street,Chicken,4.9,77,Makati City,True,4.9
wupt,Tasty & Healthy Bowls - Libertad Tramo Pasay,Filipino,0.0,0,Pasay City,False,
wuqy,Nitro 7 Coffee & Tea Bar - Greenhills Mall,Rice Bowl,0.0,0,San Juan,False,
wuws,Hidden Vietnam - Branch 2 Taguig,Rice Bowl,4.9,58,Taguig City,True,4.9
wv1v,Tealive - Metropoint Mall Edsa,Milk Tea,4.9,302,Pasay City,True,4.9
wv3a,Gringa Tapaz Bar - Poblacion,Chicken,5.0,67,Davao City Davao Del Sur,True,5.0
wvd7,GoDo - P Burgos Pasay,Beverages,0.0,0,Pasay City,False,
wvdk,Mr. Bones - Sugbo Mercardo IT Park,Filipino,4.9,34,Cebu City,True,4.9
wvdv,De Original Jamaican Pattie Shop and Juice Bar -  San Lorenzo Place Mall,Sandwiches,4.9,10,Makati City,True,4.9
wve8,Bravo Ristorante - Makati,Italian,0.0,0,Makati City,False,
wvlq,Tako Kun Takoyaki -  Countryside Avenue,Takoyaki,0.0,0,Pasig City,False,
wvn3,R&B Milk Tea - Mindanao Ave,Milk Tea,5.0,47,Quezon City,True,5.0
ww2w,AA COFFEE - 164 N DOMINGO ST,Beverages,0.0,0,San Juan,False,
ww6a,Lucky Boba Milktea - Ayala Malls Marikina,Beverages,5.0,377,Marikina,True,5.0
ww6f,Meksie's Food to Go - Wilcon City Center,Filipino,5.0,56,Quezon City,True,5.0
wwaa,MILKSHOP - VISTA MALOLOS,Milk Tea,5.0,168,Malolos Bulacan,True,5.0
wwby,"But First, Coffee - Festival Mall Inline",Beverages,0.0,0,Muntinlupa City,False,
wwdu,brixe bistro + cafe - Kasambagan,Ulam,0.0,0,Cebu City,False,
wwe9,Texas Roadhouse - Robinsons Magnolia,American,0.0,0,Quezon City,False,
wwec,ACafe,Coffee,0.0,0,San Juan,False,
wwf5,King Chef - Lucky Chinatown Mall,Chinese,5.0,15,Manila,True,5.0
wwk5,HolyScoop!,Desserts,0.0,0,Pasig City,False,
wwm3,PAUL Boulangerie and Patisserie  - SM Aura,Bread,5.0,190,Taguig City,True,5.0
wwml,Dragon Takoyaki - Unlad Condominium,Beverages,4.8,823,Manila,True,4.8
wwts,Baliwag Grill & Restaurant - E Rodriguez,Filipino,4.9,311,Quezon City,True,4.9
wwvr,Onigiri Street - South Supermarket,Japanese,5.0,44,Malolos Bulacan,True,5.0
wx2v,Bask Barn,Beverages,5.0,29,Taguig City,True,5.0
wx7y,AGC Burger - Careta Hipodromo,Burgers,0.0,0,Cebu City,False,
wx9p,The Ugly Mug Cafe - J Fabella Street,Coffee,5.0,48,Mandaluyong City,True,5.0
wxc3,Rice and Shine - Ortigas,Silog,0.0,0,Mandaluyong City,False,
wxcj,Soo Korean FoodMart - Roxas Blvd,Filipino,0.0,0,Pasay City,False,
wxgw,Taste of Joy - Soldiers Hills,Filipino,5.0,978,Muntinlupa City,True,5.0
wxhd,Thirsty Fresh Fruit Juices And Shakes - JY Square Mall,Fruit Shake,5.0,230,Cebu City,True,5.0
wxi0,Rarjap Sushi House - Congressional Avenue Ext,Sushi,5.0,321,Quezon City,True,5.0
wxjm,Uncle John's - Arcel,Chicken,4.9,179,San Juan,True,4.9
wxka,Manam's Pancit Pancitan - Muntinlupa,Filipino,5.0,149,Muntinlupa City,True,5.0
wxkr,Nommu Basho - Tomas Morato Avenue,Japanese,5.0,255,Quezon City,True,5.0
wxm8,"One Brew - Robinsons Easymart Liberty, Boni",Milk Tea,0.0,0,Mandaluyong City,False,
wxmo,Wallflower Cafe -  Alabang Town Center,American,5.0,81,Muntinlupa City,True,5.0
wxof,Ongpin Express - Alphaland Southgate Mall,Dim Sum,4.7,22,Makati City,True,4.7
wxot,EMPND - Mayon Street,Snacks,0.0,0,Quezon City,False,
wxqu,TR Indian Foods - DMSF,Indian,4.6,34,Davao City Davao Del Sur,True,4.6
wxs2,Uncle John's - Skyland,Fried Chicken,4.9,14,Makati City,True,4.9
wxzt,Max Mango - N Domingo,Milk Tea,5.0,940,San Juan,True,5.0
wy2q,Why Chicken - Pangasinan,Chicken,4.9,139,Dagupan Pangasinan,True,4.9
wy2v,Ang Fried ni Jose - Sugbo Sentro Fuente Osmena,Chicken,5.0,58,Cebu City,True,5.0
wy5u,brood. - Robinsons Galleria,Beverages,4.5,10,Quezon City,True,4.5
wybb,Single Origin - Molito,American,4.7,53,Muntinlupa City,True,4.7
wybu,The Giving Cafe - A Mabini Street,Asian,0.0,0,Mandaluyong City,False,
wyby,Batangas Tsibugan Food House - Bangkal,Filipino,5.0,42,Makati City,True,5.0
wycv,Shawarma Rock,Middle Eastern,0.0,0,Quezon City,False,
wyg4,Gohan Tei - Alabang Zapote Road,Japanese,4.9,211,Muntinlupa City,True,4.9
wyss,Temple coffee PH - Malolos,Coffee,0.0,0,Malolos Bulacan,False,
wyyi,Burger Beast - Mall of Asia,Burgers,0.0,0,Pasay City,False,
wyyj,Elliana Cafe - Arellano Street,Coffee,0.0,0,Dagupan Pangasinan,False,
wz2d,Lugaw Pilipinas - Santa Lucia Novaliches,Filipino,0.0,0,Quezon City,False,
wz7r,Selecta Ice Cream Shop - Ever Santolan,Ice Cream,5.0,37,Pasig City,True,5.0
wz9b,Ibyang's Hidden Chicken Inasal - Gorordo Avenue,BBQ,0.0,0,Cebu City,False,
wzfl,Somedaé Café - Manila,Beverages,4.9,44,Manila,True,4.9
wzl0,Westside Coffee,Coffee,0.0,0,Quezon City,False,
wzm7,Lodssisig Express - Project 8,Ulam,5.0,190,Quezon City,True,5.0
wzqf,Great Greens: Salads & Grains - BGC,Salads,5.0,716,Taguig City,True,5.0
wzr5,Tinuhog Ni Benny Barbecue House - Shaw,Asian,5.0,195,Mandaluyong City,True,5.0
wzxz,Black Scoop Cafe - Grace Avenue,Fast Food,5.0,147,Quezon City,True,5.0
wzyn,King Sisig Express - Villonco,Sisig,4.9,98,Quezon City,True,4.9
wzzl,24/7 Eats - Ortigas,Fast Food,0.0,0,Mandaluyong City,False,
x008,Empire's Shawarma,Unknown,5.0,11,Manila,True,5.0
x06x,Tako Tako Yum-8th St Villamor,Takoyaki,5.0,331,Pasay City,True,5.0
x0en,Cafe Dominique - West Triangle,Filipino,5.0,271,Quezon City,True,5.0
x0gl,Takoya Kiks - Ayala Feliz,Takoyaki,5.0,266,Pasig City,True,5.0
x0kh,Manoy's Specialty Daily Meals - SH Loyola,Filipino,4.9,1813,Manila,True,4.9
x0ku,Serenitea - Metro Gaisano Market ATC,Milk Tea,5.0,722,Muntinlupa City,True,5.0
x0oc,Krispy Kreme - Market! Market!,Donut,5.0,1155,Taguig City,True,5.0
x0s5,24/7 Wings - Marikina Heights,Chicken Wings,5.0,539,Marikina,True,5.0
x0uj,Terry's Bistro - The Podium Mall,Filipino,4.9,32,Mandaluyong City,True,4.9
x0v7,Chimmy - C Raymundo Avenue,Beverages,4.9,15,Pasig City,True,4.9
x0y6,Rita's - The Podium,Desserts,5.0,19,Mandaluyong City,True,5.0
x107,Dash Coffee - Tumana,Coffee,4.7,10,Marikina,True,4.7
x126,"But First, Coffee - Phoenix Petroleum, MOA",Coffee,5.0,323,Pasay City,True,5.0
x1ap,Anyhow at Public Eatery - Robinsons Magnolia,Chicken,4.9,39,Quezon City,True,4.9
x1dw,Merienda by Pan de Manila - Santolan Town Plaza,Filipino,5.0,162,San Juan,True,5.0
x1hk,Classic Savory - Mckinley,Chicken,5.0,346,Taguig City,True,5.0
x1kn,The Captain's Nook - Orosa,Filipino,5.0,3186,Manila,True,5.0
x1ll,Jinyu Taiwan Tea - Gensan Drive,Milk Tea,5.0,111,Koronadal South Cotabato,True,5.0
x1n2,The Dough Story - Abreeza,Desserts,5.0,245,Davao City Davao Del Sur,True,5.0
x1rv,Pinkberry - Alabang Town Center,Desserts,5.0,102,Muntinlupa City,True,5.0
x1s4,Milk Tea By The Lavendry Lounge - Arayat,Milk Tea,5.0,395,Mandaluyong City,True,5.0
x1sv,Taiwan Uncle Tummy Kitchenette - Maria Orosa Street,Noodles,0.0,0,Manila,False,
x1t5,Tiong Bahru Bakery - BGC,Bread,5.0,11,Taguig City,True,5.0
x1t8,The Crunch - Sampaloc Manila,Fried Chicken,4.9,66,Manila,True,4.9
x1ur,Tapa King - Market Market,Silog,5.0,973,Taguig City,True,5.0
x1vi,Itealicious - Guadalupe,Milk Tea,5.0,4149,Cebu City,True,5.0
x1wb,Indanganese Takoyaki - Torres,Takoyaki,5.0,782,Davao City Davao Del Sur,True,5.0
x1wc,Three Bean Coffee Station - 12 Zobel,Filipino,0.0,0,Quezon City,False,
x1yc,Miguelito's Avocado Locco - Metro Supermarket,Desserts,4.6,66,Muntinlupa City,True,4.6
x1z0,California Pizza Kitchen Food Truck,Pizza,4.9,85,Pasay City,True,4.9
x1zp,Savory Chicken PH - Del Monte Avenue,Fried Chicken,5.0,619,Quezon City,True,5.0
x24h,PICKUP COFFEE - UN Square Mall,Coffee,5.0,1072,Manila,True,5.0
x2i3,Tora-San-Bagong barrio,Japanese,5.0,145,Quezon City,True,5.0
x2iq,Da Rae Jung Korean Restaurant - HK Sun Plaza,Korean,5.0,238,Pasay City,True,5.0
x2kf,Pizza Hut - KCC Mall of Marbel,Pizza,5.0,991,Koronadal South Cotabato,True,5.0
x2ln,Papsy's BBQ - Talamban,Filipino,5.0,277,Cebu City,True,5.0
x2nf,Ayo Ayo Cafe - Guadalupe,Salads,3.9,151,Cebu City,True,3.9
x2nn,Ice Cream House sa Liberty Avenue - Liberty Avenue,Ice Cream,5.0,2244,Quezon City,True,5.0
x2p9,Graje Grill and Restaurant - Tandang Sora Avenue,Filipino,5.0,12,Quezon City,True,5.0
x2pn,Ally Mango - Sto. Niño Chapel at Senior Citizens Park​,Fruit Shake,5.0,19,Cebu City,True,5.0
x2rr,Hills & Valleys Coffee - General Santos Avenue,Coffee,0.0,0,Taguig City,False,
x2ya,Arumanis Martabak - Guadalupe Nuevo,Pancakes & Waffles,5.0,14,Makati City,True,5.0
x2zm,Macao Imperial Tea  - SM City Dagupan,Milk Tea,5.0,1482,Dagupan Pangasinan,True,5.0
x301,Red Ribbon - Robinsons Malolos,Desserts,5.0,54,Malolos Bulacan,True,5.0
x3ax,Seth's Kitchen,Sisig,0.0,0,Cebu City,False,
x3fx,Atomik Coffee - Holy Spirit,Coffee,5.0,61,Quezon City,True,5.0
x3ha,Waffle Haus - 168 Shopping Mall,Pancakes & Waffles,4.8,120,Manila,True,4.8
x3k2,Home Bunch Takoyaki and Buko - Spark Place Cubao,Takoyaki,5.0,12,Quezon City,True,5.0
x3nj,Lemon Na Bai - KCC Mall Marbel,Beverages,4.9,171,Koronadal South Cotabato,True,4.9
x3pt,Sausage Fest - Makati,Western,4.9,12,Makati City,True,4.9
x3sm,Chatime - Shell Balintawak,Milk Tea,5.0,93,Quezon City,True,5.0
x3uh,"The Alley ""It's Time for Tea"" - SM Fairview",Milk Tea,5.0,126,Quezon City,True,5.0
x3ul,Bayani Busog Bowls - Makati Avenue,Filipino,0.0,0,Makati City,False,
x3xd,1128 Tea & Cafe - Balut Tondo Branch,Beverages,0.0,0,Manila,False,
x3xi,Buddy’s Pancit Lucban at Longganisang Lucban - Kakarong,Filipino,5.0,2530,Makati City,True,5.0
x3xk,Majid's Kabab - Tulip Drive,Middle Eastern,5.0,692,Davao City Davao Del Sur,True,5.0
x4g8,Iña Food and Beverage House - WCD Compound,Asian,0.0,0,Cebu City,False,
x4i2,The Teacup - Sambag I,Milk Tea,5.0,95,Cebu City,True,5.0
x4jm,Hungry Potter Kim Tapsilogan - West Rembo,Silog,5.0,2758,Makati City,True,5.0
x4jt,Buching's Empanada de Ilocos - Ayala Central Bloc,Wraps,4.9,173,Cebu City,True,4.9
x4n7,Hongkong Style Noodle - Fisher Mall,Chinese,4.6,12,Quezon City,True,4.6
x4q5,Samgyup Sa Bahay - Visayas Avenue,Filipino,0.0,0,Quezon City,False,
x4rz,Harley Boulevard Motor Cafe - Toril,American,5.0,269,Davao City Davao Del Sur,True,5.0
x4sy,Seattle's Best Coffee - Cardinal Santos,Coffee,5.0,739,San Juan,True,5.0
x4v7,Clarkes Street Food Corner - Bonifacio,Asian,2.4,13,Davao City Davao Del Sur,True,2.4
x4vm,​The Seafood District - 456 Barangka Drive,Seafood,5.0,548,Mandaluyong City,True,5.0
x513,Chemist mnl resto bars inc,Chicken,0.0,0,Manila,False,
x5av,Kenny Rogers Roasters - SM Seaside,Chicken,5.0,232,Cebu City,True,5.0
x5d7,HULYA CAFE AND DINE - General Maxilom,Coffee,4.9,19,Cebu City,True,4.9
x5dp,Samgyup On The Go - Crossroad Park Tandang Sora,Korean,4.7,36,Quezon City,True,4.7
x5hj,Buko Loco - Ayala Malls Feliz,Fruit Shake,5.0,123,Pasig City,True,5.0
x5id,Ramen Nagi - Eastwood,Ramen,5.0,111,Quezon City,True,5.0
x5j9,Earle's Delicatessen - Kapitolyo Pasig,Sandwiches,0.0,0,Pasig City,False,
x5jg,Baga Burger Octagon Street Dela Paz,American,4.9,238,Pasig City,True,4.9
x5jh,Zagu - Shaw Boulevard,Beverages,4.9,537,Mandaluyong City,True,4.9
x5ny,Silogourmet And Krispy Pata ni ChefBong - Bistek Ville 6,Filipino,0.0,0,Quezon City,False,
x5o6,Max's Corner Bakery - BGC Stopover,Cakes,0.0,0,Taguig City,False,
x5q7,Stuffed N' Fried - Sugbo Mercado,Fried Chicken,5.0,25,Cebu City,True,5.0
x5qh,Kumori - Landmark Makati,Bread,5.0,772,Makati City,True,5.0
x5qn,Fruitas - Times Square Chinese General Hospital,Fruit Shake,5.0,274,Manila,True,5.0
x5rp,Angel's Chicken Wings - Poblacion,Chicken Wings,4.9,832,Makati City,True,4.9
x5sq,MCOQ's Cafe - Cordova,Milk Tea,5.0,534,Lapu-Lapu City Cebu,True,5.0
x5t3,Ice Cream City - McKinley,Desserts,0.0,0,Taguig City,False,
x5tl,Sausage Supreme - Gastambide,American,5.0,2355,Manila,True,5.0
x5tx,Yellow Cab - Dagupan,Pizza,4.7,220,Dagupan Pangasinan,True,4.7
x5u2,Banapple - Ayala Fairview Terraces,Cakes,0.0,0,Quezon City,False,
x5ue,FNI Bistro - Buendia Extension,Filipino,4.9,900,Pasay City,True,4.9
x5wg,Shou Hand Pulled Noodles - Ayala Malls Trinoma Food Choices,Chinese,5.0,239,Quezon City,True,5.0
x5ye,Jollibear - Bonifacio,Burgers,0.0,0,Davao City Davao Del Sur,False,
x5zy,Chelsey's Kitchen- SM City Fairview,Filipino,4.9,510,Quezon City,True,4.9
x62j,Pamahaw sa Nayon Food and Beverage House,Rice Dishes,0.0,0,Muntinlupa City,False,
x689,Buffalo's Wings N' Things  - Festival Mall,Chicken Wings,5.0,17,Muntinlupa City,True,5.0
x6aj,The Royal Tea Station - T Padilla Street,Milk Tea,4.9,434,Cebu City,True,4.9
x6c0,Sip Up Coffee - Kapitolyo,Beverages,5.0,15,Pasig City,True,5.0
x6hv,McDonald's - Malolos Bayan,Fast Food,5.0,25005,Malolos Bulacan,True,5.0
x6im,Yogorino - SM City Santa Mesa,Desserts,5.0,64,Quezon City,True,5.0
x6jg,Nanay Cita's Batchoy - Cabantian,Ulam,0.0,0,Davao City Davao Del Sur,False,
x6jr,Max's Restaurant - RPL Valencia,Chicken,0.0,0,Valencia Bukidnon,False,
x6ju,Gotfoods- Makati,BBQ,4.7,49,Quezon City,True,4.7
x6ke,Dapogan - Banilad,Filipino,4.9,427,Cebu City,True,4.9
x6ku,Kanin at Sabaw By Fly Kitchen - Malamig,Filipino,4.9,1010,Mandaluyong City,True,4.9
x6pe,Lako Dessert Beverage - Tapuac Road,Filipino,4.9,55,Dagupan Pangasinan,True,4.9
x6sc,Fiona's Cuisine - Green Meadows Subdivision,Pasta,4.7,97,Davao City Davao Del Sur,True,4.7
x6ti,Chicboy - Tomas Morato,Chicken,4.9,40,Quezon City,True,4.9
x6wj,Purple Patisserie By Keen - San Rafael,Cakes,5.0,870,Davao City Davao Del Sur,True,5.0
x6zr,Balamban Liempo - Catalunan Grande,Liempo,5.0,280,Davao City Davao Del Sur,True,5.0
x703,Buko Express - Fishermall,Desserts,4.9,10,Quezon City,True,4.9
x71t,Pares ni Peso - Waterfun C5 Taguig,Pares,4.9,1213,Taguig City,True,4.9
x71z,Banh Mi Kitchen - SM Fairview,Sandwiches,5.0,315,Quezon City,True,5.0
x720,Angel's Pizza - Binondo,Pizza,5.0,24,Manila,True,5.0
x74a,Mateo's Diner - 78 Mabini Street,Filipino,0.0,0,Quezon City,False,
x74n,Tago Cafe - Nawasa Road,Beverages,0.0,0,Quezon City,False,
x753,Milky Cakes & Sweets - Glorietta 1,Cakes,4.9,77,Makati City,True,4.9
x7a8,Jade’s Baked Goodies,Cakes,0.0,0,Davao City Davao Del Sur,False,
x7az,Caution Hot! 警告辣 Spicy Noodle House - Capitol Drive,Japanese,5.0,995,Pasig City,True,5.0
x7dd,Black Scoop Cafe - East Kapitolyo,Milk Tea,5.0,570,Pasig City,True,5.0
x7ea,Buddy’s Pancit Lucban at Longganisang Lucban - Fisher Mall,Filipino,5.0,314,Quezon City,True,5.0
x7ep,Takosushi - Vista Mall Taguig,Sushi,5.0,144,Taguig City,True,5.0
x7kf,Buko ni Fruitas - Ayala Malls Trinoma Food Choices,Fruit Shake,4.9,41,Quezon City,True,4.9
x7rx,Tulua Cafe - Rallos,Coffee,0.0,0,Quezon City,False,
x7tp,Artisan Baker PH,Desserts,0.0,0,Pasay City,False,
x7tt,Taters - SM Manila,Snacks,5.0,299,Manila,True,5.0
x7uz,Zagu - Gaisano Mall Davao,Beverages,5.0,371,Davao City Davao Del Sur,True,5.0
x7zz,Alberto's Pizza - Koronadal,Pizza,5.0,1993,Koronadal South Cotabato,True,5.0
x816,Peri-Peri Charcoal Chicken & Sauce Bar - NU Star,Chicken,4.8,19,Cebu City,True,4.8
x869,Street Kohi - Mayaman Street,Coffee,0.0,0,Quezon City,False,
x87j,Taste of Joy - Taguig,Filipino,5.0,897,Taguig City,True,5.0
x88n,Brothers' Pizza Hauz - Arnaiz,Pizza,5.0,347,Pasay City,True,5.0
x8as,Seafood Pier - SM City Fairview,Seafood,4.9,64,Quezon City,True,4.9
x8hj,Crisostomo - Robinsons Galleria,Filipino,5.0,220,Quezon City,True,5.0
x8ho,Ad Astra's Sourdough - Buhangin,Bread,0.0,0,Davao City Davao Del Sur,False,
x8j6,Pizzaderia - Bago Bantay,Pizza,5.0,1029,Quezon City,True,5.0
x8j7,Secret Eats Food Hub - 424 Ortigas Avenue,Filipino,0.0,0,San Juan,False,
x8kp,Dosirakuya - Antonio Rivera Street,Korean,5.0,2031,Manila,True,5.0
x8mt,Empanada & Lumpia Unlimited by Rose Cua - Matina,Western,4.9,184,Davao City Davao Del Sur,True,4.9
x8mv,Gracia’s Lechon Belly Atbp - SM City North EDSA,Filipino,4.9,126,Quezon City,True,4.9
x8nj,Cheers Minimart and Food - Jocfer Building,Rice Dishes,0.0,0,Quezon City,False,
x8nt,Majid's Kabab - Lanang,Biryani,5.0,452,Davao City Davao Del Sur,True,5.0
x8nu,Shawarma King PK,Shawarma,0.0,0,Pasay City,False,
x8oe,Tapsihan ni Monaliza -  Malaya Street,Silog,5.0,738,Marikina,True,5.0
x8pc,Dunkin' Donuts - Cor. Aviles & Rizal Street,Donut,4.9,766,Ormoc Leyte,True,4.9
x8uw,The Seoulful Cafe - San Diego,Beverages,4.8,89,Manila,True,4.8
x8w9,Buko Loco - SM City Cebu,Fruit Shake,0.0,0,Cebu City,False,
x8zj,Sangkalan - Visayas Avenue,Filipino,5.0,331,Quezon City,True,5.0
x90b,Persian Avenue - Alabang Town Center,Wraps,4.9,21,Muntinlupa City,True,4.9
x9al,Serenitea - Robinsons Place,Milk Tea,5.0,1687,Manila,True,5.0
x9ca,My Thai Kitchen - Stopover,Chicken,4.9,170,Taguig City,True,4.9
x9cm,Wildflour Rotisserie Chicken - BGC,Rice Bowl,5.0,92,Taguig City,True,5.0
x9dk,Leylam - Robinsons Easymart Mactan Newtown,Rice Dishes,5.0,389,Lapu-Lapu City Cebu,True,5.0
x9ep,Takoyaki Since 1995 - Matina,Takoyaki,4.8,209,Davao City Davao Del Sur,True,4.8
x9im,Eric Kayser - Rustan's Makati,Bread,5.0,241,Makati City,True,5.0
x9ny,S.A.L.O. - Gateway Mall Cubao,Filipino,4.9,276,Quezon City,True,4.9
x9p7,Adu's Balbacua - Tambayan ni Filemon,Filipino,4.9,60,Cebu City,True,4.9
x9qm,Elevate Bistro Lounge - Sapphire Road,Ulam,0.0,0,Pasig City,False,
x9sl,Samgyupsalamat - Uptown BGC,Korean,5.0,1327,Taguig City,True,5.0
x9td,Dadudz Unli Wings - Espana Boulevard,Chicken Wings,5.0,3690,Manila,True,5.0
x9ug,Maki Mix Hub - McArthur Highway,Japanese,4.8,745,Malolos Bulacan,True,4.8
x9wd,Chickpoint Lechon Manok & Liempo House - Maa,Lechon,4.9,55,Davao City Davao Del Sur,True,4.9
x9wr,Bagwings - Riverside,Filipino,5.0,14,Pasig City,True,5.0
x9yi,Kebomb Lamp Quarters - Marikina,Middle Eastern,5.0,473,Marikina,True,5.0
x9yp,Fruitas - Gaisano Grand CityGate Mall,Fruit Shake,5.0,241,Davao City Davao Del Sur,True,5.0
x9zm,Little India Healthy Cuisine - Mabolo,Indian,4.9,766,Cebu City,True,4.9
x9zm,Little India Healthy Cuisine - Lahug,Indian,5.0,738,Cebu City,True,5.0
xa3n,Sbarro - Estancia Mall,Pizza,5.0,291,Pasig City,True,5.0
xa7f,To The Wok - Chino Roces Makati,Filipino,0.0,0,Makati City,False,
xa8g,Mini Blanc Cafe - Wilson,Coffee,0.0,0,San Juan,False,
xabv,Ellaine's Lutong Bahay - Matina Crossing,Ulam,4.9,58,Davao City Davao Del Sur,True,4.9
xadn,Cocopan - Ever 11th Avenue,Coffee,4.9,59,Quezon City,True,4.9
xadv,M&M Chicken Wings,Chicken,0.0,0,Pasay City,False,
xafx,Oliver's Coffee - Diego Silang,Beverages,0.0,0,Taguig City,False,
xai0,The White Box Bakeshop (TWB) - AS Fortuna Street,Cakes,5.0,793,Cebu City,True,5.0
xaoe,Donna Ice Cream-Mintal,Pizza,5.0,452,Davao City Davao Del Sur,True,5.0
xapx,Chachago - Bayan Bayanan,Milk Tea,5.0,207,Marikina,True,5.0
xaxu,Arhy's Kitchenette and Catering Services - Panorama,Japanese,5.0,1563,Davao City Davao Del Sur,True,5.0
xayt,Malagos Homegrown - Matina Aplaya,Filipino,5.0,74,Davao City Davao Del Sur,True,5.0
xb4w,Shawarma Shack - Karangalan Village,Shawarma,5.0,563,Pasig City,True,5.0
xb5v,Italianni's - Abreeza Mall Davao,Italian,0.0,0,Davao City Davao Del Sur,False,
xb7t,Koomi - Robinsons Manila,Beverages,5.0,205,Manila,True,5.0
xbez,Fortune Bakeshop - Greenbelt 1,Bread,5.0,118,Makati City,True,5.0
xbfm,Chooks To Go - Villa Del Rio,Chicken,5.0,519,Lapu-Lapu City Cebu,True,5.0
xbl0,Twistea - Sumilang Branch,Milk Tea,0.0,0,Pasig City,False,
xbn4,Paramount Coffee - Twin Palms,Coffee,0.0,0,Davao City Davao Del Sur,False,
xcbx,Gogi Chicken Factory - Quezon City,Fried Chicken,0.0,0,Quezon City,False,
xcex,Pinutos ni Manong - Banilad,Filipino,5.0,128,Cebu City,True,5.0
xcml,Italianni's - Ayala Cebu,Italian,5.0,69,Cebu City,True,5.0
xco8,Chicken Pete - San Pedro,Fried Chicken,0.0,0,Davao City Davao Del Sur,False,
xcpn,Wing A Minute - Anda,Rice Bowl,4.9,90,Davao City Davao Del Sur,True,4.9
xcs6,Gusto Goto - High Pointe Medical,Porridge,4.7,19,Mandaluyong City,True,4.7
xctg,Balai Pandesal - Krus na Ligas,Bread,5.0,262,Quezon City,True,5.0
xcvr,Fly Kitchen - Le Village,Desserts,4.8,71,Quezon City,True,4.8
xd1b,Hap Chan - SM City San Lazaro,Chinese,4.9,297,Manila,True,4.9
xd7s,RED LIZARD in AbacaEats - Vista Mar Mactan,Western,4.4,10,Lapu-Lapu City Cebu,True,4.4
xd9h,Tutong's Laksa - Dapitan,Chinese,4.9,244,Manila,True,4.9
xd9l,Gloria Maris - Greenhills,Rice Bowl,4.9,28,San Juan,True,4.9
xdbc,Daytea Milktea House - N.Domingo San Juan,Milk Tea,4.9,20,San Juan,True,4.9
xdd5,Ipar's Restaurante Y Bar De Tapas - Ramos,Seafood,0.0,0,Cebu City,False,
xdg4,Dean & DeLuca - 38th Park Avenue,Bread,0.0,0,Cebu City,False,
xdgs,Dee Soi 40 - Maribago,Thai,0.0,0,Lapu-Lapu City Cebu,False,
xdgz,RBX Rice in a Box - Lucky Gold Plaza,Asian,5.0,57,Pasig City,True,5.0
xdk1,Octoboy - 33 EDSA,Takoyaki,0.0,0,Mandaluyong City,False,
xdlj,Mac Amiel Convenience Store & Cafe - Carlos Fortich St,Filipino,4.4,99,Valencia Bukidnon,True,4.4
xdna,Chili's - SM City Cebu,Seafood,0.0,0,Cebu City,False,
xdvc,J.CO Donuts & Coffee - SM Megamall,Donut,5.0,1930,Pasig City,True,5.0
xdyk,Brew & Grey Kape Lokal - Aly Medalla,Coffee,5.0,108,Quezon City,True,5.0
xe0c,Mixue Ice Cream & Tea - Susano,Milk Tea,5.0,117,Quezon City,True,5.0
xe4j,Sigay Cafe - Dominga Street,Asian,0.0,0,Pasay City,False,
xe7q,Reg Fam Food and Beverage Store,Korean,0.0,0,Quezon City,False,
xe9w,Brunos Mango Overload - Manila Rivercity Residences,Filipino,4.9,44,Makati City,True,4.9
xeb0,Street Halo-Halo Milky Ice,Halo-Halo,5.0,131,Mandaluyong City,True,5.0
xeb3,Bap Bap - Newton Plaza,Korean,4.9,48,Manila,True,4.9
xegs,R'D Food Hub,Filipino,0.0,0,Quezon City,False,
xejl,Tasty & Healthy Bowls - Santo Niño de Taguig Church,Filipino,0.0,0,Taguig City,False,
xek6,Max Mango - Arayat Cubao,Beverages,5.0,73,Quezon City,True,5.0
xekc,King Sisig Express - Lakefront Sucat,Sisig,4.6,14,Muntinlupa City,True,4.6
xenx,Wildflour Burger - BGC,American,4.9,54,Taguig City,True,4.9
xeop,Lucky Boba Milktea Shop - Ayala Feliz,Milk Tea,5.0,538,Pasig City,True,5.0
xep1,Gold'n Fresh Cafe and Bakeshop - Oftana Suites Building,Bread,5.0,306,Cebu City,True,5.0
xer4,ChaTraMue - Market Market,Beverages,0.0,0,Taguig City,False,
xew6,Blazing Bites - Matina Crossing,Burgers,0.0,0,Davao City Davao Del Sur,False,
xezq,Sugoi Cafe and Ramen - Mactan,Ramen,0.0,0,Lapu-Lapu City Cebu,False,
xf2o,Cebu's Ayers Lechon - Skyrise 1,Lechon,4.9,104,Cebu City,True,4.9
xf4x,Chapes Keto Cakes - SM North Edsa,Cakes,0.0,0,Quezon City,False,
xf8f,Mang Tomas Ganado Express by Cloudeats - Pasay,Rice Bowl,0.0,0,Pasay City,False,
xfbw,Pitaholic - Robinsons Pulilan,Shawarma,0.0,0,Malolos Bulacan,False,
xfcj,Tealive - Vista 309,Milk Tea,5.0,1781,Quezon City,True,5.0
xfg9,Dadas Litson - Nagpayong 2,Filipino,0.0,0,Pasig City,False,
xft0,Rakki Sushi - Sampaloc,Sushi,4.9,41,Manila,True,4.9
xfut,Yassi's Grill and Restobar - Executive Building Center,Filipino,4.9,43,Makati City,True,4.9
xg7m,Dimsum Treats - Morayta,Dumpling,5.0,132,Manila,True,5.0
xggq,Freshko Avocado - Matina Crossing,Fruit Shake,5.0,309,Davao City Davao Del Sur,True,5.0
xgk2,Boba Warma - General Espino,Shawarma,4.7,104,Taguig City,True,4.7
xgnb,The Tea Haven - Matalino Street,Pasta,0.0,0,Quezon City,False,
xgoe,I Love Milktea - General Ordonez,Milk Tea,5.0,249,Marikina,True,5.0
xgxn,K-Oppa Ramyeon - Nicanor Reyes Street,Noodles,0.0,0,Manila,False,
xh1w,Avo Bravo - Elizabeth Mall,Desserts,4.9,60,Cebu City,True,4.9
xh49,RBX Rice in a Box - Victory Mall Pasay,Rice Bowl,4.9,66,Pasay City,True,4.9
xh4g,DAKKOCHI - ALABANG TOWN CENTER,Filipino,0.0,0,Muntinlupa City,False,
xh4n,Moonleaf Tea Shop - SM North EDSA,Milk Tea,4.9,13,Quezon City,True,4.9
xh6b,Caramia - Glorietta 4,Cakes,5.0,397,Makati City,True,5.0
xh7v,J&L STEAK INASAL PUB,Filipino,0.0,0,Manila,False,
xhaf,DRIP & DIP CAFÉ - F. Inigo St,Coffee,4.9,14,Davao City Davao Del Sur,True,4.9
xhhu,GOURMETS CAFE,Coffee,0.0,0,Manila,False,
xhj0,Daghaus Korean Fusion - Roxas Avenue,Korean,4.5,420,Davao City Davao Del Sur,True,4.5
xhqc,HappiTea,Chinese,0.0,0,Manila,False,
xhsv,The Sage Cafe Cebu - Gen Maxilom Avenue,Coffee,0.0,0,Cebu City,False,
xhxk,Rice Rocket - Bonifacio Global City,Rice Bowl,5.0,295,Taguig City,True,5.0
xi6m,KKOPI.Tea - Karangalan Village,Beverages,5.0,97,Pasig City,True,5.0
xi7x,Lab Eat! - GSIS Village,Cakes,5.0,551,Quezon City,True,5.0
xiah,Crepe Delicious Urban Cafe - Petron Square,Pancakes & Waffles,0.0,0,Quezon City,False,
xifz,Silog & Binalot Express - Sampaloc,Filipino,5.0,272,Manila,True,5.0
xigm,Bubble & Brew - Pajo Lapu-Lapu City,Milk Tea,5.0,57,Lapu-Lapu City Cebu,True,5.0
xiqu,Sinugba - San Andres,Filipino,5.0,436,Manila,True,5.0
xiwa,New Davao Famous - Matina,Noodles,5.0,2049,Davao City Davao Del Sur,True,5.0
xiyr,CoCo Fresh Tea & Juice - SM Cebu,Milk Tea,5.0,154,Cebu City,True,5.0
xj2k,Ta•tay Beer House,Unknown,0.0,0,Malolos Bulacan,False,
xj60,Waffle Mom - Rosedale Place,Pancakes & Waffles,4.9,175,Cebu City,True,4.9
xj7p,Satti Flames & Grill House - 9 R Aboitiz Street,Filipino,0.0,0,Cebu City,False,
xje9,Sisig Hooray - Fiesta Market!,Sisig,4.9,494,Taguig City,True,4.9
xjjz,Paotsin - Puregold Agora,Dumpling,4.9,670,San Juan,True,4.9
xjxi,Pie Express PH - Festival Mall,Soups,4.8,20,Muntinlupa City,True,4.8
xjz9,Sugarbee - White Plains,Cakes,0.0,0,Quezon City,False,
xk07,KAPETAL CAFE,Coffee,5.0,18,Pasay City,True,5.0
xk43,Coffee - GustoKa Coffee JY Square Lahug,Coffee,4.7,11,Cebu City,True,4.7
xk43,Gustoka Coffee - JY Square,Coffee,0.0,0,Cebu City,False,
xk7c,Bok Joo Chicken - Concepcion Uno,Korean,5.0,255,Marikina,True,5.0
xkcw,"Oh, Waffle! - Gaisano Grand",Snacks,4.5,34,Cebu City,True,4.5
xkey,Inasal Ni Bing - Kwikspar,Chicken,4.9,110,Cebu City,True,4.9
xkk0,Mango Express,Desserts,0.0,0,Quezon City,False,
xkqe,Double B Burgers - Pasig C5,Burgers,5.0,552,Pasig City,True,5.0
xkrl,Stella's Pizza - Bilog,Asian,0.0,0,Pasig City,False,
xkta,JA-KI FOOD HUB,Filipino,0.0,0,Dagupan Pangasinan,False,
xkvh,FIC (Fruits in Ice Cream) - White Plains,Ice Cream,5.0,322,Quezon City,True,5.0
xkwu,Gravitea Milktea - Cabantian,Milk Tea,5.0,45,Davao City Davao Del Sur,True,5.0
xl3b,Swak Food House - Congressional Avenue,Sandwiches,0.0,0,Quezon City,False,
xl5z,Panda Express - Waltermart Makati,Snacks,4.9,1033,Makati City,True,4.9
xljc,Buns Burger Bombs - Robinsons Galleria,American,0.0,0,Cebu City,False,
xlmq,Marinduqueno's Litson Manok - FB Harrison Street,BBQ,5.0,193,Pasay City,True,5.0
xloe,Yassi's Grill - Poblacion Market Central,BBQ,0.0,0,Davao City Davao Del Sur,False,
xlt7,Gangnam Style - San Pedro Street,Korean,4.9,104,Davao City Davao Del Sur,True,4.9
xlv7,Fud Trip - Shawarma + Burrito TexMex - Puregold Jr,Filipino,3.9,11,Quezon City,True,3.9
xlwc,Yum's Dining - Malate,Asian,5.0,195,Manila,True,5.0
xmgw,Tiger Manju - Mall of Asia,Snacks,0.0,0,Pasay City,False,
xmqx,Kapeng Bartolome - Pablo Dela Cruz,Beverages,0.0,0,Quezon City,False,
xmu2,Max's Corner Bakery - Starmall Edsa,Cakes,5.0,10,Mandaluyong City,True,5.0
xmw8,FLAMES SIZZLING HOUSE,Fast Food,0.0,0,Manila,False,
xmwk,Mango Tango - Promenade Mall,Fruit Shake,5.0,568,San Juan,True,5.0
xmz0,Shanelle Fishball & Delights - Galas,Filipino,5.0,460,Quezon City,True,5.0
xmzn,Shawarma Shack - Caniogan,Shawarma,4.3,18,Pasig City,True,4.3
xn0f,MYNICHE - Taft Avenue,Unknown,0.0,0,Manila,False,
xn27,Goca Tea and Coffee - Kamuning,Unknown,0.0,0,Quezon City,False,
xn34,Five Star Chicken - Republic Avenue Sauyo,Chicken,4.8,15,Quezon City,True,4.8
xn6f,Bantooks’ Bangusan and Fried Chicken Stall - Cabantian Road,Fish,0.0,0,Davao City Davao Del Sur,False,
xndf,Ke-fi Kafe - Centropolis,Beverages,5.0,46,Muntinlupa City,True,5.0
xner,Redbox Pizza - Puregold Taguig,Pizza,5.0,21,Taguig City,True,5.0
xnji,Goto Topps - Choice Market,Filipino,4.7,11,Pasig City,True,4.7
xnkt,Sbarro - Chong Hua Medical Mall,Pizza,5.0,22,Cebu City,True,5.0
xnly,GoGoDak Korean Chicken - E.Rodriguez,Korean,5.0,386,Quezon City,True,5.0
xnm8,Tropical Hut - FTI Complex,Burgers,5.0,1282,Taguig City,True,5.0
xnuw,Two Cups Cafe -  Suter Street,Milk Tea,5.0,189,Manila,True,5.0
xnxo,Yugimo Japanese Restaurant - Poblacion,Sushi,0.0,0,Makati City,False,
xo24,Daily by Bo's Coffee - Banilad Town Centre,Coffee,5.0,3330,Cebu City,True,5.0
xo46,Frogmouth's Nesting Cafe - SMDC Grace Residences Tower 3,Coffee,0.0,0,Taguig City,False,
xo5i,Sunnypoint Restaurant - Pichon,Filipino,4.3,146,Davao City Davao Del Sur,True,4.3
xo8q,Yeego Chicken Hotpot - Ayala North Exchange,Chinese,0.0,0,Makati City,False,
xokf,AMBOS Panaderia + Cocina - Molito Lifestyle Center,Cakes,5.0,38,Muntinlupa City,True,5.0
xolx,Clara's French Crepes - SM Seaside City,Pancakes & Waffles,4.9,27,Cebu City,True,4.9
xonv,Dencio's - Hampton,Filipino,4.8,35,Pasig City,True,4.8
xoq5,Yogorino - Greenhills,Desserts,4.9,15,San Juan,True,4.9
xoqg,Sunburst Fried Chicken - City Times Square Mactan,Chicken,5.0,59,Lapu-Lapu City Cebu,True,5.0
xox0,Mr Tanghulu - Gaisano Mall,Snacks,0.0,0,Davao City Davao Del Sur,False,
xoxs,Tori Kraze - Makati,Japanese,4.9,282,Makati City,True,4.9
xp47,Cocopan - Concepcion Uno,Coffee,5.0,268,Marikina,True,5.0
xp5n,Pocofino - BGC Corporate Center 2,Coffee,5.0,172,Taguig City,True,5.0
xpal,7EVEN DAYS COFFEE - TAFT AVENUE,Beverages,0.0,0,Manila,False,
xpg0,Lechon Belly Kitchen -  Greenhills Shopping Center,Lechon,0.0,0,San Juan,False,
xpgo,Gotchu Jang: Korean Bowls - Pasay,Korean,4.9,539,Pasay City,True,4.9
xppy,Lots' A Pizza - Nova Food Park,Pizza,5.0,232,Quezon City,True,5.0
xpqc,H Cafe Restaurant - Harolds Cebu,Pasta,4.8,15,Cebu City,True,4.8
xpqj,Tatay’s Lechon - Jabson Street,Lechon,4.8,303,Pasig City,True,4.8
xpxf,K-Chicken House Korean Fried Chicken - Pasig,Japanese,4.9,824,Pasig City,True,4.9
xpzm,MyKwin Buy 1 Get 1 Grilled Burger - Careta,Snacks,4.7,179,Cebu City,True,4.7
xq6r,Buko Twist - LFV Market Market,Fruit Shake,0.0,0,Taguig City,False,
xq8j,PORCHETTA EXPRESS - COMMONWEALTH,Filipino,5.0,78,Quezon City,True,5.0
xqar,Bake Cheese Tart - SM Mall of Asia,Cakes,0.0,0,Pasay City,False,
xqbr,HONEY JUBU - CITYWALK 2,Filipino,0.0,0,Quezon City,False,
xqcc,Degrees Milk Tea - Valencia City Bukidnon,Milk Tea,4.9,528,Valencia Bukidnon,True,4.9
xqfl,Auntie's Cafe,Coffee,5.0,18,Davao City Davao Del Sur,True,5.0
xqh5,BW Superbakeshop - Waltermart E Rodriguez,Cakes,5.0,15,Quezon City,True,5.0
xqlp,Buongiorno Pizza Pasta - Iconique Mall,Pasta,4.9,109,Cebu City,True,4.9
xqmf,Lonely Owl,Desserts,5.0,58,Manila,True,5.0
xqnu,"Pot Pot Corndog + Burger - Concepcion Uno, Marikina City",Snacks,5.0,159,Marikina,True,5.0
xqom,Fried Chicken Station - Jacinto Extn.,Chicken,4.9,235,Davao City Davao Del Sur,True,4.9
xrcm,Quiapo Citystate Hotel - Quezon Boulevard,Filipino,5.0,201,Manila,True,5.0
xrda,CIFRA'S PIZZA,Pizza,0.0,0,Pasay City,False,
xrdc,Tender Loving Cakes - Nueve de Febrero,Cakes,5.0,170,Mandaluyong City,True,5.0
xrdg,Onion Leeks - Urbano Velasco Ave,Filipino,5.0,330,Pasig City,True,5.0
xs7r,La Tegola Cucina Italiana - The Esplanade,Pasta,0.0,0,Cebu City,False,
xs7v,W Coffee Ph - Aurora Blvd,Coffee,0.0,0,Quezon City,False,
xsg3,Lumpia House - Manalili Street,Filipino,4.6,1129,Cebu City,True,4.6
xsxq,Kushi Xandra´s - QC,Sushi,5.0,71,Quezon City,True,5.0
xszt,Hao Chu Yummy 好初早餐 - Montojo,Beverages,4.9,159,Makati City,True,4.9
xt0n,King of Kim - Ali Mall Cubao,Korean,0.0,0,Quezon City,False,
xt2n,Anne’s Kitchen Homemade Goodies,Unknown,0.0,0,Taguig City,False,
xt46,Starbucks - Belmont Hotel,Coffee,5.0,262,Pasay City,True,5.0
xt55,Thirsty Fresh Fruit Juices And Shakes - Super Metro Colon,Fruit Shake,5.0,51,Cebu City,True,5.0
xt5p,Milk Tea Safari - Pio Del Pilar,Milk Tea,5.0,266,Makati City,True,5.0
xtac,Moon's - Aplicador Street,Asian,4.8,294,Davao City Davao Del Sur,True,4.8
xtaj,Papa John's Pizza - Taguig,Pizza,5.0,1926,Taguig City,True,5.0
xtbf,Cebu's Tasty Lechon - Capitol M Velez Street,Lechon,5.0,403,Cebu City,True,5.0
xte5,The Taste of Czaczacza Cafe - Chanyungco Street,Cakes,0.0,0,Marikina,False,
xtfo,Mister Chimichanga - Ayala Malls Feliz,Snacks,0.0,0,Pasig City,False,
xtj7,Seafood Paradise Kitchen Express - Mactan Cebu International Airport,Seafood,0.0,0,Lapu-Lapu City Cebu,False,
xtjd,New Hotel Valencia - Sayre Highway,Filipino,4.9,101,Valencia Bukidnon,True,4.9
xtk2,Adelle's Cafe & Restaurant,Asian,0.0,0,Malolos Bulacan,False,
xtlt,Ling Nam Fried Siopao & Fruitas - Uni Mec,Snacks,5.0,44,Taguig City,True,5.0
xtnn,Scrambowl - SM Novaliches,Desserts,0.0,0,Quezon City,False,
xtri,G - Brew Cafe - Poblacion,Snacks,0.0,0,Koronadal South Cotabato,False,
xtua,Smash It: Burgers & More - BGC,American,4.9,1110,Taguig City,True,4.9
xtv7,Masuki Mami House - Binondo,Filipino,5.0,303,Manila,True,5.0
xu4m,Uncle John's - Bayanan,Chicken,5.0,366,Muntinlupa City,True,5.0
xu58,Tapsi and Tipsy Restaurant - J Villena,Silog,0.0,0,Makati City,False,
xuf5,Sukiya - Glorietta 2,Japanese,5.0,126,Makati City,True,5.0
xuqr,Tori Kraze - Pasay,Japanese,5.0,279,Pasay City,True,5.0
xv02,Cabalen's Sizzling House,Filipino,5.0,47,Taguig City,True,5.0
xv0e,Lawiswis 1703 BBQ Hauz - Toril,Filipino,5.0,543,Davao City Davao Del Sur,True,5.0
xv20,Lemon Na Bai - Gaisano Grand Mall Liloan,Beverages,5.0,61,Cebu City,True,5.0
xv8u,Tteok-Roll Food kiosk,Sushi,0.0,0,Quezon City,False,
xvku,Chicks Ahoy - Emilio Jacinto Street,Fried Chicken,4.1,22,Davao City Davao Del Sur,True,4.1
xvqq,BEARS CAFE - PUROK SAN ANDRES,Filipino,5.0,83,Davao City Davao Del Sur,True,5.0
xvy1,Seasun Café - Fairview,Coffee,5.0,52,Quezon City,True,5.0
xw0v,Anak Ekit's Pocherohan - Urgello,Rice Dishes,0.0,0,Cebu City,False,
xw18,Nanay Vita’s Barbecue House - C Raymundo Pasig,BBQ,5.0,227,Pasig City,True,5.0
xw1i,Jack's Fresh Lemonade - UP Town Center,Milk Tea,4.9,29,Quezon City,True,4.9
xw1x,Tako Tako Queen - Southpole,Takoyaki,5.0,142,Cebu City,True,5.0
xw2o,Soi - J P Rizal,Thai,4.9,10,Quezon City,True,4.9
xw3k,PICKUP COFFEE - Robinsons Cyberscape Alpha,Coffee,4.9,19,Pasig City,True,4.9
xwb0,K-Egg - 40th Street,Sandwiches,0.0,0,Taguig City,False,
xwey,Merry Mango -Abreeza,Desserts,5.0,116,Davao City Davao Del Sur,True,5.0
xwht,Gong cha - Gaisano Mall Davao,Milk Tea,5.0,598,Davao City Davao Del Sur,True,5.0
xwmb,Matchy Matcha Cafe - Dahlia Ave,Filipino,0.0,0,Quezon City,False,
xwoq,Cheezken - Guadalupe,Milk Tea,5.0,827,Cebu City,True,5.0
xwqh,Momi Lu Coffee - Speaker E Perez,Filipino,0.0,0,Quezon City,False,
xwrg,Banchan Takoyaki - Fishermall,Takoyaki,5.0,330,Quezon City,True,5.0
xx1e,"Le Katsu Mnl - Waltermart, Malolos",Japanese,4.8,15,Malolos Bulacan,True,4.8
xx6v,Korean Street Food - Epifanio Delos Santos,Korean,5.0,2263,Pasay City,True,5.0
xx8x,CHCKN. - Mahinhin street,Chicken,0.0,0,Quezon City,False,
xxbv,Piggy Papa - The Symphony Tower,Filipino,4.9,74,Quezon City,True,4.9
xxdh,The White Box Bakeshop (TWB) - Lapu-Lapu,Cakes,4.9,135,Lapu-Lapu City Cebu,True,4.9
xxgf,Tatay Rene's Pansitan - Lanang,Filipino,5.0,568,Davao City Davao Del Sur,True,5.0
xxkz,Crispy Doner - The Strip Circulo Verde,Unknown,4.9,54,Quezon City,True,4.9
xxmh,The Lemon Co. - The Barracks,Beverages,0.0,0,Cebu City,False,
xxmt,Kuya Bert’s Pares House - Manda Food Hub,Filipino,5.0,264,Mandaluyong City,True,5.0
xxo8,Sibs Cafe & Roastery Opc - Barangka Drive,Coffee,0.0,0,Mandaluyong City,False,
xxtr,Bowl Marrow - Greenfield District,Rice Bowl,0.0,0,Mandaluyong City,False,
xyes,Dean & DeLuca - ORE Central,American,5.0,101,Taguig City,True,5.0
xyhf,Ding How Dimsum House - Paseo Arcenas,Chinese,5.0,1108,Cebu City,True,5.0
xyhq,I Love Bucket Shrimps - Tisa,Seafood,4.9,235,Cebu City,True,4.9
xynz,Third Wave Coffee Cafe - F Cabahug,Coffee,5.0,103,Cebu City,True,5.0
xyo5,2024 Cafe - Bangkal Street,Coffee,0.0,0,Makati City,False,
xyvo,MOMOYO - Paco Mall,Ice Cream,4.8,38,Manila,True,4.8
xyx0,Chaboba - Xentro Mall Malolos,Milk Tea,5.0,45,Malolos Bulacan,True,5.0
xz1n,The Royal Indian Spice Restaurant - Fairview,Indian,4.8,15,Quezon City,True,4.8
xz9x,Kofee Manila,Coffee,0.0,0,Quezon City,False,
xzjh,Test Account - Milestone BGC,American,0.0,0,Taguig City,False,
xzrn,24/7 Eats - Fairview,Thai,5.0,758,Quezon City,True,5.0
xzti,Kyushu Ramen - Vertex One,Japanese,5.0,158,Manila,True,5.0
xzxs,Highlands Coffee - Pearl Place,Coffee,5.0,142,Pasig City,True,5.0
y03n,Max Mango - Tamiya,Milk Tea,5.0,132,Lapu-Lapu City Cebu,True,5.0
y044,Mei Li Tea House 梅丽茶馆 - Lucky Chinatown Mall,Filipino,4.8,24,Manila,True,4.8
y04g,Athalia's Cakes & Pastries - Bajada,Cakes,0.0,0,Davao City Davao Del Sur,False,
y0aa,Q Cup - West Avenue,Milk Tea,5.0,345,Quezon City,True,5.0
y0ab,Mang Inasal - KCC Marbel,Chicken,5.0,3396,Koronadal South Cotabato,True,5.0
y0c7,The Grind Coffee House - Aurora Blvd,Coffee,4.8,150,Quezon City,True,4.8
y0em,Mexikalye - Cordillera Street,Wraps,5.0,678,Quezon City,True,5.0
y0fo,Mad Crab Seafood Restaurant - Scout Castor Street,Seafood,5.0,14,Quezon City,True,5.0
y0fz,Hen Lin - Lucky Chinatown Mall,Dim Sum,4.9,188,Manila,True,4.9
y0g6,Maxi's Corner - Tramo Street,Asian,4.8,19,Pasay City,True,4.8
y0kq,ALI Shawarma - Sasa,Shawarma,4.8,385,Davao City Davao Del Sur,True,4.8
y0lj,Dela Cruz Putobumbong & Bibingka - Malibay,Filipino,4.8,437,Pasay City,True,4.8
y0nz,ShareTea - Double Dragon,Milk Tea,5.0,315,Pasay City,True,5.0
y0rz,Pulido's Kitchenette - Corner Saavedra Street,Filipino,5.0,606,Davao City Davao Del Sur,True,5.0
y0sq,Bacolod Chicken Inasal - SM City Marikina,Filipino,5.0,418,Marikina,True,5.0
y0vd,Aling Banang - Pinatubo,Filipino,5.0,6031,Quezon City,True,5.0
y0wn,Balai Pandesal & Ling Nam Fried Siopao - F Manalo,Fruit Shake,5.0,48,San Juan,True,5.0
y0wt,Mayong's Bakeshop and Snackhouse - Corners Rizal & Lopez Jaena,Fast Food,5.0,1056,Ormoc Leyte,True,5.0
y0wx,WADACHI  - KABUKI FOOD DECK,Filipino,4.9,27,Makati City,True,4.9
y0xg,Supersticks - Nepo Mall,Filipino,4.7,97,Dagupan Pangasinan,True,4.7
y0yf,The Busy Buckets - Gagalangin,Chicken Wings,5.0,293,Manila,True,5.0
y12m,C&k 1989 OPC Chinese Kitchen - Makati City,Chinese,5.0,485,Makati City,True,5.0
y1bh,Good Lemon - J Urgello Street,Fruit Shake,0.0,0,Cebu City,False,
y1bq,Shonjou Ramen - Paseo Del Congreso,Ramen,4.9,1908,Malolos Bulacan,True,4.9
y1ck,Ngohiong Express - Marigondon,Snacks,5.0,538,Lapu-Lapu City Cebu,True,5.0
y1cl,Manang's Inasal - Esteban Abada,Chicken,0.0,0,Quezon City,False,
y1gy,Siomai King - PMHA,Filipino,0.0,0,Quezon City,False,
y1j8,POPS Wings and Ribs - The Food Market,Silog,0.0,0,Mandaluyong City,False,
y1lw,Libertea Milktea - Ayala Center Cebu,Milk Tea,5.0,258,Cebu City,True,5.0
y1mu,Lugaw Republic - Ayala Malls Southpark,Porridge,5.0,326,Muntinlupa City,True,5.0
y1rw,CAFE OBRA - Regalado Ave. Fairview,Coffee,5.0,187,Quezon City,True,5.0
y1v1,Gran Moshi Koshi - Ayala Vertis North,Ramen,0.0,0,Quezon City,False,
y1vk,Bulalo World Express - Makati Cinema Square,Bulalo,4.9,268,Makati City,True,4.9
y1zq,Fruitas - R Square Mall,Fruit Shake,5.0,850,Manila,True,5.0
y1zu,Randy's Donuts - Shangri-La,American,0.0,0,Mandaluyong City,False,
y22u,Selecta Ice Cream - San Agustin Malolos,Ice Cream,5.0,70,Malolos Bulacan,True,5.0
y23d,Tokyo Tokyo - Newport Blvd Pasay,Japanese,4.9,193,Pasay City,True,4.9
y28w,Gusto Goto - Don Antonio,Filipino,0.0,0,Quezon City,False,
y29g,BENTO - GO - Santolan,Rice Bowl,0.0,0,San Juan,False,
y2ad,Nam-Nam Burger - JP Rizal Extension,Burgers,0.0,0,Makati City,False,
y2fc,Sheila’s Park Family Resto - Balmores Street,Filipino,5.0,508,Koronadal South Cotabato,True,5.0
y2fq,LaCarinderiajosefina29 - Pinagsama,Filipino,4.8,859,Taguig City,True,4.8
y2jw,Rice and Everything Nice - Buhangin,Asian,4.7,96,Davao City Davao Del Sur,True,4.7
y2kg,Aling Banang - N Domingo - Artiaga,Filipino,4.9,2829,San Juan,True,4.9
y2la,Munch Grill - Palanan,Rice Dishes,5.0,1342,Makati City,True,5.0
y2lg,Blake's Wings and Steaks - SM Fairview,Chicken Wings,5.0,110,Quezon City,True,5.0
y2lx,Night Owl Cafe - Urgello Street,Coffee,4.5,16,Cebu City,True,4.5
y2st,Selina's Inihaw na Bangus - Villena Street,Seafood,5.0,445,Makati City,True,5.0
y2vt,BBQ Shack - East Rodriguez Senior Avenue,BBQ,5.0,480,Quezon City,True,5.0
y2zr,Country Basket - Escario,Cakes,4.9,98,Cebu City,True,4.9
y3bm,Tokyo Bubble Tea - The Fort Residences BGC,Japanese,5.0,922,Taguig City,True,5.0
y3dx,Kalsada Burger - Yellowbell Street,Burgers,5.0,2077,Makati City,True,5.0
y3gg,Farron Cafe - Puregold Qi Central,Beverages,4.9,81,Quezon City,True,4.9
y3km,Merienda Sa Dakbayan - Buhangin,Filipino,4.7,612,Davao City Davao Del Sur,True,4.7
y3kr,Kobi Bayan 24/7 - Shaw San Juan,Ulam,5.0,29,Mandaluyong City,True,5.0
y3ma,"Homebakers, Inc. - Juana Osmeña",Cakes,0.0,0,Cebu City,False,
y3nl,The Players' Kitchen - Tapuac,Healthy,5.0,1014,Dagupan Pangasinan,True,5.0
y3no,MOS Burger - Glorietta 2,Burgers,5.0,821,Makati City,True,5.0
y3rv,Mango Madness - Holy Spirit,Beverages,5.0,36,Quezon City,True,5.0
y3u1,Hap Chan - SM Lanang,Chinese,5.0,37,Davao City Davao Del Sur,True,5.0
y3wt,Lemon Na Bai - Gaisano Mall GF,Beverages,5.0,103,Davao City Davao Del Sur,True,5.0
y3zn,Chowking - Robinsons Valencia,Fast Food,5.0,1238,Valencia Bukidnon,True,5.0
y3zr,Rice Rocket - US Embassy,Asian,4.9,566,Manila,True,4.9
y42m,Manila Cafe - Pado Tower Condominium,Beverages,5.0,204,Manila,True,5.0
y42q,CHIMAC Chicken & Beer - Forbestown,Chicken,4.9,136,Taguig City,True,4.9
y4g2,Saige - Ortigas,Rice Bowl,0.0,0,Mandaluyong City,False,
y4hc,Casa Daza Empanada - SM Megamall,Chicken,5.0,207,Mandaluyong City,True,5.0
y4im,Fruitas House of Desserts - Raintree Mall,Ice Cream,5.0,1135,Cebu City,True,5.0
y4lg,Angkan Coffee - McKinley,Coffee,5.0,764,Taguig City,True,5.0
y4lq,Tomatito - Opus Mall,American,0.0,0,Quezon City,False,
y4uo,Chef Ronie's Burgy - Posadas Street,Burgers,5.0,677,Koronadal South Cotabato,True,5.0
y4vb,Nutwater - Gaisano South,Beverages,5.0,208,Davao City Davao Del Sur,True,5.0
y4ve,SUPER Siomai PH,Asian,0.0,0,Pasig City,False,
y4vn,Izar's Special Pares and Mami - Pasay,Pares,5.0,628,Pasay City,True,5.0
y4ww,Goca Tea & Coffee - Bluewave Sumulong,Milk Tea,4.9,71,Marikina,True,4.9
y4z8,CUPS - Banawe Square,Milk Tea,4.9,34,Quezon City,True,4.9
y51q,Chooks to Go - Tumana Marikina 2,Chicken,5.0,389,Marikina,True,5.0
y5c8,Starblack Cafe-Sitio Lawis,Coffee,0.0,0,Lapu-Lapu City Cebu,False,
y5cn,Pizza Hut - Ayala Cebu,Pizza,4.9,1246,Cebu City,True,4.9
y5ep,Mangan - SM Megamall,Filipino,4.8,413,Mandaluyong City,True,4.8
y5fy,Little Flour Café - Newport,American,0.0,0,Pasay City,False,
y5g6,The Sushi Box - Bangkal,Sushi,4.9,72,Makati City,True,4.9
y5hh,Sulit Shawarma! - Ortigas,Shawarma,0.0,0,Mandaluyong City,False,
y5hr,Eli Seafood and Grill - Agus Lapu Lapu,Seafood,4.9,22,Lapu-Lapu City Cebu,True,4.9
y5iv,Merry Mango - Gaisano Mall Valencia,Beverages,5.0,511,Valencia Bukidnon,True,5.0
y5xx,Basta Pasta - Pasay,Pasta,4.9,372,Pasay City,True,4.9
y63b,It Tastes GUTZ Coffee - Marikina,Beverages,0.0,0,Marikina,False,
y64k,Mango Magic - Bulacao Pardo,Fruit Shake,5.0,1145,Cebu City,True,5.0
y65q,Celestial Coffee - Yogii Maginhawa,Desserts,4.5,11,Quezon City,True,4.5
y666,Papaning's Food House - A Bonifacio Ave,Sushi,0.0,0,Marikina,False,
y66y,Denny's - One Ayala,American,5.0,10,Makati City,True,5.0
y68f,Chapter Coffee - Maginhawa,Coffee,5.0,119,Quezon City,True,5.0
y691,Marugame Udon - SM City Fairview,Japanese,5.0,969,Quezon City,True,5.0
y6eu,OtakaTea - Aurora Boulevard,Milk Tea,4.9,601,Pasay City,True,4.9
y6i2,Pasta Depot - Malamig,Pasta,5.0,274,Mandaluyong City,True,5.0
y6pu,Dairy Queen - KCC Marbel,Ice Cream,5.0,175,Koronadal South Cotabato,True,5.0
y6ti,NIKKEI ROBATA - UPTOWN RITZ,Japanese,5.0,52,Taguig City,True,5.0
y6vt,Minute Burger - Gensan Drive,American,5.0,840,Koronadal South Cotabato,True,5.0
y6zd,Master Buffalo - GSIS PUP Condotel,Chicken Wings,5.0,5441,Manila,True,5.0
y6zt,Sen Lek Thai Noodle - Grass Residences,Thai,5.0,2151,Quezon City,True,5.0
y71r,Mister Donut - South Station,Donut,4.9,99,Muntinlupa City,True,4.9
y73f,LiberTea MilkTea - Caltex C5 Extension,Milk Tea,5.0,209,Pasay City,True,5.0
y751,Happi Bees Milktea - 5th Ave. BGC,Milk Tea,4.8,62,Quezon City,True,4.8
y785,Jayraldine's Cafe - Cebu,Filipino,5.0,230,Cebu City,True,5.0
y7dk,Johnn Lemon - Ayala Malls Marikina,Beverages,5.0,232,Marikina,True,5.0
y7fp,De Original Jamaican Pattie Shop and Juice Bar - SM City San Lazaro,Filipino,5.0,645,Manila,True,5.0
y7kq,Mang Inasal - Festival Xsite,Chicken,5.0,6159,Muntinlupa City,True,5.0
y7li,Tempting Sweets - M H Del Pilar Street,Milk Tea,5.0,119,Pasig City,True,5.0
y7lp,Pancitan Kay Elmer Since 1992 - Panday Pira Street,Filipino,5.0,3078,Marikina,True,5.0
y7o6,De Original Jamaican Pattie Shop and Juice Bar - Fisher Mall,Filipino,5.0,55,Quezon City,True,5.0
y7qm,Rice Rocket - IT Park,Asian,5.0,434,Cebu City,True,5.0
y7ru,Chachago - Ortigas,Milk Tea,5.0,414,Pasig City,True,5.0
y7sb,Jollibee - South Park Mall L1 MMMU,Fast Food,5.0,5167,Muntinlupa City,True,5.0
y7w4,Hummus Express - Pasay,Middle Eastern,5.0,130,Pasay City,True,5.0
y8ah,Polland Hopia - Filmore,Filipino,5.0,978,Makati City,True,5.0
y8ak,Gerry's Grill - IT Park,Filipino,4.9,191,Cebu City,True,4.9
y8bw,Master Siomai - San Lazaro Street,Siomai,4.9,55,Manila,True,4.9
y8cc,Kurimina Ice Cream & Coffee Co - Marikina,Milk Tea,5.0,25,Marikina,True,5.0
y8da,Kapitan Sisig - Toril,Sisig,4.7,80,Davao City Davao Del Sur,True,4.7
y8e2,Ruby & Edwin Special Pansit House,Pancit,4.9,32,Manila,True,4.9
y8en,Muscle Burger House - Sto. Domingo,American,4.9,242,Quezon City,True,4.9
y8fu,Ramen Nagi - SM Aura,Ramen,4.9,178,Taguig City,True,4.9
y8hs,Remilly's Yema Cake - East Day Plaza Leon,Cakes,5.0,739,Manila,True,5.0
y8ku,Kumori - SM Makati,Bread,5.0,563,Makati City,True,5.0
y8ll,Brewtopia Cafe - Sampaloc,Coffee,4.6,10,Manila,True,4.6
y8mx,Terra Mango- Amakan Forestal Cabantian,Beverages,0.0,0,Davao City Davao Del Sur,False,
y8nh,Shawarma Shack - Victory Mall Pasay,Shawarma,5.0,836,Pasay City,True,5.0
y8ob,Crisostomo - Alabang Town Center,Filipino,5.0,156,Muntinlupa City,True,5.0
y8px,Nadai Fujisoba - Mitsukoshi Mall BGC,Japanese,5.0,153,Taguig City,True,5.0
y8qe,Cafe France - RCBC Plaza,Sandwiches,5.0,353,Makati City,True,5.0
y8qq,S.A.L.O. - SM City Megamall,Filipino,4.9,223,Mandaluyong City,True,4.9
y8tq,Infinitea - San Miguel,Milk Tea,5.0,684,Taguig City,True,5.0
y8un,Denny's - Eastwood,American,4.6,13,Quezon City,True,4.6
y8wp,Taho Story - Food District,Filipino,5.0,13,Taguig City,True,5.0
y8yt,Shawarma Shack - Puregold Guiguinto,Shawarma,5.0,1503,Malolos Bulacan,True,5.0
y8yz,Amici - Ayala Mall Feliz,Pizza,4.9,31,Pasig City,True,4.9
y94v,Happy Hour - Makati,Beverages,5.0,81,Makati City,True,5.0
y99h,Miliano's - Inayawan,Filipino,5.0,60,Cebu City,True,5.0
y9dw,Tuding's - Putatan Muntinlupa,Filipino,5.0,1049,Muntinlupa City,True,5.0
y9fe,Casa Daza Empanada - Ayala Feliz,Chicken,5.0,84,Marikina,True,5.0
y9fq,⁠PICKUP COFFEE - Seaoil Nangka,Coffee,5.0,37,Marikina,True,5.0
y9g0,Mr Lemon - Bacayan Branch,Beverages,0.0,0,Cebu City,False,
y9iy,Friends Fries - SM City Cebu Terminal,Fries,4.8,122,Cebu City,True,4.8
y9ld,Abaca Baking Company - Filinvest Cyberzone,Bread,5.0,154,Cebu City,True,5.0
y9lj,Bili Chow Food Hub - Tapuac,Filipino,5.0,1538,Dagupan Pangasinan,True,5.0
y9ob,Mango Fiesta - Parang,Fruit Shake,5.0,755,Marikina,True,5.0
y9on,IMJUICY JUICE STATION - Rada Regency,Beverages,4.9,32,Makati City,True,4.9
y9oy,Samgyeop Masarap Unlimited Korean BBQ - Calle Bistro,Korean,5.0,44,Quezon City,True,5.0
y9pe,YoCoco - SM City East,Ice Cream,0.0,0,Pasig City,False,
y9qn,La Bella Pizza Bistro - Holy Family Village,Pizza,4.9,148,Cebu City,True,4.9
y9t2,Braddex Batchoy & Steamed Rice - Capitol Site,Asian,5.0,980,Cebu City,True,5.0
y9ve,Tokyo Bubble Tea - SM Megamall,Japanese,5.0,304,Mandaluyong City,True,5.0
y9wl,Potato Giant - San Antonio Village,Healthy,0.0,0,Makati City,False,
y9zn,Ponggal Kitchen & Bar - Aurora Boulevard,Filipino,5.0,386,Manila,True,5.0
yafj,Don Benito's - Pajo,Cakes,5.0,275,Lapu-Lapu City Cebu,True,5.0
yao2,Gat To Go - Del Monte Ave,Pasta,5.0,19,Quezon City,True,5.0
yasi,Kungfu-Mulutan - N S Amoranto,Silog,0.0,0,Quezon City,False,
yatk,Nanay Oning's Everlasting - San Roque,Filipino,5.0,145,Marikina,True,5.0
yaz0,Glazed Bean,Coffee,0.0,0,Taguig City,False,
yaz5,Yaki Yaki - San Nicolas,Japanese,5.0,946,Pasig City,True,5.0
yb47,Angus Pares - SM Manila,Pares,4.9,69,Manila,True,4.9
yba1,KU-BU - IT Park,Filipino,5.0,222,Cebu City,True,5.0
ybc7,Mr Lemon - Pardo,Fruit Shake,0.0,0,Cebu City,False,
ybf8,Caramia - Robinsons Malolos,Cakes,5.0,204,Malolos Bulacan,True,5.0
ybt9,Cocina Chavacano Food Corner - Prudencio Street,Rice Bowl,5.0,90,Manila,True,5.0
ybvz,Mango Heyhey - Maybunga,Fruit Shake,4.9,77,Pasig City,True,4.9
yc01,24/7 Super Healthy  - Malolos,Healthy,5.0,1122,Malolos Bulacan,True,5.0
yc0y,Bawk Bawk Chicken - Matina,Chicken Wings,4.8,27,Davao City Davao Del Sur,True,4.8
yc4n,Pan De Manila - Ayala Alabang Town Center,Bread,5.0,202,Muntinlupa City,True,5.0
yc87,Sugbo Cocina Horizons 101,Seafood,0.0,0,Cebu City,False,
yc8f,Great Greens: Salads & Grains - Kapitolyo,Salads,5.0,325,Pasig City,True,5.0
yc8v,DOM'S Pancit - Regalado Avenue,Filipino,5.0,200,Quezon City,True,5.0
yc9o,Blessed Bhiestro - Quezon Avenue,Italian,0.0,0,Quezon City,False,
yc9q,Green Pig Bistro - Ortigas Avenue,Pizza,0.0,0,San Juan,False,
ycbw,Myung Jang Korean Corndog - SM Megamall,Korean,5.0,28,Mandaluyong City,True,5.0
ycbz,ZUS Coffee - Robinsons Fuente,BBQ,5.0,44,Cebu City,True,5.0
yce5,Master Siomai - Robinsons Townville,Chinese,0.0,0,Quezon City,False,
ycgk,BurJerNiTOL- Mataas na Lupa,Porridge,4.9,1779,Manila,True,4.9
ycj1,BearBrew by chaboba NS Amoranto,Coffee,0.0,0,Quezon City,False,
ycp6,Popeyes Chicken - Dona Elena,Chicken,5.0,1882,San Juan,True,5.0
ycpe,Agave Mexican Cantina - Avida Towers Verte,Snacks,4.5,33,Taguig City,True,4.5
ycrg,Rafael's Pizza - Arellano Street,Pizza,5.0,56,Koronadal South Cotabato,True,5.0
ycz3,Sulit Shawarma! - Quezon Avenue,Shawarma,4.6,69,Quezon City,True,4.6
yczy,Seoulicious Korean Food Mart - North Fairview,Korean,0.0,0,Quezon City,False,
yd0b,RBX Rice in a Box - Philcoa,Fast Food,5.0,86,Quezon City,True,5.0
yd2z,Highlands Coffee - W Fifth Avenue,Coffee,5.0,1212,Taguig City,True,5.0
yd4q,JAKARTA INN PIANO BAR & RESTAURANT,Asian,0.0,0,Manila,False,
yd7q,Unity Coffee • Vinyl - Don Jose Avila Street,Coffee,0.0,0,Cebu City,False,
ydig,Burger House Buddies - Holy Cross Drive,Burgers,0.0,0,Davao City Davao Del Sur,False,
ydln,Dang Clarings - Pedro Gil,Filipino,4.9,161,Manila,True,4.9
ydnf,TOMORO COFFEE - Metro Alabang Town Center,Coffee,5.0,95,Muntinlupa City,True,5.0
ydua,KKOPI.Tea - Calumpang,Beverages,0.0,0,Marikina,False,
ydw9,Macao Imperial Tea - SM Center Muntinlupa,Beverages,5.0,317,Muntinlupa City,True,5.0
ydz8,Eat Sleep Burger - Villamor Pasay City,Burgers,5.0,551,Pasay City,True,5.0
ydzr,Sisig Hooray - Ayala Malls Marikina,Sisig,5.0,604,Marikina,True,5.0
ydzu,Oleng's Lapaz Batchoy - Palma Gil Street,Filipino,4.9,2262,Davao City Davao Del Sur,True,4.9
ye4s,Taters - Ayala Mall Circuit,Snacks,5.0,221,Makati City,True,5.0
ye5o,Mango Royal Milkshake - Capulong Street,Fruit Shake,5.0,102,Manila,True,5.0
yean,COFFIX COFFEE SHOP,Coffee,4.9,18,Davao City Davao Del Sur,True,4.9
yebx,Eomma's Korean Fried Chickin - Malolos,Fried Chicken,4.9,236,Malolos Bulacan,True,4.9
yebz,The Red Crab Alimango House - Tomas Morato,Filipino,4.9,50,Quezon City,True,4.9
yefn,Sinugba - Dansalan,Filipino,5.0,233,Mandaluyong City,True,5.0
yefx,BJ’s Lechon House - Poblacion,Filipino,5.0,831,Koronadal South Cotabato,True,5.0
yehx,Big Brew - Del Monte,Milk Tea,5.0,161,Quezon City,True,5.0
yei4,Mr Float - Matina Pangi,Rice Bowl,0.0,0,Davao City Davao Del Sur,False,
yeig,Gotchu Jang: Korean Bowls - Manila,Korean,5.0,1068,Manila,True,5.0
yeno,Ikoyaki Takoyaki - Comembo,Takoyaki,5.0,1229,Makati City,True,5.0
yeqc,CHEWYORK - Sampaloc,American,5.0,116,Manila,True,5.0
yeu2,Koomi - Cash and Carry Makati,Beverages,5.0,201,Makati City,True,5.0
yevh,Carmen's Best - Rufino Tower,Ice Cream,0.0,0,Makati City,False,
yext,Ourblend Coffee and Milktea - Main Avenue,Coffee,5.0,266,Quezon City,True,5.0
yf1y,Cs Cafe - Tangerine Street,Coffee,5.0,29,Marikina,True,5.0
yf2i,Dhodz Pizza - Deca Homes,Pizza,4.9,97,Davao City Davao Del Sur,True,4.9
yf5r,Clarke's Cafe - Bonifacio,Fried Chicken,0.0,0,Davao City Davao Del Sur,False,
yf8k,Eclipse Cafe,Coffee,0.0,0,Manila,False,
yfa7,Rainbowl - Felcris Centrale,Rice Bowl,5.0,45,Davao City Davao Del Sur,True,5.0
yfbd,Manam's Pancit Pancitan - Molito,Filipino,5.0,208,Muntinlupa City,True,5.0
yfcz,8O8 Pizza Station - Osmeña Boulevard,Pizza,5.0,65,Cebu City,True,5.0
yfdg,Siaton Eatery- Bankerohan,Ulam,0.0,0,Davao City Davao Del Sur,False,
yfgf,Turks - Gaisano Grand Mall Mactan,Shawarma,5.0,286,Lapu-Lapu City Cebu,True,5.0
yfiy,Moonleaf - Guerilla,Milk Tea,5.0,71,Marikina,True,5.0
yfjl,Olah Halo Halo - Ilang Center,Halo-Halo,0.0,0,Davao City Davao Del Sur,False,
yfml,PALAISDAAN NI KA BANING - Balayong,Filipino,4.9,323,Malolos Bulacan,True,4.9
yfo2,Lemon na Bai- Gaisano Grand Mall Mactan,Beverages,0.0,0,Cebu City,False,
yfo6,Malabar - SM Aura,Fruit Shake,0.0,0,Taguig City,False,
yfpj,Yes Efren's Special BBQ - Retiro QC,Filipino,4.9,350,Quezon City,True,4.9
yfq8,Smile Elephant Thai Restaurant - Examiner Street,Thai,5.0,241,Quezon City,True,5.0
yful,Yolked - Grand Royale,Filipino,4.2,36,Malolos Bulacan,True,4.2
yfvf,Shawerma Hut - 170 P. Santos Street,Shawarma,0.0,0,Pasay City,False,
yfx5,Hunger Games - Gen Ordonez,Chicken,5.0,13,Marikina,True,5.0
yg3c,Angel's Pizza - Malate,Pizza,5.0,460,Manila,True,5.0
yg4r,ZUS Coffee - One Legarda,Coffee,5.0,135,Manila,True,5.0
yg65,Man-Go Juan - South Supermarket,Fruit Shake,0.0,0,Pasig City,False,
yg67,Tien Ma's - Putatan,Chinese,4.8,28,Muntinlupa City,True,4.8
yg6o,Popeyes Chicken - Alabang Town Center,Chicken,4.9,1492,Muntinlupa City,True,4.9
yga3,Mango Delight - BHF Mayombo Dagupan,Fruit Shake,4.9,40,Dagupan Pangasinan,True,4.9
ygah,De Original Jamaican Pattie Shop and Juice Bar - SM City Cebu,Filipino,5.0,142,Cebu City,True,5.0
ygi2,Chihuahua Express - BGC,Western,4.8,468,Taguig City,True,4.8
ygj5,Selecta Ice Cream - Taboan Tagbao,Ice Cream,5.0,94,Cebu City,True,5.0
ygm0,"Mr Dagupeño - Gagalangin, Tondo",BBQ,5.0,14,Manila,True,5.0
ygm2,Jap Street - Lucky Chinatown Mall,Japanese,0.0,0,Manila,False,
ygnw,Sukoshi Takoyaki - Santo Domingo,Japanese,4.9,16,Quezon City,True,4.9
ygor,LUNCHEONETTE in AbacaEats - Paseo Arcenas,American,0.0,0,Cebu City,False,
ygp3,It Tastes GUTZ Coffee - Ever Gotesco Commonwealth,Beverages,0.0,0,Quezon City,False,
ygtc,Pulutan at Silog ni Otit's - Matimbo,Fast Food,0.0,0,Malolos Bulacan,False,
ygw3,Mangrae - Kalayaan,Fruit Shake,5.0,218,Pasay City,True,5.0
ygze,Mango Series - Diamond Street,Beverages,0.0,0,Quezon City,False,
ygzg,Lotus Tea and Coffee - Project 8,Western,0.0,0,Quezon City,False,
yh1l,Mama Lenny's - Dahlia Avenue,Filipino,5.0,140,Quezon City,True,5.0
yh5r,Ramen King - Grand Central Residences Tower 1,Korean,5.0,622,Mandaluyong City,True,5.0
yh8x,K-Egg - North Signal Village,Sandwiches,4.9,12,Taguig City,True,4.9
yhc7,Multi-Mouth Rice Noodles and Crab & Meat Pot - Newton Street,Asian,4.9,69,Makati City,True,4.9
yhl6,Kanin at Sabaw By Fly Kitchen - Katipunan Avenue,Snacks,0.0,0,Quezon City,False,
yhng,Sajang Chicken Dagupan - Tapuac,Korean,5.0,254,Dagupan Pangasinan,True,5.0
yhqw,Fries b4 Guys - Buhangin,Chicken,4.7,51,Davao City Davao Del Sur,True,4.7
yhrh,Papa John's Pizza - Marikina,Pizza,5.0,1268,Marikina,True,5.0
yhu8,Fariñas Ilocos Empanada - Bagong Pag-Asa,Filipino,4.9,282,Quezon City,True,4.9
yhum,SUPER SPY  - 887 Samat Street,Filipino,0.0,0,Mandaluyong City,False,
yhvb,Maison Takoyaki (Takoyaki Corner),Takoyaki,5.0,247,Pasig City,True,5.0
yhy1,Tikim Takam - E. Rodriguez,Filipino,4.8,372,Quezon City,True,4.8
yhzt,Oui tacos - Robinsons Manila,Snacks,4.8,38,Manila,True,4.8
yi69,Takas+ Coffee Hub,Beverages,5.0,29,Makati City,True,5.0
yicf,Dagupan Pansiteria by 4Rs - Herrero Road,Filipino,5.0,507,Dagupan Pangasinan,True,5.0
yio8,Goto Mo’ Ko - UN Square,Filipino,0.0,0,Manila,False,
yiqz,K-Egg - Mendiola,Sandwiches,5.0,415,Manila,True,5.0
yith,Wok Alley - SM Mall of Asia,Rice Dishes,5.0,21,Pasay City,True,5.0
yj0a,Hungry Pita - SM Seaside,Wraps,4.6,38,Cebu City,True,4.6
yj7g,P. Donuts - Hanston Building,Cakes,5.0,25,Pasig City,True,5.0
yjf8,The Taste of Czaczacza Cafe - SM Sta Mesa,Cakes,0.0,0,Quezon City,False,
yjfn,Teriyaki Boy - Intramuros,Japanese,0.0,0,Manila,False,
yjzx,Seafood Factory- Quezon City,Seafood,0.0,0,Quezon City,False,
yk29,Lawson Cup & Go - One Trium,Coffee,4.8,25,Muntinlupa City,True,4.8
ykae,The Snack Hub - North Signal Village,Takoyaki,5.0,146,Taguig City,True,5.0
ykah,LUGAW PILIPINAS -MACEDA,Filipino,5.0,3067,Manila,True,5.0
ykc3,Imperial Restaurant - Cardinal Santos Medical Center,Filipino,4.7,52,San Juan,True,4.7
yke3,Bang Bang Special Crispy Bangus - Santa Ana,Seafood,5.0,61,Taguig City,True,5.0
ykf6,Le Katsu Mnl - Twins Plaza Malolos,Japanese,0.0,0,Malolos Bulacan,False,
ykl0,EL Milktea and Restobar - Pajac,Milk Tea,4.9,58,Lapu-Lapu City Cebu,True,4.9
ykl7,Vasso - Cebu Yacht Club,Milk Tea,4.7,19,Lapu-Lapu City Cebu,True,4.7
yklw,Ok Bob - Public Eatery at Robinsons Magnolia,Shawarma,4.8,31,Quezon City,True,4.8
yknq,ZAPA Food Store,Chinese,0.0,0,Cebu City,False,
ykr8,Popeyes Chicken - Don Antonio,Chicken,4.9,4047,Quezon City,True,4.9
yku1,Lunette's Cake And Pastries Shop - Cordova,Cakes,0.0,0,Lapu-Lapu City Cebu,False,
yl07,Diners Junction,Filipino,4.9,41,Cebu City,True,4.9
yl2q,Bonchon Chicken - Katipunan Regis,Fast Food,5.0,1294,Quezon City,True,5.0
yl2z,Analog Cafe - Salinas Premier,Coffee,4.8,15,Cebu City,True,4.8
yl3y,Tony's Lechon -  South Osmeña Street,Filipino,0.0,0,Cebu City,False,
yl5c,Kapekol - Mintal branch,Coffee,0.0,0,Davao City Davao Del Sur,False,
yl67,Sarsa Kitchen + Bar - Rada Street,Chicken,5.0,26,Makati City,True,5.0
yl8d,Frito iloko Resto Cafe,Filipino,0.0,0,Pasay City,False,
yla3,Thai Coconut - Poblacion,Ulam,0.0,0,Koronadal South Cotabato,False,
ylar,Ate Rica's Bacsilog - One Buendia Food Plaza,Silog,5.0,170,Pasay City,True,5.0
ylfw,Great Mornings - Pasig,Silog,4.8,12,Pasig City,True,4.8
ylg6,Rice Republik - Sampaloc,Korean,0.0,0,Manila,False,
yljw,The Pollo Family: Loaded Chicken - Manila,Fried Chicken,5.0,155,Manila,True,5.0
ylmd,Meokja Dosirak Korean Food House - Bago Bantay,Korean,5.0,192,Quezon City,True,5.0
ylmj,Super Chicken Tenders - Marikina Heights,Chicken,5.0,1684,Marikina,True,5.0
ylo6,Marry Taste Kitchenette - Sugbo Sentro IT Park,Filipino,5.0,247,Cebu City,True,5.0
ylvu,Cantonese Dimsum House - SM Cherry Congressional,Chinese,5.0,27,Quezon City,True,5.0
ylwe,Ramen Ra - Evangelista Street,Japanese,4.9,732,Makati City,True,4.9
ylzi,Highlands Coffee - Robinsons Cybergate Tower 3,Coffee,5.0,1111,Mandaluyong City,True,5.0
ym8b,Coop’s Boneless Chicken - Del Pan,Fried Chicken,5.0,376,Makati City,True,5.0
ymgv,Rustic Box Steakhouse Restaurant - Grace Residences,American,4.8,23,Taguig City,True,4.8
ymlo,Angel’s Pizza - Ormoc,Pizza,5.0,466,Ormoc Leyte,True,5.0
ymoa,Soi Chicken - SM Mall of Asia,Thai,0.0,0,Pasay City,False,
ymod,Patty's Bakeshop - San Pedro Street,Bread,5.0,52,Davao City Davao Del Sur,True,5.0
ympi,Rosita’s Buffet and Restaurant - Dahlia,Asian,4.9,526,Quezon City,True,4.9
ymul,Grainsmart Cafe - Addition Hills,Beverages,4.8,26,Mandaluyong City,True,4.8
ymxx,Samu Rice - Tormis Street,Rice Dishes,5.0,459,Cebu City,True,5.0
ymy8,Max Cafe - Loyola,Beverages,0.0,0,Manila,False,
yn5f,ChaTraMue - SM Megamall,Beverages,5.0,109,Mandaluyong City,True,5.0
yn72,Red Ribbon - Karangalan Pasig,Cakes,5.0,53,Pasig City,True,5.0
yn73,Ling Nam - Jose Abad Santos Street,Chinese,5.0,546,San Juan,True,5.0
yndu,Kuya J Restaurant - SM Marikina,Filipino,4.9,104,Marikina,True,4.9
yngg,Wildflour Burger - South Triangle,Burgers,0.0,0,Quezon City,False,
yngj,3714 Tea Cafe & Kitchenette - Stanford St,Asian,0.0,0,Pasay City,False,
ynlj,Banapple - Ayala North Exchange,Cakes,5.0,132,Makati City,True,5.0
ynm4,Wing Boss - Damosa Gateway,Fried Chicken,5.0,11,Davao City Davao Del Sur,True,5.0
ynmq,Don Benito's - Mega Q-Mart,Cakes,5.0,482,Quezon City,True,5.0
ynn7,Cooler's Delight - Pakpakan Road,Fruit Shake,0.0,0,Lapu-Lapu City Cebu,False,
ynvn,The Olive Tree,Unknown,4.5,10,Muntinlupa City,True,4.5
ynvs,Brownies Unlimited - SM City Manila,Desserts,5.0,227,Manila,True,5.0
yo0l,Hielo - Tutuban,Ice Cream,0.0,0,Manila,False,
yoa8,Momoyo Ice Cream & Iced Coffee - SM City Novaliches,Ice Cream,0.0,0,Quezon City,False,
yoc9,Yoo Dae Bak - SM Lanang Premier,Rice Bowl,4.9,45,Davao City Davao Del Sur,True,4.9
yohn,Pelayo's - Blumentritt,Sisig,0.0,0,Manila,False,
yojy,THAT COFFEE HITS DIFFERENT - Lim Street,Coffee,4.9,11,Davao City Davao Del Sur,True,4.9
yolp,Dencio's - Metlive Mall,Filipino,4.4,13,Pasay City,True,4.4
yony,Sizzling Bambu,Filipino,0.0,0,Davao City Davao Del Sur,False,
yov5,Caffeine Express - Tiosejo Street,Coffee,0.0,0,Mandaluyong City,False,
yp15,Tamp Coffee and Patisserie - Kasambagan,Pasta,5.0,545,Cebu City,True,5.0
yp7g,HB Coffee and Milktea Shop - H Bautista Street,Coffee,0.0,0,Marikina,False,
yp8m,Serenitea - Caltex Ortigas Extension,Milk Tea,5.0,651,Pasig City,True,5.0
ypjr,Shingfang 1940 - Governor M Cuenco Avenue,Milk Tea,0.0,0,Cebu City,False,
ypwi,Tramway 2 Go - Timog,Chinese,4.9,45,Quezon City,True,4.9
ypx2,Ahlgonz Food Stall - Basak,Rice Bowl,4.9,14,Lapu-Lapu City Cebu,True,4.9
ypyt,Cabalen - SM City Davao,Ulam,4.8,56,Davao City Davao Del Sur,True,4.8
yq08,Cafe Mary Grace - SM City Manila,Cakes,5.0,212,Manila,True,5.0
yq0h,JM Shawarma - Gaisano Mall Bajada,Middle Eastern,5.0,53,Davao City Davao Del Sur,True,5.0
yq0p,Chambee Milktea - L. Labao St,Milk Tea,0.0,0,Taguig City,False,
yq2a,ZUS Coffee - Ayala Malls Vertis North,Coffee,5.0,29,Quezon City,True,5.0
yq87,Chef Krish - West Zamora Street,Rice Bowl,0.0,0,Manila,False,
yq9i,MANGO-go-Yow - N. Garcia St. Makati,Fruit Shake,5.0,767,Makati City,True,5.0
yqax,De Original Jamaican Pattie Shop and Juice Bar - PSE Tower BGC,Filipino,5.0,102,Taguig City,True,5.0
yqeg,Heybo - One Ayala,Healthy,5.0,62,Makati City,True,5.0
yqfk,Bully Buffalo - R Square Residences,Rice Dishes,4.7,53,Manila,True,4.7
yqhi,Tikim Takam - Taft La Salle,Filipino,4.7,440,Manila,True,4.7
yqk0,LOVE COFFEE - Skyroc Building,Beverages,0.0,0,Pasig City,False,
yqlm,Italianni's - Shops at Ayala Triangle Gardens,Italian,0.0,0,Makati City,False,
yqre,39ers Milktea Coffee and Snacks - Narra Street,Filipino,0.0,0,Muntinlupa City,False,
yqt6,Baam Chicken,Chicken,0.0,0,Quezon City,False,
yqw6,Cain's Coffee Muntinlupa,Beverages,0.0,0,Muntinlupa City,False,
yr1o,Jou Jou Grill and Restaurant - Koronadal,Filipino,4.8,27,Koronadal South Cotabato,True,4.8
yr43,Haro Haro - Kalentong,Milk Tea,5.0,79,Manila,True,5.0
yr59,ZUS Coffee - One Archers' Place,Coffee,5.0,183,Manila,True,5.0
yr94,Uncle John's - Countryside,Chicken,5.0,410,Pasig City,True,5.0
yr98,Sebu Cha Cafe - P Del Rosario,Beverages,5.0,135,Cebu City,True,5.0
yrau,Piccola by Plains & Prints - Gateway 2,Coffee,0.0,0,Quezon City,False,
yray,CoCo Fresh Tea & Juice - Eastwood,Milk Tea,5.0,4780,Quezon City,True,5.0
yrb6,Wildflour Cafe + Bakery - Alabang,American,5.0,144,Muntinlupa City,True,5.0
yrc4,The American Backyard - Lanang,Ramen,0.0,0,Davao City Davao Del Sur,False,
yrcw,Masida Coffee - Manila,Coffee,4.9,31,Manila,True,4.9
yrg6,Samgyup Kit - Punta Princesa,Korean,5.0,201,Cebu City,True,5.0
yrgw,Cafe JangGeum - SM North Edsa,Coffee,5.0,15,Quezon City,True,5.0
yrkw,The Kebab Co. - South Triangle,Shawarma,5.0,701,Quezon City,True,5.0
yrni,R. Lapid's Chicharon and Barbecue - Shangri-La Plaza,Snacks,4.8,10,Mandaluyong City,True,4.8
yrpg,Oh My Greek (OMG) - Robinsons Manila,Seafood,4.9,33,Manila,True,4.9
yrpo,Del Mar Painitan - Bankerohan,Rice Dishes,5.0,711,Davao City Davao Del Sur,True,5.0
yrsi,Chicken Boys 雞仔 - Esteban Abada Street,Chicken,5.0,217,Quezon City,True,5.0
yrwi,Le Katsu MNL - Ayala Fairview Terraces,Burgers,5.0,15,Quezon City,True,5.0
ys02,Domino's Pizza - Taft Avenue,Pizza,4.8,1935,Manila,True,4.8
ys07,Cafe.062 - Rosedale Place,Coffee,0.0,0,Cebu City,False,
ys3g,Space-Arabica,Unknown,4.9,136,Davao City Davao Del Sur,True,4.9
ysku,Hokkien Fried Chicken - Banawe,Fried Chicken,5.0,179,Quezon City,True,5.0
ysnf,Takam - Timog Avenue,Filipino,4.9,251,Quezon City,True,4.9
ysq2,Avocadoria.ph - Robinsons Malolos,Ice Cream,5.0,81,Malolos Bulacan,True,5.0
yswy,KANGEN RASA,Ulam,0.0,0,Makati City,False,
yt29,Papa V Good Food - Time Square Talamban,Shawarma,5.0,26,Cebu City,True,5.0
yt2o,Happy Sip Milktea & Coffee - Taguig,Milk Tea,0.0,0,Taguig City,False,
yt52,Wantusawa - Makati,Seafood,0.0,0,Makati City,False,
yt8k,Mangyu Luzy Coffee House - Talomo,Coffee,0.0,0,Davao City Davao Del Sur,False,
ytbo,Pizza Payan,Pizza,4.9,272,Davao City Davao Del Sur,True,4.9
ytfh,Silog Express Atbp. - Makati,Silog,4.9,917,Makati City,True,4.9
ytia,Causeway Seafood Restaurant - Timog Avenue,Chinese,5.0,510,Quezon City,True,5.0
ytlt,Egg Bomb - TSL Building,Korean,5.0,1126,Quezon City,True,5.0
ytn7,Bacolod Chicken Inasal - SM Megamall,Filipino,5.0,634,Mandaluyong City,True,5.0
ytpb,Brooklyn's New York Pizza - Madison Galeries,Pizza,4.8,20,Muntinlupa City,True,4.8
ytpv,Paotsin - Metropoint Mall,Dumpling,4.9,984,Pasay City,True,4.9
ytql,Mang Inasal - GMall Davao,Chicken,4.9,1264,Davao City Davao Del Sur,True,4.9
ytz2,Bini Beri,Beverages,0.0,0,Mandaluyong City,False,
yu18,Raul's Filipino Restaurant - Climaco,Ulam,4.9,22,Cebu City,True,4.9
yu4r,Cup of Joe - Enriquez Street,Beverages,0.0,0,Makati City,False,
yu5t,Rarjap Sizzling House - Congressional,Liempo,4.8,22,Quezon City,True,4.8
yu7p,CRISPY ANYHAW AT IBA PA - 14 NEW ORLEANS STREET,Filipino,0.0,0,Quezon City,False,
yu9i,Miss J sizzlers and Chicken Wings - Roamceville,Milk Tea,0.0,0,Koronadal South Cotabato,False,
yucr,After Tree Dessert Cafe - SM Mall of Asia,Desserts,0.0,0,Pasay City,False,
yudh,Candy Corner - SM Seaside City Cebu,Desserts,5.0,13,Cebu City,True,5.0
yug0,Bielle's - National Road,Filipino,5.0,123,Muntinlupa City,True,5.0
yugs,Madkhan House Of Tandoori - C Raymundo,Indian,4.9,27,Pasig City,True,4.9
yuh4,Leega Korean Restaurant - Pasay City,Korean,0.0,0,Pasay City,False,
yuii,80/20 Burger Bar PH - F Blumentritt,Burgers,4.9,82,San Juan,True,4.9
yukx,Fat Daddy - San Juan,Chicken,5.0,31,San Juan,True,5.0
yupm,Rita's - Festival,Desserts,0.0,0,Muntinlupa City,False,
yuvc,Juan Cafe - Marikina Heights,Coffee,5.0,67,Marikina,True,5.0
yuw0,Ohayo Japanese Comfort Food - Maginhawa Street,Japanese,5.0,52,Quezon City,True,5.0
yuxp,The Giddy Goat - Lapu Lapu,Coffee,5.0,89,Lapu-Lapu City Cebu,True,5.0
yvdn,205 - BGC,Seafood,0.0,0,Taguig City,False,
yvta,Balamban Liempo - Tacunan,Lechon,5.0,59,Davao City Davao Del Sur,True,5.0
yvu5,AGC Burger - Guadalupe,Burgers,5.0,21,Cebu City,True,5.0
yvye,Sip Up Coffee - Mendiola,Beverages,4.9,26,Manila,True,4.9
yvyt,BENTO - GO - Sampaloc,Rice Bowl,5.0,32,Manila,True,5.0
yw2t,Ocha Japanese Milktea House - Banilad,Milk Tea,5.0,491,Cebu City,True,5.0
yw6g,Mang Domeng's Bibingka - Wawa Taguig,Desserts,5.0,32,Taguig City,True,5.0
yw8e,Kusina Habhab - Queensland Manor,Filipino,5.0,62,Cebu City,True,5.0
ywdz,Pepa Wings – WWCC,Chicken,4.9,172,Mandaluyong City,True,4.9
ywf0,McDonald's - Quirino Mabini,Fast Food,4.8,2998,Manila,True,4.8
ywgk,Pares Ni Lakay - Nakar Street,Pares,4.8,4534,Manila,True,4.8
ywjo,Cello's Doughnuts & Dips - Katipunan Avenue,Donut,5.0,542,Quezon City,True,5.0
ywkz,Good Times Restaurant - Pearl Drive,Asian,0.0,0,Quezon City,False,
ywl2,Selecta Ice Cream Shop - Moriones St Tondo,Ice Cream,5.0,40,Manila,True,5.0
ywl6,Casa Daza By Chef Sandy - Promenade,Filipino,5.0,78,San Juan,True,5.0
ywnd,Arch Shawarma By Syoktong - Tondo,Shawarma,0.0,0,Manila,False,
ywrx,Anak ni Baby Puto - Guerrero,Noodles,5.0,77,Davao City Davao Del Sur,True,5.0
ywvy,Jollibee - AB Fernandez Reloc,Burgers,4.8,43,Dagupan Pangasinan,True,4.8
ywz6,Cafe Nona Pasig,Asian,5.0,111,Pasig City,True,5.0
ywz7,Fariñas Ilocos Empanada - UN Avenue,Western,5.0,290,Manila,True,5.0
yx41,The Hungry Pita - Twins Plaza,Asian,0.0,0,Malolos Bulacan,False,
yx5u,"Chapter Coffee - Sampaloc, Manila",Coffee,5.0,16,Manila,True,5.0
yx8c,YourOptions ToBeHealthy - Maceda Street,Salads,5.0,1978,Manila,True,5.0
yxis,Z & E Homemade Food Trading - Ibo,Rice Bowl,4.9,52,Lapu-Lapu City Cebu,True,4.9
yxjt,ZUS Coffee - One World Square Mckinley,Coffee,5.0,473,Taguig City,True,5.0
yxmn,Thai Ton House - Midtown Subdivision,Thai,5.0,85,Marikina,True,5.0
yxr6,TwisTea - F. Martinez Branch,Milk Tea,0.0,0,Mandaluyong City,False,
yxvp,Vivi's Humba,Filipino,0.0,0,Mandaluyong City,False,
yxw4,Wabi Sabi Japanese Fusion - The Block,Japanese,5.0,46,Koronadal South Cotabato,True,5.0
yy0k,Mang Lechon  - Don Antonio,Lechon,4.8,101,Quezon City,True,4.8
yy15,Bo's Coffee - Casa Gorordo,Coffee,5.0,311,Cebu City,True,5.0
yy2j,Lomihan ni Kambal - Ramon Magsaysay,Filipino,5.0,1154,Quezon City,True,5.0
yy6e,The Lemon Co. - Paseo Arcenas,Beverages,5.0,19,Cebu City,True,5.0
yyfb,Sushi Nori - SM North Edsa,Sushi,5.0,114,Quezon City,True,5.0
yyjq,Wildflour Cafe + Bakery - South Triangle,American,5.0,250,Quezon City,True,5.0
yyk0,"But First, Coffee - L' Paseo Arcade",Coffee,5.0,511,Muntinlupa City,True,5.0
yyp9,Cole's Cansi - Marigondon,Ulam,5.0,34,Lapu-Lapu City Cebu,True,5.0
yyuv,TakoTako - Ilaya Street,Japanese,4.9,54,Muntinlupa City,True,4.9
yyvi,Chicken House - Old Sauyo Road,Chicken,0.0,0,Quezon City,False,
yyyw,Manam's Pancit Pancitan - Pasong Tamo,Filipino,5.0,93,Makati City,True,5.0
yz07,Bawk Bawk Chicken - Loyola Street,Fried Chicken,4.9,86,Davao City Davao Del Sur,True,4.9
yz4p,Kanin at Sabaw By Fly Kitchen - C. Palanca,Filipino,5.0,986,Makati City,True,5.0
yz4v,OLIVER'S COFFEE - BISTRO (Greenhills),Coffee,0.0,0,San Juan,False,
yz5c,Chixboy - The Ridges Mabolo,BBQ,0.0,0,Cebu City,False,
yz5n,1016 Cafe,Beverages,0.0,0,Quezon City,False,
yz6i,Happy Lemon - GMarket Azuela,Snacks,5.0,113,Davao City Davao Del Sur,True,5.0
yz6u,Home Hungries MNL - Makati,Fruit Shake,4.8,24,Makati City,True,4.8
yzad,Uncle Cheffy - Robinsons Place Manila,American,0.0,0,Manila,False,
yzaz,The Social Donuts - Toril,Donut,5.0,13,Davao City Davao Del Sur,True,5.0
yzek,Kuya Unyo's Ihaw Ihaw - Inang Wika,Filipino,5.0,1284,Malolos Bulacan,True,5.0
yzgz,Takoyadon - Venice Grand Canal Mall at McKinley Hill,Takoyaki,5.0,779,Taguig City,True,5.0
yzik,St. Louis - Molito,Coffee,5.0,13,Muntinlupa City,True,5.0
yzjf,ChaTraMue - Uptown Mall,Beverages,4.9,20,Taguig City,True,4.9
z01x,Guds Restaurant,Filipino,0.0,0,Malolos Bulacan,False,
z05h,Kaffee Cove - Jakosalem Street,Milk Tea,0.0,0,Cebu City,False,
z0df,Famous Belgian Waffles - Unimart Capitol Commons,Pancakes & Waffles,5.0,158,Pasig City,True,5.0
z0ii,The Kebab Co. - Kapitolyo,Shawarma,5.0,1274,Pasig City,True,5.0
z0jw,Chatime - Shangri-La,Milk Tea,5.0,693,Mandaluyong City,True,5.0
z0m2,8785 Cafe & Bakery - Market Avenue,Beverages,5.0,33,Pasig City,True,5.0
z0n6,Kyu Slō Bar & Cafe,Coffee,5.0,23,Valencia Bukidnon,True,5.0
z0pd,Seattle's Best Coffee - Ayala Cebu,Coffee,5.0,754,Cebu City,True,5.0
z0ud,"Miggy's Siomai, Lugaw atbp.",Dumpling,5.0,1418,Davao City Davao Del Sur,True,5.0
z0un,Barok's Noodle Rice and Dimsum - Novaliches Bayan,Dumpling,4.2,93,Quezon City,True,4.2
z0vi,BreadTalk - SM City East Ortigas,Sandwiches,5.0,78,Pasig City,True,5.0
z0yd,Popeyes Chicken - Keyland Ayala,Chicken,4.9,1846,Makati City,True,4.9
z0yq,Lechon Belly Kitchen - SM City Santa Mesa,Seafood,4.9,72,Quezon City,True,4.9
z10j,Fusion Ramen - Jaena,Ramen,5.0,72,Pasig City,True,5.0
z11g,Master Gaw 24/7 - Manila,Filipino,5.0,979,Manila,True,5.0
z11n,CoCo Fresh Tea & Juice - Gateway,Milk Tea,5.0,5625,Quezon City,True,5.0
z134,Tapsulit - Pembo,Filipino,4.8,74,Taguig City,True,4.8
z1bg,JM Shawarma - Gaisano Grand of Koronadal,Shawarma,4.9,422,Koronadal South Cotabato,True,4.9
z1cf,Baesic Cafe - 123 Labao Street,Filipino,0.0,0,Taguig City,False,
z1d1,The Snack Shack - West Triangle,Burgers,0.0,0,Quezon City,False,
z1eb,Sotero’s Bibingka Putobumbong - MacArthur Highway,Filipino,4.8,1669,Malolos Bulacan,True,4.8
z1gh,Nessa's Kitchen - Teodora Alonza Street,Pizza,4.9,302,Manila,True,4.9
z1hc,Pazzi's Pizza - Rancho 4 West,Pizza,4.7,703,Marikina,True,4.7
z1jx,The Happy Chef - Linden Suites,Unknown,5.0,17,Pasig City,True,5.0
z1ko,Burger Matsing - Ybardolaza Street,Burgers,4.9,81,Quezon City,True,4.9
z1kp,Paotsin - Cherry Shaw,Dumpling,4.9,537,Mandaluyong City,True,4.9
z1ku,Classic Savory - SM Dagupan,Chicken,5.0,566,Dagupan Pangasinan,True,5.0
z1q2,Tubo Sugarcane Juice Shop - Gmall Toril,Fruit Shake,0.0,0,Davao City Davao Del Sur,False,
z1r7,PicaBean Coffee House - Ayala Central Bloc,Coffee,5.0,416,Cebu City,True,5.0
z1vs,One Zo Tapioca - SM Muntinlupa,Milk Tea,5.0,85,Muntinlupa City,True,5.0
z1wk,Kabarro Cafe - South Triangle,Filipino,0.0,0,Quezon City,False,
z1y1,Tongkko - Tondo,Fast Food,0.0,0,Manila,False,
z1y2,The Purple Blend Snack Bar - National Road,Beverages,0.0,0,Muntinlupa City,False,
z1zl,Nanay Divine Kainan - China Town,Ulam,5.0,73,Koronadal South Cotabato,True,5.0
z216,Eat! - Loyola Heights,Filipino,5.0,40,Quezon City,True,5.0
z24y,Nessa's Kitchen - Taft Avenue,Japanese,4.8,735,Manila,True,4.8
z27o,99Silog - Nova Plaza Mall,Silog,0.0,0,Quezon City,False,
z2fb,True Lemon - Lucky Chinatown Mall,Milk Tea,5.0,89,Manila,True,5.0
z2gw,Morelli's Gelato - Shangri-La Plaza,Fruit Shake,5.0,4,Mandaluyong City,True,5.0
z2ht,Uncle Roger's Sisig Food Hub - La Cittadella Subdivision,Sisig,4.6,79,Cebu City,True,4.6
z2io,Oh Mango - TSL Building,Desserts,5.0,3232,San Juan,True,5.0
z2p5,Gohan Tei - Granada,Japanese,4.9,256,Quezon City,True,4.9
z2pr,Du Hsiao Yueh - SM East Ortigas,Asian,0.0,0,Pasig City,False,
z2sg,Serenitea - Mckinley Grand Canal,Milk Tea,5.0,1147,Taguig City,True,5.0
z2t9,Tokyo Tokyo - Ayala Malls South Park,Japanese,5.0,467,Muntinlupa City,True,5.0
z2te,Blend and Cream Café - New Lower Bicutan,Beverages,5.0,160,Taguig City,True,5.0
z2uy,Rafael's Pizza - Sasa,Pizza,4.9,454,Davao City Davao Del Sur,True,4.9
z2w1,Hen Lin - One Sto Tomas,Siomai,4.9,25,Manila,True,4.9
z2w6,Burger King - Ortigas C. Raymundo,Burgers,5.0,3436,Pasig City,True,5.0
z2ye,TeAmeerah Milk Tea - Aviles Street,Milk Tea,4.8,532,Ormoc Leyte,True,4.8
z2zp,Chowking - Ormoc,Fast Food,5.0,3460,Ormoc Leyte,True,5.0
z312,Silog Bistro Express - DMSF,Ulam,0.0,0,Davao City Davao Del Sur,False,
z371,Why Lemon - IT Park,Fruit Shake,0.0,0,Cebu City,False,
z397,CHEBI WEBBI DESSERT CAFE - GREENHILLS,Filipino,0.0,0,San Juan,False,
z3ci,SouthWing Cafeteria - CT Drive Tulip,Rice Dishes,5.0,1747,Davao City Davao Del Sur,True,5.0
z3cq,The Pollo Family: Loaded Chicken - Pasay,Fried Chicken,5.0,101,Pasay City,True,5.0
z3ex,Leylam - Robinsons Ormoc,Rice Dishes,5.0,250,Ormoc Leyte,True,5.0
z3hl,Bakilid Eatery - AS Fortuna,Rice Dishes,5.0,4138,Cebu City,True,5.0
z3jx,Don Macchiatos - Bonifacio,Coffee,4.5,13,Davao City Davao Del Sur,True,4.5
z3ry,Selecta Ice Cream - NCCC Tigato,Ice Cream,5.0,189,Davao City Davao Del Sur,True,5.0
z3t1,Delgie Buko Shake - Victoria Plaza,Fruit Shake,4.9,70,Davao City Davao Del Sur,True,4.9
z3tu,Oriental Bowl - SM City San Lazaro,Chinese,4.9,50,Manila,True,4.9
z3uz,YOGOST - SM North,Desserts,5.0,284,Quezon City,True,5.0
z3vd,Waffle Time - NVM Mall,Desserts,4.9,40,Valencia Bukidnon,True,4.9
z3wm,Ilaputi - Ayala,Filipino,5.0,127,Cebu City,True,5.0
z3x8,Oolah! - Cityland III,Beverages,5.0,37,Makati City,True,5.0
z3xy,FNR Ilonggos Best Lechon Manok - National Road,Chicken,0.0,0,Muntinlupa City,False,
z41d,Avocadoria.ph - Mitsukoshi Mall,Ice Cream,0.0,0,Taguig City,False,
z437,KKOPI.Tea - 168 Shopping Mall,Milk Tea,0.0,0,Manila,False,
z49u,Hidden Vietnam - Commonwealth,Asian,5.0,113,Quezon City,True,5.0
z4ed,Eat and Shot - Diamond Street,Burgers,5.0,453,Marikina,True,5.0
z4fk,Potato Giant - Market Market,Snacks,5.0,763,Taguig City,True,5.0
z4gf,Mang Craze Main- Atlag,Fruit Shake,5.0,580,Malolos Bulacan,True,5.0
z4gq,Lugaw Pilipinas - Pilapil Street,Filipino,5.0,1650,Pasig City,True,5.0
z4gy,Cebu's Original Lechon Belly - Maxwell Hotel,Filipino,5.0,695,Cebu City,True,5.0
z4id,Araya Shawarma Milktea - Zamora Dagupan,Shawarma,4.9,1006,Dagupan Pangasinan,True,4.9
z4kg,Cha Tuk Chak - Azucena Street,Milk Tea,5.0,4111,Pasig City,True,5.0
z4mr,Milky Vibes - Don Manuel,Milk Tea,5.0,508,Quezon City,True,5.0
z4oo,Seoul Good - Food District,Korean,4.3,48,Taguig City,True,4.3
z4pw,Scoopy Doo Big Scoop Ice Cream - Miguelin Street,Ice Cream,5.0,112,Manila,True,5.0
z4t1,Spaghetti Factory - Chino Roces Avenue,Pasta,0.0,0,Makati City,False,
z4t9,Tempu Yum - Metro Pointe Center,Pizza,4.8,54,San Juan,True,4.8
z4tp,Mapa Ramen - Marikina,Ramen,5.0,49,Marikina,True,5.0
z4wh,Lugaw Republic - Levi Mariano,Porridge,4.9,1131,Taguig City,True,4.9
z4xo,Ohachi - Megamall,Japanese,5.0,344,Mandaluyong City,True,5.0
z571,Just Squeezed - SM Fairview,Beverages,0.0,0,Quezon City,False,
z572,The Hungry Pita - Paco Mall,Shawarma,0.0,0,Manila,False,
z589,Burgebites Foodhub - Sampaloc,Burgers,5.0,1342,Manila,True,5.0
z58z,Kyushu Ramen - Ayala Malls Cloverleaf,Ramen,5.0,124,Quezon City,True,5.0
z5dc,AMCV Health foods - Aguilar street,Healthy,5.0,369,Valencia Bukidnon,True,5.0
z5dp,Jollibee - Ayala Mall Circuit,Fast Food,5.0,3936,Makati City,True,5.0
z5j7,LARRY'S GOTO HOUSE - 28 SANTAN STREET,Filipino,0.0,0,Marikina,False,
z5k5,Jelly G Thai Milk Tea - Glorietta 4,Milk Tea,0.0,0,Makati City,False,
z5kt,Café de Shisha,Middle Eastern,0.0,0,Quezon City,False,
z5mx,Giligan's - SM Seaside City Cebu,Filipino,5.0,132,Cebu City,True,5.0
z5ot,Just Cakes Mnl - Mayon,Coffee,4.9,1296,Quezon City,True,4.9
z5ot,Yeobo Korean Coffee - Mayon,Coffee,4.9,1286,Quezon City,True,4.9
z5rt,Zagu - Blueboz,Beverages,5.0,588,Makati City,True,5.0
z5sg,Pepa Wings - SM City Marikina,Chicken Wings,5.0,437,Marikina,True,5.0
z5uu,Wright Wings - Hampton Garden,Chicken Wings,5.0,139,Pasig City,True,5.0
z5vg,Chocolate Cakes by Nicole - Mactan New Town,Cakes,5.0,20,Lapu-Lapu City Cebu,True,5.0
z5yj,The Chicken Factory - Holy Spirit Drive,Fried Chicken,5.0,200,Quezon City,True,5.0
z5zv,NYFD (New York Fries and Dips) - One Ayala,Fries,0.0,0,Makati City,False,
z61a,Lugaw Daddy - Pasay,Porridge,4.9,304,Pasay City,True,4.9
z631,Nono's Doughnuts - Malolos,Ulam,5.0,29,Malolos Bulacan,True,5.0
z632,Teriyaki Boy - Medical City,Japanese,0.0,0,Pasig City,False,
z699,Highlands Coffee - Cebu Exchange,Coffee,0.0,0,Cebu City,False,
z6ck,GreatFood - Kasambagan,American,4.9,181,Cebu City,True,4.9
z6dg,Rice Rocket - Valero,Asian,5.0,334,Makati City,True,5.0
z6ee,Angel's Pizza - Mandaluyong,Pizza,5.0,317,Mandaluyong City,True,5.0
z6fu,McDonald's - Valencia,Fast Food,5.0,14081,Valencia Bukidnon,True,5.0
z6i3,Modern Shanghai  - Mckinley,Chinese,0.0,0,Taguig City,False,
z6mt,Okawari Japanese Foods,Desserts,4.9,19,Cebu City,True,4.9
z6nk,Jojo's Take Home & Food Counter - Agdao,Chicken,5.0,1103,Davao City Davao Del Sur,True,5.0
z6qv,The House of Mantou - Quezon Avenue,Asian,5.0,236,Quezon City,True,5.0
z6t2,Food Crib Milktea - Dollar,American,5.0,127,Quezon City,True,5.0
z6vt,Latea - Malate,Milk Tea,5.0,25,Manila,True,5.0
z6vw,The Crazy Bite Co Sky Cafe - T Monteverde St,Burgers,5.0,393,Davao City Davao Del Sur,True,5.0
z6vy,Mila's Lechon - La Loma,Filipino,4.9,956,Quezon City,True,4.9
z6yd,Teriyaki Boy - Kapitolyo,Japanese,4.9,171,Pasig City,True,4.9
z6ye,El's Desserts Dessert House - Bills Street,Cakes,5.0,87,Quezon City,True,5.0
z6yx,Lemon Express - Festival Mall,Milk Tea,5.0,153,Muntinlupa City,True,5.0
z6zi,Seattle's Best Coffee - Lepanto Building,Coffee,4.9,161,Makati City,True,4.9
z77f,ChaTraMue - SM Mall of Asia,Beverages,5.0,138,Pasay City,True,5.0
z78k,LADY-K CAFE,Coffee,5.0,28,Quezon City,True,5.0
z799,Khao Khai Thai Chicken House - SM Fairview,Thai,5.0,214,Quezon City,True,5.0
z7bf,SouthWing Cafeteria  - Jacinto,Fried Chicken,5.0,3122,Davao City Davao Del Sur,True,5.0
z7et,George and Onnie's Filipino Restaurant - SM Megamall,Filipino,4.9,169,Mandaluyong City,True,4.9
z7et,George and Onnie's (Little Flour) Filipino Restaurant - SM Megamall,Filipino,4.9,158,Mandaluyong City,True,4.9
z7fz,Dimsum Break - SM Center Ormoc,Rice Dishes,5.0,1467,Ormoc Leyte,True,5.0
z7hg,Taters - Robinsons Place Valencia,Snacks,4.8,16,Valencia Bukidnon,True,4.8
z7kj,Mango Magic - Sagkahan,Beverages,5.0,75,Cebu City,True,5.0
z7oo,HAI PIO Pares at BBQ - Carriedo,Filipino,5.0,480,Manila,True,5.0
z7ql,The Aristocrat Bakeshop - Jupiter Street,Cakes,5.0,140,Makati City,True,5.0
z7r2,Biryani House - Ecoland,Middle Eastern,4.8,41,Davao City Davao Del Sur,True,4.8
z7tf,Infinitea - Mercedes Avenue,Milk Tea,5.0,1150,Pasig City,True,5.0
z7tl,The Original AA BBQ - Soong,Filipino,5.0,1043,Lapu-Lapu City Cebu,True,5.0
z7zu,Le Katsu Mnl - King Ferdinand Street,Japanese,0.0,0,Quezon City,False,
z804,The Sundry Food Hall (Mix and Match) - Makati,Asian,0.0,0,Makati City,False,
z880,Koomi - SM Center Dagupan,Beverages,5.0,158,Dagupan Pangasinan,True,5.0
z8eq,Norobi Grill And Resto Bar - Abuno Pajac,Filipino,4.9,19,Lapu-Lapu City Cebu,True,4.9
z8iq,Hungry me,Filipino,5.0,945,Marikina,True,5.0
z8jv,Kurios Kitchen - Soleste Suites,Filipino,5.0,150,Quezon City,True,5.0
z8kk,Happy Lemon - SM City Fairview,Milk Tea,5.0,600,Quezon City,True,5.0
z8m4,Alfred's Crispy Pata ATBP - Manila,Rice Bowl,0.0,0,Manila,False,
z8pw,Frankie's New York Buffalo Wings - Greenhills,Chicken Wings,4.8,119,San Juan,True,4.8
z8t0,PICKUP COFFEE - Pueblo Verde,Coffee,5.0,713,Lapu-Lapu City Cebu,True,5.0
z8tx,Coffee Den Banawa,Coffee,4.0,52,Cebu City,True,4.0
z8y5,Nomad Coffee&Cocktails,Coffee,0.0,0,Quezon City,False,
z979,Palpitate Coffee - Sinagtala Batasan,Coffee,5.0,86,Quezon City,True,5.0
z9c2,Dairy Queen - Ayala Feliz,Ice Cream,5.0,12,Pasig City,True,5.0
z9fn,Teriyaki Boy - Jupiter,Japanese,4.8,80,Makati City,True,4.8
z9gt,Cocopan - N Domingo,Coffee,5.0,74,San Juan,True,5.0
z9hl,BagcalVille Food Hub,Asian,0.0,0,Manila,False,
z9jl,KFC - Marquinton,Fast Food,5.0,5050,Marikina,True,5.0
z9m2,Willjade Sisig Station (Wow Sisig) - AFP Road,Sisig,5.0,174,Quezon City,True,5.0
z9nu,Angkol'z Sisig House - Maa Davao City,Sisig,5.0,15,Davao City Davao Del Sur,True,5.0
z9qm,Marinduquenos Litson Manok - Bayanan Muntinlupa,Chicken,0.0,0,Muntinlupa City,False,
z9rs,Crust & Crumble Pizza - Labangon,Pizza,0.0,0,Cebu City,False,
z9sp,Garahe Burger & Burrito - San Jose St.,Burgers,5.0,3392,Mandaluyong City,True,5.0
z9ud,Mang Inasal - 138 Mall,Chicken,4.9,1693,Cebu City,True,4.9
z9wx,My Greek Taverna - Banilad,Unknown,5.0,115,Cebu City,True,5.0
za0h,Leiana’s Pizza Delivery - Maa,Pizza,4.9,199,Davao City Davao Del Sur,True,4.9
za19,Lugaw Daddy - Makati,Porridge,4.8,361,Makati City,True,4.8
za2y,MP's Cafe - Pasig,Beverages,0.0,0,Pasig City,False,
za5y,PUZZLES Takoyaki - Gaisano Grand Citimall Illustre,Takoyaki,4.9,23,Davao City Davao Del Sur,True,4.9
za7d,The Barbarians Cheesesteak - E Capitol Drive,Western,5.0,73,Pasig City,True,5.0
za7l,Chill Café - Rivera Street,Coffee,0.0,0,Dagupan Pangasinan,False,
zaac,Kampai - Makati,Japanese,0.0,0,Makati City,False,
zadf,Ali Bar Cafe & Dine - Villongco,Fish,0.0,0,Muntinlupa City,False,
zaf7,Domino's Pizza - Paseo Arcenas,Pizza,4.7,77,Cebu City,True,4.7
zajf,One World Butchers - Kalayaan Avenue,Bread,5.0,24,Makati City,True,5.0
zaks,Pause Pet & Family Cafe - SM MOA by the Bay,Asian,5.0,144,Pasay City,True,5.0
zanh,UrbaniTea House - Scout Ybardolaza,Coffee,4.7,36,Quezon City,True,4.7
zant,COKOJU Buko Shake - Pasig,Beverages,0.0,0,Pasig City,False,
zape,Kantin Riau Restaurant,Asian,5.0,65,Makati City,True,5.0
zb1g,Shell Cafe - C5 Logcom Northbound,Coffee,0.0,0,Taguig City,False,
zb4e,99 Peso Rice Bowls To Go - Quezon Avenue,Rice Bowl,5.0,92,Quezon City,True,5.0
zbb5,Bubble Tea Station - Gaisano Country Mall,Milk Tea,5.0,265,Cebu City,True,5.0
zbes,Yangchow Haus - Maunlad Homes,Filipino,0.0,0,Malolos Bulacan,False,
zbnc,Yoshinoya - Robinsons Place Manila,Japanese,4.9,423,Manila,True,4.9
zbow,"Sumptuous Feast - Proj 4, QC",Chicken,5.0,517,Quezon City,True,5.0
zbpo,Taho Klasiko - Loyola Heights,Desserts,5.0,59,Quezon City,True,5.0
zbu6,Sally's Homemade Kakanin - SM Mall Of Asia,Filipino,5.0,92,Pasay City,True,5.0
zbu9,Las Flores - Greenbelt,American,0.0,0,Makati City,False,
zbxs,Sugoi Ramen Bar - The Outlet,Ramen,4.7,16,Lapu-Lapu City Cebu,True,4.7
zbyg,Ar Haan Thai,Asian,0.0,0,Makati City,False,
zc3q,Lugaw Daddy - Kapitolyo,Porridge,4.9,111,Pasig City,True,4.9
zc8v,Teriyaki Boy - Metlive Mall,Japanese,3.7,22,Pasay City,True,3.7
zc8y,Pan - Pan Cakes and Pastries,Unknown,5.0,16,Pasay City,True,5.0
zcbj,Louie's Buko - SM City Manila,Fruit Shake,0.0,0,Manila,False,
zccb,Buzzed Station Cafe & Bar - Kamputhaw,Coffee,0.0,0,Cebu City,False,
zcdf,Krusty Waffle - Barangka,Milk Tea,5.0,251,Mandaluyong City,True,5.0
zce2,Egg Stop - Malvar,Sandwiches,4.9,65,Davao City Davao Del Sur,True,4.9
zchc,A-roy,Thai,0.0,0,Pasay City,False,
zchd,INTO D' WOODS CAFE,Coffee,5.0,59,Davao City Davao Del Sur,True,5.0
zchy,Marugame Udon - Greenhills,Japanese,5.0,1482,San Juan,True,5.0
zcm4,Buko Juan -  Arcovia,Fruit Shake,0.0,0,Pasig City,False,
zcv9,G-Point Manila,Western,0.0,0,Manila,False,
zcws,"But First, Coffee - Libertad Mandaluyong",Coffee,5.0,163,Mandaluyong City,True,5.0
zd8x,Wild Shakes Cafe - Agdao,Snacks,5.0,35,Davao City Davao Del Sur,True,5.0
zda0,Chica's Bagnet Express - Estrada Street,Filipino,4.8,156,Manila,True,4.8
zdbr,De'Xpresso Lounge - Felcris Centrale Quimpo Blvd,Coffee,5.0,12,Davao City Davao Del Sur,True,5.0
zdhk,Empress-Milkshake station - J Saavedra Street,Filipino,4.5,11,Davao City Davao Del Sur,True,4.5
zdlm,Timplang Pinoy: Filipino Eats - San Juan,Filipino,5.0,53,San Juan,True,5.0
zdo0,World Chicken - Venice Grand Canal,Chicken,5.0,142,Taguig City,True,5.0
ze1t,Hito de Dabaw - Matina Aplaya,Asian,5.0,43,Davao City Davao Del Sur,True,5.0
ze2e,Marcus Cafe - Bonifacio,American,4.9,232,Davao City Davao Del Sur,True,4.9
ze2q,Don Benito's - Susana,Cakes,5.0,79,Muntinlupa City,True,5.0
zedp,Max Mango - NCCC VP Mall,Milk Tea,5.0,474,Davao City Davao Del Sur,True,5.0
zeeb,Goldilocks - Lucao Mall,Cakes,5.0,137,Dagupan Pangasinan,True,5.0
zeg3,Tealive - Madison Gallery,Milk Tea,5.0,154,Muntinlupa City,True,5.0
zeil,PAUL Boulangerie and Patisserie - SM Megamall,Bread,5.0,63,Mandaluyong City,True,5.0
zeip,Chambee Milktea - Aguinaldo,Milk Tea,5.0,29,Quezon City,True,5.0
zeln,Chicken Star Culiat QC,Fried Chicken,4.9,211,Quezon City,True,4.9
zen5,BARAM PIZZA - UN MALL,Pizza,4.8,34,Manila,True,4.8
zenb,Mangan Tila Pigar - Sacred Heart,Filipino,0.0,0,Quezon City,False,
zesa,American Ribs & Wings - Sandoval Avenue,BBQ,4.9,287,Pasig City,True,4.9
zevk,Wright Wings - Abreeza Mall,Chicken Wings,5.0,99,Davao City Davao Del Sur,True,5.0
zf11,The Commons - MTS,Filipino,4.9,70,Davao City Davao Del Sur,True,4.9
zf1l,Baliwag Lechon Manok at Liempo - Taft Avenue,Lechon,5.0,205,Pasay City,True,5.0
zf3l,Tealive - Buendia Building Makati,Milk Tea,5.0,971,Makati City,True,5.0
zfc2,9098 Kopi & Tea - JP Rizal Makati,Beverages,4.8,103,Makati City,True,4.8
zff7,Baked Puff - Sm Megamall,Filipino,0.0,0,Mandaluyong City,False,
zfkn,"LOVE, KOPI",Beverages,0.0,0,Quezon City,False,
zfwg,Coffee Buddy - Malolos,Coffee,5.0,158,Malolos Bulacan,True,5.0
zfyx,Bagets Sizzling house,BBQ,0.0,0,Marikina,False,
zfzs,Starbucks - AT Yuchengco Centre,Coffee,5.0,65,Taguig City,True,5.0
zg2a,Why Chicken - Jones Avenue,Fried Chicken,4.9,1397,Cebu City,True,4.9
zg6v,Muang Thai - Malakas Street,Thai,5.0,209,Quezon City,True,5.0
zg7w,Anthony's Kitchen,Filipino,4.9,36,Cebu City,True,4.9
zgg8,Mister Donut - Ramon Magsaysay,Donut,5.0,73,Makati City,True,5.0
zgh2,Milktea Central - Malolos,Milk Tea,5.0,114,Malolos Bulacan,True,5.0
zgjh,Bang Bang Special Crispy Bangus - Kapitolyo,Lechon,4.9,29,Pasig City,True,4.9
zglq,OhMy Jeong Korean Corndog Don Antonio,Korean,5.0,130,Quezon City,True,5.0
zgn8,JM Shawarma - NCCC Maa,Shawarma,0.0,0,Davao City Davao Del Sur,False,
zgnw,Bwings - Project 6,Chicken,0.0,0,Quezon City,False,
zgrf,Silog Express Atbp. - Kapitolyo,Silog,5.0,847,Pasig City,True,5.0
zgse,Buffalo's Wings N' Things - SM City Marikina,Chicken Wings,5.0,56,Marikina,True,5.0
zgwu,Zutto Takoyaki - Dollar Street,Takoyaki,5.0,17,Quezon City,True,5.0
zgxw,Hong Ji HongKong Shi Fu -  Mall of Asia,Rice Noodles,0.0,0,Pasay City,False,
zgxy,Nolita Joe's - Makati,Pizza,0.0,0,Makati City,False,
zhas,Brisbane Street - Zapote Makati,Beverages,0.0,0,San Juan,False,
zhas,Brisbane Street -Zapote Makati,Beverages,0.0,0,San Juan,False,
zhaw,Sylvia's Bakeshop and Cafe - Gorordo Avenue,Unknown,0.0,0,Cebu City,False,
zhew,Honeybon - SM Megamall,Cakes,5.0,53,Mandaluyong City,True,5.0
zhfo,Manam - Arnaiz Ave,Filipino,4.9,907,Makati City,True,4.9
zhj0,Paotsin - Robinsons Easymart Boni Avenue,Asian,5.0,55,Mandaluyong City,True,5.0
zhlx,ROOFTOP Café Bar - Sandawa,Filipino,5.0,26,Davao City Davao Del Sur,True,5.0
zhuu,PARES Adventure - Salinas Drive,Pares,4.8,532,Cebu City,True,4.8
zhx2,Nineteen Degrees - Glorietta 4,Beverages,5.0,517,Makati City,True,5.0
zhxw,Siomai King - Uptown Transport Hub,Chinese,0.0,0,Taguig City,False,
zi0z,Hen Lin - Robinson's Place Metro East,Dim Sum,4.9,67,Pasig City,True,4.9
zi5h,Takoyakim - Pinagbakahan Malolos,Takoyaki,4.8,510,Malolos Bulacan,True,4.8
zi7d,24/7 Wings  - Malolos,Chicken Wings,4.9,177,Malolos Bulacan,True,4.9
zi8u,Fair Crown Suites - Juna,Asian,4.7,24,Davao City Davao Del Sur,True,4.7
zi9s,Tolit’s Chicken Skin Nachos - Tandang Sora,Chicken,4.5,29,Quezon City,True,4.5
ziag,Hungry Dog - Sambag 1,American,5.0,800,Cebu City,True,5.0
zicv,24/7 Super Healthy - Marikina Heights,Healthy,5.0,1979,Marikina,True,5.0
ziea,TOMO Coffee - Katipunan,Coffee,5.0,148,Quezon City,True,5.0
ziez,DQ Cakes - Gaisano Davao,Cakes,5.0,19,Davao City Davao Del Sur,True,5.0
zii0,JIDONG MILKTEA - Shore Pasay,Beverages,0.0,0,Pasay City,False,
zii0,JIDONG - Shore Pasay,Beverages,0.0,0,Pasay City,False,
ziis,Hunger Express Steakhouse - City Times Square Mactan,Indian,0.0,0,Lapu-Lapu City Cebu,False,
ziiz,Neapolitan Pizza x Sicily Pasta,Pasta,0.0,0,Manila,False,
zio8,Krafty Kitchen - Cabantian,Snacks,5.0,13,Davao City Davao Del Sur,True,5.0
ziy1,Thai Mango By Chef Kim - Timog Avenue,Thai,5.0,293,Quezon City,True,5.0
zizx,Gata Filipino Recipes - Jupiter,Filipino,5.0,4360,Makati City,True,5.0
zizx,Bagwings - Jupiter,Filipino,5.0,4241,Makati City,True,5.0
zjfn,Shanghai Saloon - The Podium,Beverages,4.9,206,Mandaluyong City,True,4.9
zjfs,Lazy Mondaes - Toril,Ice Cream,0.0,0,Davao City Davao Del Sur,False,
zjh3,Kodawari - BGC,Japanese,5.0,33,Taguig City,True,5.0
zjhn,Momiji Japanese Restaurant - Sampaloc,Japanese,4.9,55,Manila,True,4.9
zjht,Jojie Pizza - Deca Homes Esperanza,Pizza,5.0,11,Davao City Davao Del Sur,True,5.0
zjlb,Onyang Chicken Bagnet - Pinaglabanan,Chicken,0.0,0,San Juan,False,
zjmw,Thirsty Fresh Fruit Juices and Shakes - Super Metro Pajo,Fruit Shake,5.0,39,Lapu-Lapu City Cebu,True,5.0
zjri,Mt. Apo Iced Coffees by Humble Bee - City Mall Marbel,Coffee,3.8,15,Koronadal South Cotabato,True,3.8
zjx9,Randy's Donuts - One Ayala,American,0.0,0,Makati City,False,
zjz1,Rich & Neth Cafe - Muntinlupa City,Beverages,0.0,0,Muntinlupa City,False,
zjz3,WhiteOwl Cafe,Unknown,0.0,0,Manila,False,
zk2a,STOVEHOUSE,Filipino,4.9,46,Taguig City,True,4.9
zkee,Cupi. - Chinese General Hospital,Coffee,0.0,0,Manila,False,
zkem,Wolflink - Ayala Malls,Coffee,0.0,0,Quezon City,False,
zknx,Baliwag Lechon Manok at Liempo - Shaw Boulevard,Chicken,5.0,432,Mandaluyong City,True,5.0
zkvr,Ihaw ay Akin - Alabang Zapote Road,Filipino,4.9,140,Muntinlupa City,True,4.9
zkyf,Calle Bonifacio Cafe - Mighty Road,Coffee,5.0,174,Malolos Bulacan,True,5.0
zkzd,Haro Haro - Choice Market,Milk Tea,4.9,34,Pasig City,True,4.9
zl24,Seafood Mix - QC Ville,Seafood,4.9,260,Quezon City,True,4.9
zl75,Han-Nya Japanese Restaurant - Hotel Asia,Japanese,4.9,31,Cebu City,True,4.9
zl8b,De Original Jamaican Pattie Shop and Juice Bar - SM Jazz Mall,Filipino,5.0,241,Makati City,True,5.0
zl9k,Kimchi Kingdom - Quezon City,Korean,0.0,0,Quezon City,False,
zlcg,Dookki - SM Megamall,Korean,0.0,0,Mandaluyong City,False,
zlcv,CJ's Food House - North Ville,Desserts,0.0,0,Malolos Bulacan,False,
zleu,Kowloon House - Graceland Plaza,Dim Sum,0.0,0,Marikina,False,
zlfm,AGC Burger - Duljo Fatima,Burgers,5.0,12,Cebu City,True,5.0
zlgr,Subway - Sea Oil C5,Sandwiches,5.0,879,Pasig City,True,5.0
zln0,Lida's Restaurant - Mintal,Sisig,5.0,89,Davao City Davao Del Sur,True,5.0
zls0,Boba Block Milktea - Sampaloc,Milk Tea,5.0,4982,Manila,True,5.0
zlt0,Bobba’s Backyard Café - Scout Tuason,Coffee,0.0,0,Quezon City,False,
zltb,Jolly Bubble Taiwan Milktea Shop - Talamban,Coffee,5.0,282,Cebu City,True,5.0
zluc,Moritori - SM Araneta City,Rice Bowl,5.0,10,Quezon City,True,5.0
zlw6,Hangryboy Tapsilugan,Filipino,0.0,0,Lapu-Lapu City Cebu,False,
zlwo,GoDo - 168 Mall,Beverages,4.5,13,Manila,True,4.5
zlx8,Coffee Meet - New Lower Bicutan,Coffee,0.0,0,Taguig City,False,
zlxu,The Taste of Czaczacza Cafe - SM Marikina,Cakes,0.0,0,Marikina,False,
zm4f,Mansion Sports Bar and Lounge - C. Palanca,Burgers,0.0,0,Makati City,False,
zm8u,House of Sinangag - Jabson Street,Filipino,4.9,164,Pasig City,True,4.9
zmdu,Chai Nitai Sugarcane Juice - Anonas Street,Filipino,0.0,0,Quezon City,False,
zmht,Conti's Take Out Nook (Cafe) - One Ayala,Cakes,5.0,11,Makati City,True,5.0
zmlz,Yoly's Sizzling House - Rockville Avenue,Filipino,4.7,30,Quezon City,True,4.7
zmno,Singko Star Lucky Fried Chicken - General Ordoñez Avenue,Fried Chicken,5.0,30,Marikina,True,5.0
zmoh,Highland Brew Cafe - SM Center Dagupan,Coffee,4.9,36,Dagupan Pangasinan,True,4.9
zmye,Tokyo Tokyo - McKinley Hills,Japanese,5.0,105,Taguig City,True,5.0
zn3b,Kyushu Ramen - Masangkay,Ramen,5.0,340,Manila,True,5.0
zn3g,Ken and Co. - Zabarte Road,Coffee,5.0,17,Quezon City,True,5.0
zn8n,Orange Karenderia - SM City Cebu,Filipino,5.0,345,Cebu City,True,5.0
znbn,Uncle John's - Sto. Nino,Chicken,4.9,98,Marikina,True,4.9
zndl,Izakaya Hamachi - Finman Centre,Rice Noodles,4.7,14,Makati City,True,4.7
znhs,Brewed Delights - Mabolo Cebu City,Milk Tea,5.0,358,Cebu City,True,5.0
znlz,The Mangroves (Beholden Coffee) - Matina Aplaya,Filipino,0.0,0,Davao City Davao Del Sur,False,
znrh,Tomato Cannon - Maginhawa,Pizza,4.9,506,Quezon City,True,4.9
znxo,JuJu - Toril,Fruit Shake,5.0,27,Davao City Davao Del Sur,True,5.0
zo14,KAPE-Y VODKA - Zafiro Street,Coffee,5.0,11,Manila,True,5.0
zo2d,Kafeh Bistro - Session Road,Filipino,0.0,0,Quezon City,False,
zobl,Tealicious Tako.Yaki - Sunshine Mall Plaza,Milk Tea,4.9,12,Taguig City,True,4.9
zoc6,Fountainhead Bakeshop - Gaisano Capital South,Cakes,0.0,0,Cebu City,False,
zog9,"Diner Daddy: Burgers, Chicken & More - Makati",Burgers,4.9,550,Makati City,True,4.9
zojq,Happy Panda - Guilig Street,Pancit,0.0,0,Dagupan Pangasinan,False,
zol6,Gugu Manju - Robinsons Galleria Cebu,Desserts,0.0,0,Cebu City,False,
zolz,Don Benito's - Bangkal Davao,Cakes,5.0,115,Davao City Davao Del Sur,True,5.0
zook,Roddeeded Thailand Noodle  - Pioneer,Thai,5.0,178,Mandaluyong City,True,5.0
zosv,Duo Brew - Don Julio Gregorio,Milk Tea,0.0,0,Quezon City,False,
zowd,Happy N' Healthy -  Agno Food Strip,Healthy,4.9,343,Manila,True,4.9
zoyf,Kuya Tonyo's Wings to Sawa - Pandacan,Rice Dishes,4.4,57,Manila,True,4.4
zoyh,Thai BBQ Restaurant - Greenhills Mall,Thai,0.0,0,San Juan,False,
zp24,Hearts and Bells - Gateway Mall 1,Cakes,0.0,0,Quezon City,False,
zp6l,Vegan Wok - Legazpi Village,Healthy,5.0,98,Makati City,True,5.0
zpkr,Figaro Express - Charmview,Filipino,0.0,0,Taguig City,False,
zpot,Dashu katsu,Japanese,0.0,0,Quezon City,False,
zq21,Coffee Spot -Marfori,Coffee,0.0,0,Davao City Davao Del Sur,False,
zq92,Super Bowl of China - SM East Ortigas,Chinese,0.0,0,Pasig City,False,
zqeh,Chaboba - Intrepid Plaza - Libis,Milk Tea,5.0,244,Quezon City,True,5.0
zqgp,Nine Fresh - SM Center Pasig,Desserts,5.0,182,Pasig City,True,5.0
zqp7,Ohmy Jeong Korean Corndog - Robinsons Malolos,Korean,5.0,156,Malolos Bulacan,True,5.0
zqtt,D' Cup Coffee Republic - Pioneer Centre,Bread,5.0,39,Pasig City,True,5.0
zqyr,AIJ Takoyaki 24/7 - 508 Hen. Lacuña Street,Takoyaki,0.0,0,Makati City,False,
zr64,Sploop - Ecoland Subdivision,Fast Food,0.0,0,Davao City Davao Del Sur,False,
zra2,Babi Boba - Lower Bicutan,Milk Tea,4.5,244,Taguig City,True,4.5
zrar,The Sandwich Guy - SM EAST Ortigas,Sandwiches,5.0,50,Pasig City,True,5.0
zrb0,TD&CO. - De Dios Building,Donut,4.9,22,Quezon City,True,4.9
zrcw,Charcoal Boy Grilled And Oysters - Talamban,Filipino,5.0,256,Cebu City,True,5.0
zrep,Potluk - Opaw's Pao's,Asian,0.0,0,Cebu City,False,
zrfy,KHUTTZ Diner - Gyud Food Market,Filipino,4.8,59,Makati City,True,4.8
zrgt,Tuna Republik - La Verna Street,Seafood,5.0,1368,Davao City Davao Del Sur,True,5.0
zrki,Boxedout - Asturias St. UST,Western,0.0,0,Manila,False,
zrlm,Mexi-ko: Fil-Mex Kitchen  - Quirino,Asian,5.0,116,Quezon City,True,5.0
zrog,Mad Dog's Hotdogs - Taguig,Sandwiches,0.0,0,Taguig City,False,
zrot,Sakura Bento - Legazpi,Rice Bowl,4.9,106,Makati City,True,4.9
zs1e,Baliwag Lechon Manok at Liempo - San Agustin,Chicken,4.9,712,Malolos Bulacan,True,4.9
zs46,HITOLICIOUS RESTAURANT - Bangkal,Fried Chicken,5.0,123,Davao City Davao Del Sur,True,5.0
zs7p,Eomma's Korean Fried Chickin - Makati,Fried Chicken,4.9,162,Makati City,True,4.9
zsdv,Chefie's Special - Ilang Ilang,Sushi,5.0,110,Malolos Bulacan,True,5.0
zsjx,Tah-Mee - Ayala Malls Feliz,Desserts,0.0,0,Pasig City,False,
zsls,Mi Pastil - Katipunan Avenue,Filipino,0.0,0,Quezon City,False,
zsm1,Coffeemaybe Cafe - Artiaga,Coffee,5.0,19,Davao City Davao Del Sur,True,5.0
zsna,Corned Beef King - Makati,Rice Bowl,4.8,277,Makati City,True,4.8
zsp9,Fifi Juice Station - Junquera Extension,Fruit Shake,4.9,23,Cebu City,True,4.9
zspd,"Tapsulit Bodega Bar and Restaurant - Poblacion, Makati",Silog,0.0,0,Makati City,False,
zssp,Chinese Beef Noodles House - Pasay,BBQ,4.9,16,Pasay City,True,4.9
zst5,Boulangerie22 - Newport,Cakes,5.0,1913,Pasay City,True,5.0
zsz2,Amelia's Bulalo de Pugon - Pinagsama Taguig,Porridge,0.0,0,Makati City,False,
zt26,Healthy Lemon - Pembo Taguig,Beverages,4.9,32,Taguig City,True,4.9
zt2u,Selecta Ice Cream - P Santos Koronadal City,Ice Cream,5.0,528,Koronadal South Cotabato,True,5.0
zt6s,Hummus Express - Quezon Avenue,Middle Eastern,5.0,11,Quezon City,True,5.0
ztdu,DRJ Sing & Grill Restaurant Inc - Matalino Street,Korean,0.0,0,Quezon City,False,
ztgb,Highlands Coffee - Telus House,Coffee,5.0,1585,Quezon City,True,5.0
zti2,Betty's Sans-rival - Santo Domingo,Cakes,0.0,0,Quezon City,False,
ztln,Jin Joo Korean Grill - Bonifacio High Street,Korean,0.0,0,Taguig City,False,
ztqt,Cafe Cesario - The Bellavista Hotel,Ulam,5.0,15,Lapu-Lapu City Cebu,True,5.0
ztvy,Beef Street Burgers - San Juan,American,5.0,78,San Juan,True,5.0
zu1f,Chimmy - Shopwise Makati,Beverages,4.9,18,Makati City,True,4.9
zu1m,CoCo Fresh Tea & Juice - Ayala Malls Marikina,Milk Tea,5.0,9620,Marikina,True,5.0
zu3q,Marjo's Pochero - Gorordo Avenue,Filipino,4.9,1852,Cebu City,True,4.9
zua2,TOMO Coffee - LRT Baclaran,Coffee,5.0,42,Pasay City,True,5.0
zubz,The Canteen - Kamagong,Rice Bowl,0.0,0,Makati City,False,
zucp,KK's Burger Caniogan Pasig Branch,Burgers,0.0,0,Pasig City,False,
zudf,Bistro Bowlstar - Shaw Boulevard,Sisig,0.0,0,Mandaluyong City,False,
zudt,ONIGIRI MONSTER,Japanese,0.0,0,Taguig City,False,
zuhb,Vasso - USC Talamban,Milk Tea,5.0,72,Cebu City,True,5.0
zuil,Peri-Peri Charcoal Chicken & Sauce Bar - Up Town Center,Chicken,4.9,144,Quezon City,True,4.9
zuiu,Solo Pizza - Visayas Ave.,Pizza,0.0,0,Quezon City,False,
zujy,Mango Mania - Buhangin,Fruit Shake,4.9,10,Davao City Davao Del Sur,True,4.9
zun5,DQ Cakes - Kravers San Juan,Cakes,4.9,13,San Juan,True,4.9
zurh,Boss Takoyaki - Aurora Boulevard Cubao,Takoyaki,4.9,1722,Quezon City,True,4.9
zuyt,Gang Gang Boneless Fried Chicken - SM City Fairview,Chicken Wings,0.0,0,Quezon City,False,
zuz4,Mandarin Tea Garden - Robinsons Place,Rice Noodles,5.0,123,Valencia Bukidnon,True,5.0
zv2l,AJ Biryani House - Greater Lagro,Biryani,0.0,0,Quezon City,False,
zv5x,Popeyes Chicken - Festival Mall,Chicken,4.9,1851,Muntinlupa City,True,4.9
zvbr,Thirst and Toasts - Deca Homes Talomo Bago Gallera Davao City,Ulam,4.9,113,Davao City Davao Del Sur,True,4.9
zvd3,Oh Mango - Boni Halcon,Desserts,5.0,3543,Mandaluyong City,True,5.0
zvdr,Big Mummy's Express - Pilapil,Indian,4.4,53,Pasay City,True,4.4
zvdv,Famous Belgian Waffles - Northridge Plaza Congressional,Pancakes & Waffles,5.0,418,Quezon City,True,5.0
zvfp,Hooray Chicken - C Raymundo Pasig,Chicken,5.0,111,Pasig City,True,5.0
zvr7,Shakey's Pizza - Dagupan,Pizza,5.0,545,Dagupan Pangasinan,True,5.0
zw1b,LUNCHEONETTE in AbacaEats - Base Line Center,American,0.0,0,Cebu City,False,
zw7h,Madzoon - Makati,Healthy,5.0,103,Makati City,True,5.0
zwae,K-EGG - Bulusan DMG Mandaluyong,Filipino,0.0,0,Mandaluyong City,False,
zwbi,Cacao's Tapsilog and Snacks - Fort Bonifacio,Silog,5.0,2116,Taguig City,True,5.0
zwgy,Gracious Ice Cream - Lopez Jaena Street,Ice Cream,4.9,205,Lapu-Lapu City Cebu,True,4.9
zwi3,C.H.E. Chicken Inasal House - Savanah Building,Filipino,5.0,227,Makati City,True,5.0
zwmb,Denny's - Robinsons Cebu,American,0.0,0,Cebu City,False,
zwmu,CLT Cafe | 1300 Pasay City - FB Harrison,Coffee,4.9,90,Pasay City,True,4.9
zwmy,Holly's Coffee - Pusok,Korean,0.0,0,Lapu-Lapu City Cebu,False,
zwpm,Roasted Golden Ducklings Online Store,Chinese,0.0,0,Pasay City,False,
zx05,T.F.F. - Tarsier Fried Food - SM Mall of Asia,Fast Food,0.0,0,Pasay City,False,
zx39,Choi Silogan,Filipino,0.0,0,Cebu City,False,
zx7d,Turks - Maysilo Circle Mandaluyong,Shawarma,5.0,39,Mandaluyong City,True,5.0
zx8j,Hong Kong Style Noodles & Dimsum - Silangan Taguig,Noodles,0.0,0,Taguig City,False,
zxb3,Papa Dudut Lechon Manok - Winston Street,Chicken,4.9,114,Quezon City,True,4.9
zxd2,Bulalo World Express - Pioneer Center,Bulalo,5.0,283,Pasig City,True,5.0
zxe4,Talap Resto -  Gensan Drive,Ulam,4.9,182,Koronadal South Cotabato,True,4.9
zxiw,Potato Corner - Burgos Street Ormoc,Fries,4.8,10,Ormoc Leyte,True,4.8
zxm3,Nam Nam Restaurant - Plaridel Street,Rice Dishes,3.6,12,Cebu City,True,3.6
zxn8,Joniel's Cakes and Pastries - Cabantian,Cakes,5.0,221,Davao City Davao Del Sur,True,5.0
zxtd,Frank & Dean Coffee - Two NEO BGC,Coffee,0.0,0,Taguig City,False,
zxtv,Thirsty Fresh Fruit Juices And Shakes - SM Seaside City,Fruit Shake,5.0,204,Cebu City,True,5.0
zxyh,New York Buffalo Brads Hot Wings - Nustar Resort,Chicken,0.0,0,Cebu City,False,
zxz1,Boss Corner - Holy Cross Drive,Fast Food,0.0,0,Davao City Davao Del Sur,False,
zy1a,Hearts And Bells - SM Mall of Asia,Cakes,5.0,79,Pasay City,True,5.0
zy1t,Candy Corner - Mall of Asia,Desserts,5.0,12,Pasay City,True,5.0
zy4e,Sunshine Bakery - Ecoland,Bread,5.0,150,Davao City Davao Del Sur,True,5.0
zy57,Texas Roadhouse - S'Maison,American,0.0,0,Pasay City,False,
zyf8,Love Cafe - Taguig,Asian,5.0,63,Taguig City,True,5.0
zyjg,Balamban Liempo - Sugbo Mercado,Filipino,4.9,501,Cebu City,True,4.9
zykt,Shawarma Shack - Metro Poblacion Talisay,Shawarma,5.0,354,Lapu-Lapu City Cebu,True,5.0
zyor,Taco Bell - Kravers Pasig Kawilihan,Wraps,4.9,517,Pasig City,True,4.9
zyr7,Señora Sisig Bar - Sugbo Mercado,Sisig,4.9,37,Cebu City,True,4.9
zyut,OctoBb’s Takoyaki - Catalunan Pequeno,Takoyaki,4.9,164,Davao City Davao Del Sur,True,4.9
zyv1,Shifu Chinese Restaurant - Maa,Ulam,0.0,0,Davao City Davao Del Sur,False,
zyvj,Buko Juan - LRT Anonas,Beverages,0.0,0,Quezon City,False,
zyvy,IN Cafe Bar - Intramuros,Coffee,5.0,50,Manila,True,5.0
zyvz,TOMORO COFFEE- Xentro Mall Malolos,Beverages,0.0,0,Malolos Bulacan,False,
zyy6,Shawarma Shack - Alphaland Southgate Mall,Shawarma,5.0,56,Makati City,True,5.0
zz04,b.a.kafei - Bangkal Street,Chicken,5.0,465,Davao City Davao Del Sur,True,5.0
zz04,b.a.kaefei - Bangkal Street,Chicken,5.0,432,Davao City Davao Del Sur,True,5.0
zz3k,Go Chicken - One East,Fried Chicken,0.0,0,Marikina,False,
zz5a,Hap Chan - Pasig C. Raymundo,Chinese,4.9,188,Pasig City,True,4.9
zz5c,Gong cha - MOA South Footbridge,Milk Tea,5.0,158,Pasay City,True,5.0
zz6h,Jordano's Inasal - Tondo,Chicken,0.0,0,Manila,False,
zz84,Mabini BBQ Haus - Damosa,BBQ,4.9,200,Davao City Davao Del Sur,True,4.9
zz9f,Hungry Humans - Central Signal,Chicken,0.0,0,Taguig City,False,
zz9w,Saigon Chef,Unknown,4.9,33,Mandaluyong City,True,4.9
zzdp,PICKUP COFFEE - Jetti Macapagal,Coffee,4.9,127,Pasay City,True,4.9
zzfw,Chooks to Go - Greenwoods Pasig,Chicken,5.0,585,Pasig City,True,5.0
zzg4,Xocolat - Katipunan Avenue,Western,5.0,101,Quezon City,True,5.0
zzhr,Cafe Phia - Mamay Road,Biryani,0.0,0,Davao City Davao Del Sur,False,
zzn1,Fish2Go - Hulo,Seafood,4.9,18,Mandaluyong City,True,4.9
zzq6,BRB-Bau’s Rice Bowls - Adela Street,Rice Bowl,4.9,45,Manila,True,4.9
zzsh,Goto Tendon - BGC,Filipino,5.0,868,Taguig City,True,5.0
